run,b1.lam,b1.r,b1.rho,b1.eta,b1.kappa,b1.lz,b1.gamma,b1.delta,b2.n_heads,b2.kernel_frac_r2_median,b2.measured_attention_r2_sp4,r2.b1.sp4,mae.b1.sp4,r2.b2.sp4,mae.b2.sp4,r2.b1.sp2,mae.b1.sp2,r2.b2.sp2,mae.b2.sp2,r2.b1.sp8,mae.b1.sp8,r2.b2.sp8,mae.b2.sp8,r2.b1.swap4,mae.b1.swap4,r2.b2.swap4,mae.b2.swap4,r2.bf.sp4,mae.bf.sp4,r2.c2.sp4,mae.c2.sp4,r2.bf.sp2,mae.bf.sp2,r2.c2.sp2,mae.c2.sp2,r2.bf.sp8,mae.bf.sp8,r2.c2.sp8,mae.c2.sp8,r2.bf.swap4,mae.bf.swap4,r2.c2.swap4,mae.c2.swap4
E1_h0.01_e0.1_L2_alibi_learn_attn_s0,-1.8716589653223588,-2.8289501299176707,-2.95205152676334,0.9204267963552665,-1.9999999999999998,-5.112958705564951,2.2359097600115367,-0.23088399105111795,4,-0.4152430339954706,0.9889999612525765,0.8518021420494011,0.6676993236228493,0.32329285810413844,1.9239584915945702,0.8523427394758241,0.6298539804753739,0.3536335145210412,1.8696189176761817,0.7561792856607272,0.9516352535326027,0.27616435720929433,1.8863009906302344,-578.531249714901,1.100413658567231,-143.10575500272438,0.5051491448839279,0.9369704241351396,0.5072860241596728,0.8017649021201677,0.9973146154083684,0.9160918633017808,0.6255179582869984,0.789061617419206,1.039606142929184,0.9209983195672414,0.5364142697033231,0.78365942357032,0.9345711871090092,-60.81786709263959,0.6646238355149331,-4242.555689936811,4.955873285519149
E1_h0.01_e0.1_L2_alibi_learn_attn_s1,-2.557621038737249,-1.6047025802318784,-2.2231035312499494,0.2673983226273472,-1.9999999999999998,-3.953634511239312,2.201054317891283,-0.14998633705275294,4,0.029982715379403835,0.9736528807662527,0.9820413003427843,0.22827318915247213,0.5657507021984711,1.4311522529027607,0.9772212626598362,0.2749487189137145,0.5812660188635188,1.4132093110967598,0.9750986864061021,0.2934631950226939,0.49860468205882036,1.5107142786620489,-359.9022499237621,1.0427312782279663,-1067.8624924263486,2.842102006723514,0.947580915708078,0.4380700599206613,0.8655920968920254,0.7412220064354657,0.9314817741536328,0.5130741853813922,0.8732474648319958,0.6819325277652027,0.9357883047921411,0.4625746433227732,0.8248729524327263,0.7848730505642205,-19.85932450737666,0.3918075083542712,-689.3553263875325,1.7783743706628736
E1_h0.01_e0.1_L2_alibi_learn_attn_s2,-1.7041405641366765,-3.633382565170819,-3.3375033781048,1.1693185850809913,-1.9999999999999998,-6.2769161729536815,2.181418796140148,-0.20217127144230884,4,-0.47703464346838176,0.9892829379932017,0.8673134972768781,0.6284067482997081,0.3036159576152476,1.9640787914567106,0.8486307135168115,0.648696509425772,0.33923768352556194,1.907376039403921,0.7628026605032293,0.9283346018362979,0.2526445347515238,1.9396212241325812,-907.9373041280616,1.253496791856348,-163.3362758757211,0.4887235854439024,0.9394642501807258,0.5001016460071693,0.7902144711678688,1.0297303332156662,0.925306044435137,0.5906964207351134,0.7784121560649626,1.0797704062100808,0.9289699948234292,0.5163362781919131,0.7703098655374149,0.9717216693680628,-86.41706954247161,0.7257249783069847,-5068.593217520128,4.99011235418557
E1_h0.03_e0.2_L2_alibi_learn_attn_s0,-1.8146487897419668,-2.473058084172842,-2.2995990739828596,0.46250228599297866,-1.9999999689505839,-4.650374095805141,1.6980194109394091,-0.30411922417928655,4,-0.25131438528382,0.9493734798644291,0.9186323666900452,0.3281119988481178,0.3516199941142717,1.3598019835166169,0.914093420169851,0.4215454442013667,0.36034308455764674,1.412992645507814,0.8589045027227701,0.49824412515414546,0.3257142526457726,1.1551786578534915,-272.5230673722789,0.7999883778790886,-30460.150300150854,13.353256338662163,0.9521790108603976,0.334271982045001,0.8114170399097649,0.6883736777421959,0.9300664742842796,0.4466649849804595,0.7849699583155563,0.7982057322579017,0.9236850281242022,0.3754265569817285,0.7927353478785198,0.6136167272269573,-7.676146417954621,0.2083359103710748,-2356.9360238399718,3.225516257238732
E1_h0.03_e0.2_L2_alibi_learn_attn_s1,-1.8514101806117103,-2.1219415425786843,-2.5731532269152977,0.5304492767494461,-1.9999999999999296,-4.751692709951751,1.620357469317085,-0.14919657050399868,4,-0.08908494417668966,0.9536372417879285,0.9672386286428647,0.21459202743848252,0.4052974331062087,1.3100816606624974,0.9555632648958912,0.31575212604541203,0.4279194871433457,1.3253990083231777,0.9225194684118745,0.37170885976280593,0.3668589709161314,1.1375008609579285,-248.99291618331452,0.585209184134979,-7974.895748503441,5.77383515574344,0.951581404374612,0.3308529429437284,0.8342609246230863,0.6307195053552294,0.9318239604533136,0.4181767845560385,0.8226907605199967,0.6672862423892484,0.920747741749242,0.366837498923767,0.8151367031790219,0.5858370276970161,-15.038927056358308,0.2487902798488661,-899.9381189688414,1.5527958535183923
E1_h0.03_e0.2_L2_alibi_learn_attn_s2,-1.8054805881937914,-2.717872805109752,-2.5190746105572077,0.4738037650170799,-1.9999999867419194,-5.158960630757036,1.6758579059229197,-0.3167916695461422,4,-0.17642301524346526,0.947201063582874,0.943849261641301,0.2678800376687897,0.3721808054305389,1.359321398599658,0.9327320670921889,0.37440486681466584,0.3958273896141754,1.3653068060807374,0.8843916174059977,0.45795131376108794,0.3140729753351674,1.2358643419096143,-368.34287107306164,0.8395688273606906,-1395.6710906693672,2.5236891686859386,0.9501773915645724,0.3343818472635269,0.8151370565601879,0.6767208289996225,0.9303677967469408,0.4233567121108992,0.8030020034362321,0.721047704088401,0.9308153917417048,0.359548302455888,0.7812812806954631,0.6575832782210352,-13.463922456611549,0.2441954686143288,-841.4479697877315,1.5777034438712891
E2a_h0.01_e0.1_L2_learned_abs_attn_s0,-2.7814078114910323,-1.5863883704447936,-1.5729289917913578,-0.08563015734011578,-1.9999999999999998,-3.1718090321128676,2.1180386017702633,0.1582045738243954,4,-2.218792945469313,0.9794435977412098,0.9796312358228143,0.2088558579069966,0.34740803733850967,1.4645215562518703,0.9706599751129574,0.2656490378544853,0.3122485957663077,1.3598259528075864,0.7559220079139346,0.8608443976504709,0.25883558311404986,1.75652643771836,-860.9705788949595,2.0758471319292364,-381218.4338215477,53.5282703224417,0.9516859451552082,0.3254600158567867,0.8774086360770226,0.5959860285274134,0.9123760370027278,0.4071969584233505,0.8732521358781263,0.5722646494005643,0.6658873145265558,0.9784601999402036,0.7167793703790335,0.9536210347350464,-123.89799746677932,0.958809448759219,-750.9085111806157,1.898584005266725
E2a_h0.01_e0.1_L2_learned_abs_attn_s1,-2.790329673133378,-1.2866380973907308,-1.2541313253856232,-0.17994459426287024,-1.9999999997486306,-2.4385550919721344,2.4356542819328943,0.359188795376369,4,-1.7125731064110228,0.9599657024423405,0.9678983134941148,0.2836589471668313,0.45693170626291746,1.368908866004302,0.9607002175393216,0.3383699265455891,0.4057965750963265,1.3583513597377963,0.9282802608200987,0.44485777896064516,0.368565806271991,1.4344861508828808,-1038.321517355214,2.2689806849393017,-729244.7471955882,72.5912830562286,0.9465086618999046,0.3527679310848803,0.8814040948015264,0.6160343512781642,0.8950508193183444,0.5195086344913398,0.8575874736967869,0.6859526086710742,0.9440180678028108,0.3364361586779814,0.8656331762157653,0.6241729077665364,-126.02311310911249,0.952583562662204,-233908.52001175104,41.06589887159
E2a_h0.01_e0.1_L2_learned_abs_attn_s2,-2.477450650884713,-1.0648889786737734,-1.9236308580779584,0.4704308560406077,-1.9999999999999998,-2.978457067451775,2.098914457904914,0.29660833809723225,3,-1.4321586909850894,0.9822913536208765,0.9465893977243366,0.40945217037369286,0.3820815521662234,1.6937766395812293,0.9043033526933536,0.5454246083129809,0.25828326936347856,1.6829268953877272,0.9060803440263723,0.5401977048928791,0.29373913357539405,1.7102702220099495,-343.40559913369947,1.5395789765326562,-126952.23038847998,38.32269205731175,0.9213383569884664,0.5131619242220874,0.8703865557676512,0.7386968511009938,0.776221925027686,0.8063034964557322,0.783246320990171,0.858322807832157,0.9318067442370584,0.421814162389663,0.8173108095009105,0.8158151413474999,-66.75473959690514,0.8771955795636776,-144342.87160546996,40.79858672957929
E2a_h0.01_e0.1_L2_rope_attn_s0,-3.903698789918396,1.6467629984166496,-1.0759106045445752,-0.600624144852477,-1.9999999999999998,3.1359726744471947,59.99999999999999,11.798825228942361,4,-1.6555566094237457,0.9838103051544275,0.8923205166135799,0.7426066144496213,0.4325038366739342,1.780329543992598,0.6818616368874554,1.2581681030922884,0.3468896416074123,1.9245272985450632,0.6784969717929348,1.2029024321279482,0.3958313037939416,1.6523462680398773,-1592.164125972925,2.71226301039094,-2904541.625350599,140.83560874412066,0.9474345829352574,0.490193596910527,0.8892018816472022,0.6901840195282334,0.920724797807604,0.6748393870720734,0.5973085127216233,1.4027976887517637,0.944040616541655,0.4833766881105301,-0.0453380621910264,2.273613298319119,-7.255458287868262,0.2223860394119406,-2748.42148156383,3.3427245987148413
E2a_h0.01_e0.1_L2_rope_attn_s1,-4.005933638895362,0.6487897624491518,-0.11182831348501983,-0.7015815026409535,-1.9999999999999998,2.760563043689789,59.999999999999005,15.269437137730769,4,-0.8359115742694572,0.9875241142589706,0.8814285529523422,0.8195255803019675,0.41460692620520523,1.8411132867720388,0.6578019348913795,1.2911683995992245,0.31361357231104703,1.9620164418823713,0.5606287636157032,1.4243705648394027,0.41396535927222977,1.718837841262189,-27163.41547096075,16.167059055808117,-109433.99854911833,33.061391602421345,0.9549989371517718,0.4613210432188802,0.8688725618700144,0.8125026867764491,0.913549680235456,0.6569878295039551,0.7399860130760756,1.0847433706857683,0.9690218412729992,0.3428521453041485,0.7907278609888844,0.9373190054486408,-2.263980736311073,0.1492863280984949,-4263.648642288842,5.72442176943847
E2a_h0.01_e0.1_L2_rope_attn_s2,-4.353902338172071,0.9366170133180222,-0.27232687157237595,-0.7272567696937983,-1.9999999999999998,2.8035915507948515,59.99999999999989,16.877054240968583,4,-2.001280318514909,0.9828097367656689,0.862637185161759,0.9008018262609593,0.34713369437208785,1.9951727203318061,0.7212672700281204,1.1631876847751597,0.33561183617667256,1.886887768566723,0.719373803108441,1.1579488902838757,0.29781242415341014,1.9612308517346249,-37044.69317110483,15.571258823972457,-5543624.885590278,193.03642634680475,0.9457734401409844,0.5097524554923847,0.8527128952274654,0.8107622314178833,0.9157521233913694,0.641602746498724,0.1786203928674241,2.059587401420066,0.9466795618664512,0.4947393041894381,-0.5518783319136078,2.9505259524024927,-8.751292542438822,0.2420184238776878,-2658.982106760947,3.1376164571001794
E2a_h0.03_e0.2_L2_learned_abs_attn_s0,-3.0211008767717984,0.5324885653119645,-0.1083978204782536,-0.6371799718969587,-1.9999999999999998,0.17657572256810017,3.9524372720690137,5.11850861683313,3,-0.1305734243518677,0.9664268708585363,0.9674191655172932,0.1401617591587718,0.7313999586645863,0.41026219653238316,0.7519068248386077,0.4430570241613761,0.7082602542409334,0.4735474696094611,-0.13889772780981002,0.985384764198929,0.47014615521092173,0.6381539737501283,-19694.852708849845,5.563943775908819,-37496.18845289698,7.778860758255207,0.9192772264890716,0.1981664093470485,0.9482559225461948,0.1747468546886389,0.7912893839235862,0.4197242743668012,0.8758872840619905,0.2808469994502239,0.5862761971822332,0.5532840622656318,0.7517329447671119,0.4071912114772238,-757.8342984619815,1.1095475029882524,-9778.18240407401,3.796261960807573
E2a_h0.03_e0.2_L2_learned_abs_attn_s1,-3.850872071568177,0.08940964165798557,-0.025291053826160682,-0.7386477104112833,-1.9999999956357357,1.9196300226316074,20.00862483850857,6.22159095713023,4,-1.3367495439862982,0.9581273839423806,0.8403978894803148,0.46749565623557876,0.4559113828008471,0.8724051570049981,-0.23917533588020357,0.9276708932031268,0.2343420588323285,0.6830543330107621,0.1308140342292231,1.142704818956183,0.42063682012151293,0.9604096790682422,-40464.78768545783,8.813820770943915,-1951470.947704202,63.09922912016729,0.962508417648631,0.2080558223523408,0.7722137347990253,0.5746082823485459,0.1752857993905294,0.6603150060712163,-103.90671461987404,9.722035891737477,0.7015063901393896,0.6416132925905303,-8.796978008606594,4.39395055642906,-132.33312762343033,0.5192991742170217,-1119.7422231645198,1.200311593492274
E2a_h0.03_e0.2_L2_learned_abs_attn_s2,-3.5758247274495756,-0.10425380037736287,-0.2641726080707764,-0.798985748558346,-1.9999986132970695,0.4535379982319522,5.549471579125068,3.1864078276118284,3,-1.288061929973067,0.9787269401618782,0.9473692875394439,0.1687878297608964,0.5927826182515656,0.578145596643127,0.8849389749544017,0.2813363806505125,0.6169598272544818,0.5508749313755755,0.5920211385711519,0.5703382705792682,0.46491307392688963,0.7346641556669999,-8042.435477803956,4.9495086673693915,-2103.10498359953,2.560072136010785,0.914765828886251,0.2109711321481504,0.8651086723237154,0.3099268603476657,0.8493006143539815,0.3225226490178042,0.8682158830022344,0.2957363410670685,0.7769044843976115,0.4365711198546818,0.7384117231082024,0.4571974233354807,-383.6968081149846,1.1158216763168851,-749.5073603514222,1.3438083127858589
E2a_h0.03_e0.2_L2_rope_attn_s0,-1.6407596803164362,-2.5329114468162084,-2.768836975560765,1.2232656220305953,-1.9999999999999916,-4.582208032203478,1.7789497524071698,-0.5303233686308343,3,-1.1356096553565673,0.932921501381561,0.8666934011277726,0.5450383170094921,0.3556818393378195,1.5089274283754865,0.7684564642280518,0.6990326474783036,0.22958880082760502,1.5592230707013905,0.8129276452666635,0.6541043770854793,0.38286888648572237,1.2899825048212819,-821.7061116949359,1.0242337851800958,-463995.4938417169,34.22591940767201,0.965554327752464,0.3204827810880954,0.8288700342241122,0.7390867120033399,0.8848014661115209,0.5849626466929104,0.7074586463406758,0.9158366808298168,0.950588752086215,0.3435259500767875,0.8141355438092128,0.6615279176010382,-10.143042109532391,0.1593535791398998,-7059.575084755351,3.608067618401764
E2a_h0.03_e0.2_L2_rope_attn_s1,-1.630327850556332,-2.9325090503441626,-2.7519455281985987,1.1348389185302454,-1.9999999999999998,-5.061454464037914,1.7480819559819276,-0.5292434019661526,4,-0.25226499073762054,0.9420435315143372,0.8747169898972776,0.516600368285484,0.39457025539007573,1.4369992944531191,0.8473497871898426,0.5478712599662848,0.39365424889602385,1.4640150860188734,0.7903517365031303,0.6966903594163311,0.43599478589888885,1.2504947239669135,-498.90754028365694,1.0537528533389144,-282.6500311580162,1.0639042498794427,0.9639116735565292,0.3171053641396634,0.8179702250714653,0.7450376773764473,0.9442251535317416,0.4176010172816516,0.7964183302318021,0.8291186227069297,0.902321699823473,0.4755228918662358,0.7804911141205514,0.7080321621828833,-0.2214377512028342,0.0552730211213936,-3600.379193978422,3.5142115471634257
E2a_h0.03_e0.2_L2_rope_attn_s2,-1.5273116309314891,-3.239555272492433,-2.97657318407181,1.2707319173288194,-1.9999999999999998,-5.562429108237861,1.7215205827538587,-0.5693083391236465,4,-0.4611208779874064,0.9383352950208713,0.8735277715486506,0.5235828474634839,0.38468275366141835,1.4464589838306527,0.8367584596004389,0.5632713289608755,0.3634106702540897,1.4960518869318946,0.76507266480522,0.7482820633430579,0.41836515939348307,1.2855824999944596,-580.6333614089971,1.1016511838680236,-471.58309861462396,1.3266215625914002,0.9640597563680204,0.3086789861710404,0.8149173947003197,0.7473803671439085,0.9403441147479884,0.439650797734829,0.7798157772053848,0.879370308875378,0.8976328554545182,0.488350197854658,0.767565380607752,0.7358163347786465,-0.9058593717880918,0.0700134707970812,-3983.875143616018,3.467993620315577
E2b_h0.003_e0.05_L2_alibi_learn_attn_s0,-4.463594333194161,-0.8630386216450859,1.0713886740195457,-0.8508757351900711,-1.9999999999999998,2.0136035383787068,59.999999999999986,19.999999999999996,4,-0.4649340246265621,0.9839988552625469,0.8451280042693696,0.9355292717968735,0.42132093796397574,1.809598475137862,0.7936096585779504,1.1188509771775197,0.42285375005925063,1.8183249550349194,0.6513682358725279,1.3610982537352092,0.38916701400828446,1.8759361324858932,-583674.5466355579,56.64776853288792,-446.5072504360429,0.9915338589114019,0.949500083390547,0.4852632002517132,0.828018027160685,0.9555517534920018,0.9313237087101,0.5748661303262882,0.8226459630343125,0.9967632928506724,0.9285031187316996,0.6090679205111013,0.810587111270965,0.9253365606374316,-315.77904602598505,1.345177521208096,-7589.766804300194,5.986077180361262
E2b_h0.003_e0.05_L2_alibi_learn_attn_s1,-2.148639436077275,-3.286280656968193,-3.5514413436116055,1.216281038472817,-1.999999999999969,-5.7720418180257065,2.564731941279513,-0.12632990223100884,4,-0.7922297796015402,0.9863945292798074,0.8461281896807495,0.7944011719647008,0.3252025580626817,2.021269582174761,0.8567621823718607,0.70781493805203,0.3264441091093627,1.976988061578954,0.7682570580106297,1.0548010837088537,0.2977631869655666,2.080734448093121,-1751.8937386420444,1.9012980480619617,-5498.280279520286,5.613762782167643,0.9342888408881608,0.5619454182921405,0.5990238932750613,1.613017952446374,0.9269975331329964,0.6116511152555583,0.5769336440926163,1.6455275278751682,0.9135615200134806,0.6480865387631265,0.5360009926981573,1.570052466355388,-235.29753459195297,1.188012692944568,-9696.327928833633,7.256675996873068
E2b_h0.003_e0.05_L2_alibi_learn_attn_s2,-1.8880660457207359,-3.4635379900560475,-3.956957707885639,1.481377610939016,-1.9999999999999998,-6.3719818425727786,2.420557455610602,-0.1430831334415061,4,-0.688290611931959,0.9904766158099972,0.812579243278653,0.9309786176415692,0.3108892217239233,2.1469345792142582,0.8319778020843256,0.811984030089591,0.3199032946447786,2.0824627942928977,0.7192015869149704,1.2751992695485437,0.26629916206059856,2.2596351483704136,-930.2103809182705,1.5850380083862672,-338.76702260024774,1.093062742984263,0.9307492163488412,0.6156184790352458,0.7878321226749997,1.0976611071342892,0.92419092759148,0.6286789563368533,0.7866172655605627,1.1273289468727508,0.9025621193822132,0.741166971226586,0.7650228883635919,1.1151590125199926,-200.31858213919855,1.3069093415012307,-4714.003000528962,5.789929824971959
E2b_h0.003_e0.1_L2_alibi_learn_attn_s0,-1.897683228209719,-4.598313083955023,-4.539645847180733,2.076578076506253,-1.9999999999999998,-7.512525658816593,1.766967749816239,0.05398470867890917,4,-0.6574857881944548,0.9838780236516944,0.8344655365733733,0.6261980807444072,0.33721233965088115,1.386840657883609,0.844718051453077,0.55280414285994,0.3441870284856534,1.3599696201110594,0.7652572161227231,0.7602926269889329,0.29750212307987456,1.4601499963134008,-1992.1077115323856,1.8240306600795033,-589.8884807177589,1.32280149229241,0.9383268882125771,0.3879660018471978,0.5940277840753717,1.1276288354514037,0.9299655830591098,0.4314128076167537,0.576862857149469,1.166368255593754,0.9328603710300304,0.4041727324865388,0.5203556063841666,1.1163614081598672,-2.044088256811877,0.098612161271232,-8334.516856086322,5.581645821991091
E2b_h0.003_e0.1_L2_alibi_learn_attn_s1,-1.682989184315628,-5.999999997365332,-5.999999995294012,2.171267580094002,-1.9999999999999998,-10.393760644843256,1.8523646903842634,0.0075217326683412475,4,-1.0952324149634856,0.9840431943221534,0.8363039935208174,0.5892283828278876,0.25306739988912663,1.4640531086685102,0.8199664148303207,0.5354947815868113,0.26648864021777485,1.4186372771448816,0.7277957061149714,0.7861181737997044,0.2135576808039601,1.5305332929557873,-2257.3398508568903,1.5158909672621719,-936.1494676295174,1.5265425795335257,0.9319229506712452,0.3998129690261627,0.5331455805284999,1.2083134575081824,0.9261076113428992,0.4327362179621969,0.5159778814920652,1.255348917747835,0.914089907381296,0.4483660492623032,0.4786499234844071,1.1624281558170446,-13.911932067161205,0.1971369574983308,-10568.89915047506,5.539613534607533
E2b_h0.003_e0.1_L2_alibi_learn_attn_s2,-1.632963480438896,-5.999999984408205,-5.999999948415502,2.42048598156784,-1.9999999999999998,-10.28259652828369,1.8482859982701718,-0.06439989437446889,4,-0.8333167658039378,0.9879337942328806,0.8436546576842179,0.6297614838863919,0.280617766981775,1.521518866676408,0.8427027505208431,0.550563111860398,0.29413879614274574,1.465489743704696,0.7577219711040066,0.7848053922293138,0.23328438861896872,1.599963974121128,-2338.4724699174326,1.479205010265804,-3696.6465408422973,3.262783943478652,0.935217627477856,0.4199213644522914,0.5702782178904793,1.2141971982252937,0.9330414541681736,0.4327455085185277,0.552853725027741,1.2526712090547345,0.9331103919023098,0.4192302556078456,0.5122352929959133,1.1808256882606778,-2.242963521554567,0.0703144675601697,-11268.10621981702,5.626469227832253
E2b_h0.003_e0.2_L2_alibi_learn_attn_s0,-2.1545164692572927,-5.999999988943783,-5.999999999678423,1.9496606175849394,-1.9999999999999998,-9.71646290388384,1.33461680462538,-0.06534209389218278,4,-3.4261235222517445,0.9801855772899399,0.8053987034359787,0.29998007084052275,0.17128692826107395,0.6810913198394238,0.8106042485549539,0.28298607756407673,0.1679619128455997,0.6488312150377461,0.7131044054228033,0.34779029572110776,0.13192008845584635,0.7503667662183136,-3065.824264950345,1.222896073405769,-983.5402709090313,1.1354575160008356,0.8733394505950052,0.273532872959147,0.4017605564145453,0.6206075668181025,0.8642156510382343,0.2898686358428399,0.3906132706986236,0.6137408781685385,0.8588220806216667,0.2777217208985519,0.3849666035852208,0.645739670974654,-2486.909830073122,1.8609424763543236,-8335.25015758734,3.300857787596932
E2b_h0.003_e0.2_L2_alibi_learn_attn_s1,-2.1837342221829346,-5.999999923642906,-5.999999942913282,2.0451062886584848,-1.9999999999972158,-9.58170263920012,1.4128920157991294,-0.1454151209555886,4,-2.664298500072799,0.9856076224586733,0.7757458639212624,0.32899205146533905,0.15981147009952723,0.7117556128336642,0.7941919825962425,0.31428661970934435,0.16529550687845973,0.688936752852494,0.7075705243835926,0.3630965671086846,0.12549822477523187,0.7720039967473602,-4110.427123325969,1.3274047213223412,-1929.1888287777101,1.464478277609113,0.8785300510192247,0.284201728593005,0.3871377032093881,0.6653651943102306,0.881754049457258,0.2922650386419023,0.3849843444136118,0.6659319899666681,0.871513065585864,0.2898352001791727,0.3709393962639614,0.6761496246234265,-8722.893774441856,3.180314473856843,-10542.83596374436,3.377606574573626
E2b_h0.003_e0.2_L2_alibi_learn_attn_s2,-2.1778690931039137,-5.999999921670429,-5.999999915951676,1.9525161515846137,-1.9999999999999871,-9.685940625106634,1.3589319850088344,-0.06542837905858599,4,-3.1276545611808566,0.9871422520051685,0.8077713262841995,0.2901587476452505,0.15262398323658133,0.6718875652971809,0.8111529984859568,0.2722365296366464,0.1531428817561109,0.6404324604428877,0.7366188094794217,0.3321373888972015,0.11763176012252818,0.7432845528312313,-2932.9274756453005,1.259359150769839,-657.470562848716,0.9640742282004167,0.86661873861799,0.2896387395408566,0.3812062146371443,0.6236302748431448,0.8611419802499625,0.3054841756334563,0.3701340559954974,0.6208028796346048,0.8688076359679939,0.280674634128808,0.3686268444709731,0.6487824058187874,-3811.316440915044,2.408893911624973,-7535.085254123667,3.283053582748185
E2b_h0.003_e0.3_L2_alibi_learn_attn_s0,-2.1789695931789557,-5.999999884333812,-5.999999893251559,2.081467496224719,-1.999999999999996,-9.487410226275072,0.6963015102390246,0.10348950657514056,4,-5.4323312036649405,0.9708975183880362,0.7958487825816865,0.16090165745364585,0.1491839740257913,0.3292694854589544,0.8189469731729402,0.14842114820045985,0.1495200368825954,0.31976105946618666,0.72830447526592,0.17244369627350511,0.1252982432647075,0.3587327198901777,-1219.5408501091201,0.8775046374408995,-597.3650646114861,0.8845302714711167,0.8542219683608535,0.1492528500781318,0.3947581146082491,0.2993455546671693,0.8685979512779696,0.1485921584478213,0.4041952425862105,0.2932801172615971,0.8508551884353521,0.1433281933709174,0.3859836876775099,0.3069090447394169,-1269.8983989626329,1.3081434297149597,-3042.979099615124,1.9762655061510015
E2b_h0.003_e0.3_L2_alibi_learn_attn_s1,-2.2028164232766665,-5.999998419856173,-5.999999994706524,2.0739669498908047,-1.9999999988275075,-9.51229057981334,0.8322233938133657,-0.03621246846880619,4,-3.768914670026473,0.9765416205985689,0.7978886545457106,0.18250415051884342,0.1538343277817138,0.388728452652398,0.8071410528618751,0.17251258666357128,0.15686738414836043,0.38684607786285646,0.7264689303643811,0.2013251818444852,0.11996168915665884,0.41939956167458564,-1836.3282025636875,0.8033442490660916,-2051.490309816222,1.4117650708951186,0.8793200249356876,0.1620354324767017,0.3784637462462104,0.3626241701884457,0.879104035346308,0.1677815059261788,0.3762418791627243,0.3766100123524684,0.8666623321620652,0.1675963158972448,0.3631686506673103,0.3675726491437637,-4973.412512182617,2.2160098477114043,-4540.286388095044,2.0560658560067933
E2b_h0.003_e0.3_L2_alibi_learn_attn_s2,-2.178807481644665,-5.999999971177121,-5.999999983107366,2.0611186468552627,-1.9999999999999998,-9.544147519101884,0.6366598952550391,0.14363512294142877,4,-3.385941917305691,0.9585245329988298,0.8007007162114594,0.15610650187324085,0.27237824021838064,0.2878163453876565,0.8152152673004014,0.14613920515245127,0.27515460342177855,0.29321407956008966,0.730629176653526,0.18416987479756664,0.24856906819779445,0.3159345364653691,-564.0919554415411,0.9140969362859203,-348.0346125996096,0.970204950677257,0.8777100005217875,0.1280070247453501,0.4336493051218724,0.273554554327959,0.8742587898158177,0.1395939379249244,0.4413995858520757,0.2767605195097295,0.8742749441394848,0.1287068142259159,0.4245173741144686,0.2768532254294725,-388.5710992765715,1.0296035500880831,-1466.7073072727435,1.9561591360600776
E2b_h0.01_e0.05_L2_alibi_learn_attn_s0,-3.5838577276702366,0.5943458289614625,-0.33081056924977764,-0.7394925295795928,-1.9999999994189832,1.7120499963955669,36.3769987857633,16.07964682723186,4,0.30026256964202963,0.9653011755670338,0.904538731872547,0.7579117514328539,0.6041630641644884,1.5252498594629285,0.6981988044091597,1.4006690593562396,0.6122077238529775,1.5646897965459239,0.19113859898183672,2.1183655073094285,0.5403025365415757,1.6064474193599498,-7648.022588930322,14.986691119104464,-70.86936254490384,1.2795193551683173,0.9543783117411252,0.4633294482710207,0.8602017443227581,0.913491860909135,0.9058663852674862,0.7417829350870452,0.8274558322939329,1.026810968650914,0.9361353053729426,0.5540083760373202,0.7995611369291887,1.015489681202563,-35.246038992046294,1.040320722170495,-1485.932162980314,6.055103290334126
E2b_h0.01_e0.05_L2_alibi_learn_attn_s1,-3.4516347004302044,0.630236886367021,-0.9274494316303982,-0.5870671724568983,-1.9999999993860884,0.40053850510034655,10.494999238230738,5.890175541123782,4,0.15553548013879687,0.9746166003027633,0.9501426745540553,0.5037874656641086,0.7085437425182033,1.2000712077680162,0.913881634394285,0.6570238410109991,0.6646502333564629,1.3097423966202244,0.8518522183318967,0.8283223459433362,0.6861270404916746,1.185566019907196,-745.5218071534496,4.516517953482225,-822.2426230099993,4.861319039281679,0.929057463005728,0.5703720147876011,0.8795734341501941,0.7773701629275461,0.8929881726564145,0.7391466154292782,0.8478727581703424,0.8643383633720764,0.9284772090406036,0.4908394995768832,0.8746317884668685,0.7664907274746228,-11.422336181506685,0.5823151690836672,-1529.063922577526,6.291755320511316
E2b_h0.01_e0.05_L2_alibi_learn_attn_s2,-3.576573850150132,0.39051105003489384,-0.0776045743438757,-0.7452676661619467,-1.999999999997595,1.8606110276494052,43.11484719261015,17.7401704035113,4,0.05417518565720253,0.9732101147255899,0.8844064032122008,0.8607573528255431,0.512582145093655,1.7972356020167735,0.6701226815200274,1.513084254927282,0.531286862469809,1.796589916296508,0.048120196823629335,2.3746163935827775,0.4482879743980678,1.8284943254899917,-13888.301692687779,19.501439893790753,-78.74212507615287,1.207213134630808,0.9493793251136492,0.5174841843548872,0.8790036753924639,0.887844996863657,0.911799106174841,0.7701188460817802,0.8670458563685775,0.9591686969932632,0.9327660518806165,0.5673825323019454,0.8770802552314039,0.8315246413085396,-29.747450070326423,0.9245975543561534,-18907.982739518917,22.989110843251197
E2b_h0.01_e0.2_L2_alibi_learn_attn_s0,-1.932835196252196,-4.26896818877749,-4.057282680954774,1.4734190367842757,-1.9999999999999998,-7.172603738447946,1.5444700295328422,-0.3102627236769337,4,-1.0091742123538239,0.9853776106347518,0.870749902823024,0.4086424645751277,0.21720054195090654,1.3301127764288698,0.8778442612283366,0.3714407671740399,0.24409984997681644,1.2812771660839768,0.8141748909872133,0.5256191646230631,0.169315118292234,1.3431402958439433,-1379.4673518069387,1.210065944642934,-9066.787439426544,4.814708486784675,0.935348939695302,0.3556112918068557,0.5878853940562321,0.9881353096845006,0.9330753621901956,0.3684673438105502,0.5770886932207631,1.010347801574764,0.9280688552088714,0.3665884475205228,0.5393941768803736,0.938726590321466,-21.61847246579977,0.2283618614216557,-6117.590043380506,3.696258393516023
E2b_h0.01_e0.2_L2_alibi_learn_attn_s1,-2.8221990173083054,-2.0467931203206193,-2.0903702857554225,0.027902487988729067,-1.9999999999881202,-4.005615753981667,1.7507992142999398,-0.4687431745504199,4,-0.7334401047154341,0.9483157020044523,0.9529502970955473,0.24487415928913886,0.2881531970772512,1.2027806777479764,0.9436183705154957,0.28172297470200447,0.30430730123155036,1.2005717410291952,0.9462954329230465,0.24179679604684987,0.22939845546903892,1.2083268805452143,-843.4803584221861,1.1658908429162993,-9332.91343525417,5.17882064699358,0.955521506777888,0.2764666736645952,0.9067104677455168,0.3864331090966479,0.9537435420021972,0.292540925854228,0.892757975576708,0.3914006554399459,0.9514448267079648,0.2473333646579557,0.8462882373252798,0.5120230246173891,-6.105980513095407,0.1042425902061383,-762.2288685245769,1.183204488908819
E2b_h0.01_e0.2_L2_alibi_learn_attn_s2,-1.5821538981500611,-5.999999999591099,-5.9999999996685744,2.1853621151283056,-1.9999999999999998,-10.687382553771636,1.4101582928446972,-0.2663657282706076,4,-1.0250083900476508,0.9885736630694916,0.8764683929947182,0.38030663160535205,0.18975542770150533,1.307415189266461,0.8751171623374198,0.3631728864140539,0.21671133128036102,1.253532700989528,0.7996380600809629,0.5084979556859851,0.14092198567880954,1.3333090724778576,-627.911061348781,1.021354257969466,-117.73928637402275,0.6138288551401336,0.9265402023353092,0.3712951654468365,0.5630756798373919,0.9798810378609576,0.9264868880227348,0.3772107519012453,0.5553063553665452,0.9927745637095152,0.9188991232060436,0.3704553236791184,0.5271922039579207,0.9217804967989912,-11.808879996971552,0.2294188673954973,-3106.726853787855,3.5680539154289197
E2b_h0.01_e0.3_L2_alibi_learn_attn_s0,-1.7091561719335289,-5.999999999108411,-5.999999999198601,1.6991046126027425,-1.9999999999999998,-10.833281479272497,0.9400944973005811,-0.20168496196806074,4,-1.8536452994659562,0.985054062987685,0.8445846343512189,0.2766762069026424,0.17019626827210876,0.7645964702902336,0.8235623984408247,0.25333791710985043,0.18712182876197014,0.7484445823640273,0.7742641636543333,0.31952677453426964,0.12222094583602494,0.7608677717913208,-429.37205242017126,0.6854162648150582,-83.31227542339768,0.3578473218288286,0.92110567528531,0.2144637734288073,0.816427669005684,0.3330552248189206,0.9194320844904136,0.2175663203090223,0.8027195781342553,0.353909829324056,0.9276573961478258,0.1973081618874237,0.7815088101761766,0.3573421433840754,-31.05253093465457,0.2860321581813143,-1506.443809608087,1.8492919173504836
E2b_h0.01_e0.3_L2_alibi_learn_attn_s1,-3.8157181791728094,-3.1622909601717546,-2.885042980025674,-0.8077304348650541,-1.9999999648990052,-11.999999999999998,16.812809288940617,-15.97064497248773,4,-1.6882126786360505,0.9541351150740247,0.9703647879500391,0.1366378373850445,0.21674406161534066,0.6200982645000923,0.9509079792557016,0.16121407362364565,0.22018380967979856,0.6138400046612152,0.852472533135199,0.23561455382302648,0.1712971691050812,0.6387654410099334,-58135.50194671087,9.103783334730466,-194.8726535660279,0.6199465836031572,0.9507075991919484,0.1770660018622605,0.8492895731852371,0.2691478391188803,0.9493246184269696,0.1779141608626221,0.843208618681724,0.2957188674914496,0.9377040566453386,0.1872505997995975,0.7966322486286466,0.2931942549700729,-142.17588640819662,0.489388313994436,-614.3223381540853,1.2130856762461872
E2b_h0.01_e0.3_L2_alibi_learn_attn_s2,-1.7664192010301394,-5.999999999803913,-5.999999810794201,1.3659673752419546,-1.9999999999999998,-11.016524403538137,1.0223748752664974,-0.2556519893639475,4,-2.3296007600418784,0.9821028096592387,0.8366880251812213,0.283753843804456,0.1649779557995129,0.7906678367361099,0.8019632267461715,0.2723612360875826,0.16853553241296104,0.7824821736365654,0.7782662620921561,0.328455936498532,0.10964164059876191,0.7772536838156759,-643.1300953506408,0.7253828264301274,-100753.80697405305,13.094814132214589,0.9153342192734724,0.2247845597578027,0.7752767949934889,0.3808709131415191,0.907893952629826,0.2338774330648478,0.7640609674014889,0.387467101252859,0.908066177290548,0.2250563129257252,0.729155306567422,0.41991521356274,-105.42951004971226,0.4209868325880841,-606.0705703831236,0.8854321559647429
E2b_h0.03_e0.05_L2_alibi_learn_attn_s0,-2.4902984474757583,0.7566822704080388,-0.8421336767890438,-0.4096451406992577,-1.9999999999998956,0.25418789503626593,9.754986811127884,7.375414127559459,4,-0.08236426518999163,0.9650525946002553,0.91296564430614,0.552287557389917,0.5887940080835284,1.2118220260328236,0.6249300886638327,1.2923652548787683,0.5296663409175091,1.3129970197365564,-0.460998598884508,2.2355955357857256,0.5334674885073446,0.972880483948634,-1160.766705100008,5.213358888495994,-42969.34050200357,32.395739208102036,0.9629330500221764,0.3230749664464549,0.8967082109878783,0.5835899959882881,0.8997875286158625,0.688904656362718,0.8300975376076793,0.8205433948662335,0.927884728227442,0.4670105082868221,0.5996763349232073,1.1719642884779609,-12.548621940302253,0.5535770751919213,-1642.5570256585609,5.912779599199035
E2b_h0.03_e0.05_L2_alibi_learn_attn_s1,-1.880994063998181,-0.5742184541662324,-1.3220955415713571,0.15010502977121176,-1.9999999999999998,-2.6374510890411886,2.5558699335218233,0.8076413558507647,4,-0.06392689445032784,0.9720608353155498,0.9686394029588852,0.27608035373242795,0.7470570913930477,0.8899691247592989,0.9244009586567591,0.5464425317036093,0.7087952903477185,1.0240162614799488,0.8332639961461159,0.6885138513246465,0.7299783316115407,0.6341596508021724,-137.33283767346202,1.9374807841607036,-1202.4782050064828,6.118963999701596,0.9370646625057816,0.4352712696263717,0.9484823676561412,0.3814872119978205,0.8597309525371094,0.7682446309757588,0.9418725523430866,0.4478903640504333,0.8904354883327897,0.4920438957868129,0.9512044835039912,0.2743694170911411,-10.310221279309186,0.5733240192184434,-656.4006901521274,4.1461858596431815
E2b_h0.03_e0.05_L2_alibi_learn_attn_s2,-2.5763769628919047,0.4828534690689267,-0.4757669389389464,-0.46246646518217743,-1.999999999817946,0.44881597808436696,11.269805883372706,8.311638579010506,3,0.2763389170513194,0.9551793315010424,0.9310110266393052,0.4923781506564602,0.6688437223399533,1.0782770087657243,0.6132815777685736,1.307946740376909,0.6386199760958082,1.2078193448230663,-0.5340117946695302,2.3377989550065985,0.5808252770886524,0.9673280514414679,-1668.3259177353866,7.338146943340866,-4439.518354264206,12.26603508390659,0.9688432005108144,0.2959854891141371,0.9092990800481996,0.5570662208995079,0.9162856171449568,0.6168755390660475,0.8406295411668195,0.7586818035042052,0.9413266338262531,0.4249733006022234,0.6515347995888887,1.0972525835730824,-12.393404208333056,0.6494836944024959,-1169.8268033160684,5.886884392137847
E2b_h0.03_e0.1_L2_alibi_learn_attn_s0,-2.913990482478666,-0.011319506946482089,-0.23810973597567536,-0.5737504567807731,-1.9999999886340014,0.7471959580516195,14.272682489575471,7.34078319916959,4,-0.0612896753636879,0.9608706312789456,0.8927953592394582,0.6532644699136548,0.4675807164930078,1.5143776565056914,0.7305129139328803,1.1067510433833148,0.45328880272842365,1.58689119597144,0.12014879038618087,1.6716225761054584,0.4209936568663313,1.3233379165157078,-10446.195729512736,8.290371442244993,-37615.29734364738,16.61463445825778,0.9591039724522727,0.3850405086273447,0.8355487127944353,0.7683783939200683,0.9253143420867604,0.6052896040161233,0.5268949221825616,1.5387718484060997,0.938614619225574,0.3891015554744487,-0.7950735710588903,2.5943615658320005,-30.910668251832952,0.4753449711409022,-1910.326776312127,2.961009922103694
E2b_h0.03_e0.1_L2_alibi_learn_attn_s1,-1.814977053885222,-1.6452970734902423,-1.3910618505469416,0.36320136901846445,-1.9999999999999998,-3.2726794311774463,2.253152681344344,0.11036015324464359,4,0.026208552595051393,0.952720268138231,0.9760662569565527,0.24481996207635343,0.6232837745936632,1.1625230441323073,0.951391376683589,0.4450630265046486,0.6098243747998929,1.2534984756479532,0.8597657251514778,0.5974503232489462,0.6510138727171159,0.8515043196769757,-471.9388515612159,1.2949610477149787,-2575.390922660168,4.486986782902121,0.948358279961889,0.4053692063698452,0.914060797276568,0.5032535949345968,0.8809042267194762,0.6808066031812618,0.9000170422505084,0.5885145828029142,0.882160326147028,0.4673375357505749,0.9213801727060228,0.4110909472137388,-20.206431852598943,0.4009615648384383,-871.0293302994783,2.298047316025015
E2b_h0.03_e0.1_L2_alibi_learn_attn_s2,-2.1935110337517054,-0.8140631549942459,-1.3545985347508205,0.160321018017577,-1.9999999999999998,-2.468414090027264,2.3071729212585765,0.4668728828583651,4,0.14038649456382984,0.9658494050760443,0.9697576572404254,0.2653079286292916,0.6332412538006655,1.121098055926163,0.9407432500184609,0.4290024544928853,0.6247135368411925,1.2008544726016463,0.9463454956732825,0.3665390427827429,0.5965217942257786,0.90338090432307,-294.84275804369395,1.3967275724324462,-1975.0247237009528,4.512671117419733,0.9303831471768796,0.4693874752675518,0.9210175986712722,0.4957350256683024,0.8988788473388295,0.662518718037093,0.8964618094030439,0.6259504715690236,0.9261844039050736,0.362636162953761,0.9122686468759362,0.4598406306883448,-15.245781636059949,0.4004586121994179,-2649.481150765152,4.837326985698778
E2b_h0.03_e0.3_L2_alibi_learn_attn_s0,-1.9544686880540187,-2.1820759833127767,-2.7300212189232758,0.3129372492046209,-1.999999999990832,-4.653498536242656,1.136067390149189,-0.2587001429051742,4,-0.504909233678863,0.9292337744132795,0.9508417477248063,0.17993610298802268,0.38952567309756025,0.8245438817165766,0.9358001770837381,0.2450843868025765,0.4052192054377607,0.8290610934014219,0.8916434333084868,0.263735250288676,0.33834413192472224,0.7455158517818775,-98.7951229500677,0.4826661437551839,-1111.14638415835,2.009651670988969,0.96618176311978,0.162981157020069,0.8239420469173748,0.4150019667028926,0.9435323782097192,0.2384464592941889,0.7929863561828587,0.4823877873477636,0.9335174379948824,0.2250783951233039,0.8146884420589613,0.3613047217021906,-4.809342101416459,0.1328835560360871,-1389.4570831228525,2.011842281924724
E2b_h0.03_e0.3_L2_alibi_learn_attn_s1,-1.9744965127099612,-2.581931139478141,-2.5283907196616355,0.2131148103639588,-1.9999999997624798,-4.973813025877303,1.1224632403473633,-0.2772829534937945,4,-0.2007650699122967,0.9419120020389639,0.984356825653333,0.10696078338226458,0.4038221579035939,0.8206092537204732,0.9756090015689356,0.15616423900449664,0.408268706647425,0.8521231644496877,0.9500785166909699,0.1751511879302117,0.3933462675386705,0.7065881725362516,-101.14842903286274,0.5448895161939357,-105.94256946758426,0.7498179579886538,0.9631750663496657,0.1741374896225814,0.8342396630782113,0.3803670142614847,0.9497459444293171,0.2221537983024523,0.8240561383281965,0.4297119962002092,0.8829783808204247,0.2613756568072999,0.8099413333776885,0.3496643758624564,-2.618231103819506,0.1246871526560659,-437.78835203072913,1.3075494374778842
E2b_h0.03_e0.3_L2_alibi_learn_attn_s2,-1.821911027668547,-2.4971508533805173,-3.222163927120733,0.34053394702452583,-1.9999999999650422,-5.532919283276325,1.174394717855076,-0.34053957017023967,4,-0.35470727798706525,0.9375382666925466,0.9636855885554281,0.16041012520198863,0.3897518677516957,0.87507528912597,0.9458202137327005,0.23884276206289026,0.4221154464535457,0.8827335352634532,0.899493171975762,0.2633310906676282,0.32648873030674797,0.7885239319993874,-72.6522210615662,0.5680755647724794,-25718.2922229104,11.832957148751019,0.9633079185479824,0.1820216242982335,0.814166687747769,0.4353962593286291,0.947669513559489,0.2387322035150227,0.8038748905080755,0.4654925413937991,0.9279596607319326,0.240154076801173,0.7786775514117954,0.4102619629219046,-1.093027699575705,0.0858375752249513,-391.18236689423145,1.1776169458639725
E2c_h0.01_e0.1_L2_alibi_learn_attn_cf0.2_s0,-4.843244511185674,0.6448108923705198,-0.4359276643254422,-0.8554430487190733,-1.9999999999999976,2.200405163199683,46.219817222806434,12.497374503127057,4,-0.07956562777130816,0.9296954134319808,0.9779549318984453,0.18610953587840234,0.7658634193919057,0.6221018999992992,0.9154141905476181,0.4209571868354139,0.7737235989168694,0.6213239834359917,0.8788143413193671,0.4600208055692791,0.7591052535004192,0.5884796510673257,-2645.6570198634336,12.903699886929415,-82.2968663113063,2.120883851233845,0.9209860778292132,0.3514456872714387,0.8580382500673099,0.4903436387331547,0.8830217304880909,0.4470284766647681,0.7211546061678574,0.7333531765201461,0.9094510981339722,0.3743292959765901,0.7069206550084939,0.634236864916052,-20.66521856745345,1.1500925368759147,-477.4281476070151,5.3776611071332425
E2c_h0.01_e0.1_L2_alibi_learn_attn_cf0.2_s1,-4.650139201580173,0.5734219856780365,-0.4332226877064639,-0.8239722080369208,-1.9999999999999993,2.2100337196739486,42.049739962205045,10.48578603875198,4,-0.05473608817004194,0.9379102588890835,0.9775839894837938,0.19189215281805266,0.7657212043274143,0.6488897590588658,0.9192233476994192,0.4251023235414265,0.7755929607061931,0.638417936265692,0.8779851536071741,0.47029450929919486,0.763807257287851,0.5987569051238718,-1819.157744584516,11.249392238028678,-11.552249126416148,0.7503883260813001,0.9203005856841104,0.3659135006141692,0.8738235406929942,0.4777664956826691,0.8761203763552269,0.4740942036116199,0.7462305149794174,0.7281844961075696,0.9091523794539426,0.3864868323950848,0.7296407374379579,0.6300669978270914,-13.792596638695052,0.9927088719398636,-421.1865695680992,5.312957771835307
E2c_h0.01_e0.1_L2_alibi_learn_attn_cf0.2_s2,-4.742130484896166,0.19585433601444263,-0.030677628640426967,-0.838651596710186,-1.9999999999999998,2.267756213427307,48.15537454738696,11.633353569610158,4,-0.007579905734499404,0.9336261150799633,0.9773968458137531,0.197433511298776,0.7767992331498255,0.6416013984418741,0.9097538095221461,0.45582883249780587,0.785426995014042,0.636400698236724,0.8834938780151758,0.4724005910209939,0.7719556366901368,0.597000971623815,-4414.274573385494,17.939704835405788,-11.511227990354891,0.8099530163314262,0.9183357139143028,0.37779120783489,0.8709541306921068,0.496061197961773,0.8744813080490167,0.4787835388150806,0.7074807699040668,0.7842605225964788,0.9087402184746248,0.3952228731630037,0.7125397304516596,0.6627403573706024,-10.19287922251591,0.8761652494085796,-402.9734455753856,5.311515966972861
E2c_h0.03_e0.2_L2_alibi_learn_attn_cf0.2_s0,-2.5687565434590662,-1.0477069912973311,-1.6529955315117748,-0.017123587861118502,-1.9999999999999998,-3.2821102184645135,1.2084621320180335,0.31159385623777,4,0.09327926148532983,0.9756579833983122,0.9934458266944588,0.08296387171707621,0.6810393109598387,0.6682667495517319,0.9893043589719938,0.11718281734191814,0.6774886471945606,0.6954784142394485,0.9743855741376193,0.15846185324688702,0.6799848820545589,0.5740329281157163,-200.50300381425646,1.1430865693009327,-54.85122431049319,0.55142295570509,0.9260411786627922,0.2939010789288464,0.8969483315627134,0.3491203289501717,0.8840950393071277,0.4001151187545854,0.8915468165966167,0.3824383316440887,0.8302935059820749,0.3790674345227968,0.8826636699374122,0.3108775732907822,-45.57412494640428,0.6066245785283312,-405.3477616260566,1.5142644700670027
E2c_h0.03_e0.2_L2_alibi_learn_attn_cf0.2_s1,-2.543236376471761,-1.528983009733869,-1.1815596952093823,-0.023376541082768806,-1.9999999999999998,-3.2599282052610894,1.2121822655394454,0.3096918780671203,4,0.0954662562442341,0.9741669440828986,0.9928652902037479,0.0839311253162928,0.6795842440916982,0.6649721536503528,0.9889411888344501,0.11961270588985005,0.674505633457833,0.6929108209301551,0.9731811881765646,0.16097352260637074,0.6890360462096905,0.5620870618406852,-370.9846934432803,1.5727433443732315,-682.8273401468282,2.3686156898308965,0.927242444110292,0.2895869261947575,0.8933596448955891,0.3637233074348548,0.8788278500490372,0.404099588841208,0.8845617640918716,0.4103135328148642,0.8246761274871516,0.3845532305879756,0.8858382562753837,0.2971836825226135,-37.99739084989031,0.5788337610000275,-1162.4358736735603,2.96393747193283
E2c_h0.03_e0.2_L2_alibi_learn_attn_cf0.2_s2,-2.5355700466083135,-0.8130331099577531,-1.8381690468130143,-0.014046613418801772,-1.9999999999999998,-3.21479336340411,1.212076831290369,0.2611498344325208,4,0.1217374033591121,0.9708186299660607,0.9936930049299278,0.08153183733872195,0.7079413811575108,0.6323991419009839,0.9892873782580996,0.11680293339159076,0.7069366324733356,0.6530640112711705,0.9752599622532687,0.1498687958290183,0.7133897386677831,0.5289859614672345,-83.5761687480357,0.8816922991924364,-41.407070665143806,0.5934283967139296,0.9240274665861372,0.2976238052795638,0.849733086755756,0.4242692257059633,0.8761916148045416,0.4199937263447258,0.8233074189954629,0.4871920174939607,0.8218608699031964,0.380638834912805,0.824673104741342,0.3309045298230519,-23.52329607710464,0.5121486434050879,-1369.273145253054,3.626077012930671
