run,head,pe,share,decay,split_r2_bayes,split_r2_counter,split_h,split_eps
E1_h0.01_e0.1_L2_alibi_learn_attn_s0,L1H0,alibi_learn,0.5042309312971385,0.1729295253753662,0.9070689920765787,0.46200574287128604,0.03739300415039554,0.2989061165590073
E1_h0.01_e0.1_L2_alibi_learn_attn_s0,L1H1,alibi_learn,0.5371077342992375,0.1507883369922638,0.8971083958676954,0.42708919417602587,0.03358911689519773,0.3014136029742262
E1_h0.01_e0.1_L2_alibi_learn_attn_s0,L1H2,alibi_learn,-0.0412233916819695,0.7252985239028931,0.8912057909089546,0.9537112825936602,0.2704357307937998,0.09183674381088489
E1_h0.01_e0.1_L2_alibi_learn_attn_s0,L1H3,alibi_learn,0.0006758882208698,0.2921815812587738,0.9295085008053934,0.7927393037523032,0.2011208547110492,0.47684074489135564
E1_h0.01_e0.1_L2_alibi_learn_attn_s1,L1H0,alibi_learn,0.5364463189712554,0.1066774949431419,0.9693267673179337,0.4825817922328357,0.034088105644780625,0.4459074565909896
E1_h0.01_e0.1_L2_alibi_learn_attn_s1,L1H1,alibi_learn,0.4642028271364741,0.1179962009191513,0.9665452549282314,0.4842963203433104,0.03802086139316044,0.451638369928893
E1_h0.01_e0.1_L2_alibi_learn_attn_s1,L1H2,alibi_learn,0.0231746365360315,0.7647891640663147,0.8856851751830349,0.9521441037649147,0.2790370806137117,0.08476014345498982
E1_h0.01_e0.1_L2_alibi_learn_attn_s1,L1H3,alibi_learn,-0.0231887362415347,0.1367584466934204,0.9667644774990124,0.7109207023897752,0.09599094997019252,0.4827942516285205
E1_h0.01_e0.1_L2_alibi_learn_attn_s2,L1H0,alibi_learn,0.5062626115039778,0.1750178188085556,0.9029726377063145,0.4337957162451199,0.03890740106799653,0.3127588162233413
E1_h0.01_e0.1_L2_alibi_learn_attn_s2,L1H1,alibi_learn,0.5408923081816872,0.1683153212070465,0.8997607516750631,0.4447420542657877,0.033411917835312346,0.2961537286410897
E1_h0.01_e0.1_L2_alibi_learn_attn_s2,L1H2,alibi_learn,-0.0435909899860826,0.7291454672813416,0.8898329799903844,0.9524170151613653,0.25255029465127826,0.0748913223521886
E1_h0.01_e0.1_L2_alibi_learn_attn_s2,L1H3,alibi_learn,-0.0029883573967165,0.2799291312694549,0.9286519852700966,0.8082472528217987,0.20099850525990887,0.4749476920921605
E1_h0.03_e0.2_L2_alibi_learn_attn_s0,L1H0,alibi_learn,0.4836800130125007,0.2414150238037109,0.9430742394952598,0.6034728817682824,0.07817563840465289,0.44610436907685513
E1_h0.03_e0.2_L2_alibi_learn_attn_s0,L1H1,alibi_learn,0.5002740050590553,0.242705225944519,0.9354022442199545,0.6132734834618834,0.07919433621362897,0.4393045052670714
E1_h0.03_e0.2_L2_alibi_learn_attn_s0,L1H2,alibi_learn,0.0897153940952941,0.7956253290176392,0.8949524641273725,0.9631590123132826,0.29312315435350456,0.06768233273212428
E1_h0.03_e0.2_L2_alibi_learn_attn_s0,L1H3,alibi_learn,-0.0712760611568134,0.2238576114177703,0.9432496058985588,0.7990595028326277,0.16881640289747407,0.4720253210247534
E1_h0.03_e0.2_L2_alibi_learn_attn_s1,L1H0,alibi_learn,0.4831835010562706,0.2015261203050613,0.957095267655695,0.6066419567302785,0.07482924364622379,0.4563108081568593
E1_h0.03_e0.2_L2_alibi_learn_attn_s1,L1H1,alibi_learn,0.5155028635667446,0.2216861546039581,0.9548987416870871,0.6114506693314059,0.07582341333457468,0.4530762212148299
E1_h0.03_e0.2_L2_alibi_learn_attn_s1,L1H2,alibi_learn,0.0667807402507969,0.8522312641143799,0.9075236144579364,0.9660571008677334,0.31658215316398475,0.06411718826181008
E1_h0.03_e0.2_L2_alibi_learn_attn_s1,L1H3,alibi_learn,-0.0661963185672411,0.202659398317337,0.9417438304649071,0.7928030692291912,0.14579522337059456,0.47191504585785793
E1_h0.03_e0.2_L2_alibi_learn_attn_s2,L1H0,alibi_learn,0.5098621498395459,0.2268701940774917,0.9559072145570667,0.5814864110490385,0.0731897245142815,0.4544920514141872
E1_h0.03_e0.2_L2_alibi_learn_attn_s2,L1H1,alibi_learn,0.4954500414263126,0.2469125688076019,0.9370514748326527,0.5820702302533638,0.07654758406404838,0.4441731338658709
E1_h0.03_e0.2_L2_alibi_learn_attn_s2,L1H2,alibi_learn,0.0651648306194368,0.798683762550354,0.8900672869058457,0.9573828514665711,0.3212625426879858,0.09236311864256588
E1_h0.03_e0.2_L2_alibi_learn_attn_s2,L1H3,alibi_learn,-0.0705132326262682,0.1908434182405471,0.9457960033956918,0.7794504131220206,0.1346393731606245,0.47684354066578194
E2a_h0.01_e0.1_L2_learned_abs_attn_s0,L1H0,learned_abs,0.3503939139989198,0.1526021178254501,0.953301631951389,0.46692956030885313,0.032127373268765476,0.3879576473317698
E2a_h0.01_e0.1_L2_learned_abs_attn_s0,L1H1,learned_abs,0.3327295550712324,0.1517241812626205,0.9428287218496585,0.4275177140469403,0.01770258402744504,0.4261919638650815
E2a_h0.01_e0.1_L2_learned_abs_attn_s0,L1H2,learned_abs,0.2914630383062472,0.1834480923385621,0.9542035451255885,0.49130531047018744,0.038171104656729654,0.4378525765751102
E2a_h0.01_e0.1_L2_learned_abs_attn_s0,L1H3,learned_abs,0.0237583945646396,0.129901251375628,0.8829186944533381,0.7956677755503969,0.20776145138519989,0.47481622078750846
E2a_h0.01_e0.1_L2_learned_abs_attn_s1,L1H0,learned_abs,0.294856434105963,0.191665705417084,0.9221682676659719,0.47105113273266275,0.03577717019206983,0.408209766521598
E2a_h0.01_e0.1_L2_learned_abs_attn_s1,L1H1,learned_abs,0.3910950309797469,0.1362751325840919,0.9490560673413737,0.45744487203800555,0.013878692060628856,0.43819698653848077
E2a_h0.01_e0.1_L2_learned_abs_attn_s1,L1H2,learned_abs,0.0363212221023183,0.107697150096745,0.8421164088089758,0.8177854144653112,0.22128313866010726,0.4773220126531523
E2a_h0.01_e0.1_L2_learned_abs_attn_s1,L1H3,learned_abs,0.2751397788694181,0.1877083645466289,0.9399435664776812,0.5893983693297487,0.00010000000000000009,0.49
E2a_h0.01_e0.1_L2_learned_abs_attn_s2,L1H0,learned_abs,0.3874704165735316,0.1318590708015959,0.9209738236066125,0.5892329696660845,0.048233402471631104,0.38023658065375643
E2a_h0.01_e0.1_L2_learned_abs_attn_s2,L1H1,learned_abs,0.2630494949193586,0.180238477737248,0.9068505489583457,0.5610296942740158,0.04312843986776867,0.3809604127218947
E2a_h0.01_e0.1_L2_learned_abs_attn_s2,L1H2,learned_abs,0.3178658709981635,0.159829759191038,0.9387024004493655,0.5278351904041818,0.030504094695260234,0.29054509971357556
E2a_h0.01_e0.1_L2_rope_attn_s0,L1H0,rope,0.0058385041155352,0.1060293585314248,0.6992877972456921,0.7656214824845833,0.1032533006805024,0.5
E2a_h0.01_e0.1_L2_rope_attn_s0,L1H1,rope,0.4162826909800197,0.083362373449216,0.8845054901098135,0.5814787264695467,0.009225956560984743,0.18706930521415147
E2a_h0.01_e0.1_L2_rope_attn_s0,L1H2,rope,0.4339047412276376,0.075867011708155,0.8861603410373328,0.6520433654524236,0.008763105522376972,0.13937043718644854
E2a_h0.01_e0.1_L2_rope_attn_s0,L1H3,rope,0.1436486052560067,0.1391018530991554,0.7189476137197809,0.7361663754806851,0.02077775591196139,0.09077106221838724
E2a_h0.01_e0.1_L2_rope_attn_s1,L1H0,rope,0.501047549148819,0.0748816286418643,0.932665372999925,0.5191919481149418,0.011677085173658553,0.24067608368493992
E2a_h0.01_e0.1_L2_rope_attn_s1,L1H1,rope,0.0066806943467983,0.2012499461404385,0.6084721344816053,0.6155030242213071,0.1621381434379522,0.1921687734249778
E2a_h0.01_e0.1_L2_rope_attn_s1,L1H2,rope,0.4826521432492141,0.0975207907313078,0.9045730550713329,0.5846430642689457,0.01811579915895765,0.22034559172925622
E2a_h0.01_e0.1_L2_rope_attn_s1,L1H3,rope,0.0093490737278403,0.1342913781983146,0.785960010793077,0.7992442217201149,0.11238197183821778,0.4783537630873131
E2a_h0.01_e0.1_L2_rope_attn_s2,L1H0,rope,0.4031355584266038,0.1000717270840877,0.8722214527185176,0.5309643300810705,0.010709267839217105,0.2039204298924171
E2a_h0.01_e0.1_L2_rope_attn_s2,L1H1,rope,0.2867289956054771,0.1200417057574785,0.8545620215847346,0.618342233661952,0.01729361751577741,0.18912506337107127
E2a_h0.01_e0.1_L2_rope_attn_s2,L1H2,rope,0.2932751675752043,0.1172497206069125,0.8438061791197006,0.49829821058231727,0.0008936422953673298,0.3439304197534411
E2a_h0.01_e0.1_L2_rope_attn_s2,L1H3,rope,0.0171747996386586,0.1147363041571936,0.7241252807165913,0.7975791378214268,0.10625558911471428,0.4938389714277413
E2a_h0.03_e0.2_L2_learned_abs_attn_s0,L1H0,learned_abs,0.088836892533768,0.2243048398397664,0.8374726337965341,0.8362462606238068,0.14959134611497443,0.18931131102695226
E2a_h0.03_e0.2_L2_learned_abs_attn_s0,L1H1,learned_abs,0.4381105062548717,0.1467018722718114,0.9549379644786866,0.5743402315819011,0.0011398522810475975,0.49
E2a_h0.03_e0.2_L2_learned_abs_attn_s0,L1H3,learned_abs,0.4806790055638064,0.1766021142911223,0.9293831847833883,0.63934479741906,0.061693164858997895,0.4490674616401529
E2a_h0.03_e0.2_L2_learned_abs_attn_s1,L1H0,learned_abs,0.3199714489440961,0.1881618199142366,0.9280304222813297,0.5692070358160208,0.04699270311784385,0.2563897405912104
E2a_h0.03_e0.2_L2_learned_abs_attn_s1,L1H1,learned_abs,0.4007047956697012,0.1328704855673288,0.9315754686431255,0.4256879420969093,0.013112705326028663,0.2743794782789399
E2a_h0.03_e0.2_L2_learned_abs_attn_s1,L1H2,learned_abs,-0.0205365710070701,0.1378034022173869,0.8661871713270454,0.81415288307256,0.15949165969526133,0.24825501017445512
E2a_h0.03_e0.2_L2_learned_abs_attn_s1,L1H3,learned_abs,0.2974339990031587,0.2065400677565662,0.9321820579895274,0.5342359708568145,0.02517268389157816,0.22863885982961826
E2a_h0.03_e0.2_L2_learned_abs_attn_s2,L1H1,learned_abs,0.0371114924953096,0.2060925118537058,0.8571952578833644,0.7588687944530383,0.1892927673587976,0.458742183856274
E2a_h0.03_e0.2_L2_learned_abs_attn_s2,L1H2,learned_abs,0.5060264452201961,0.1177190824824348,0.9124250165787238,0.48625874191501417,0.04136885979574858,0.38053652753163364
E2a_h0.03_e0.2_L2_learned_abs_attn_s2,L1H3,learned_abs,0.4479941215787988,0.1311691264339044,0.9494528756417832,0.45742002306233986,0.013319879556969708,0.4495387454804901
E2a_h0.03_e0.2_L2_rope_attn_s0,L1H0,rope,0.4124410376137734,0.1725909323820547,0.8999309031062642,0.5473437827887632,0.0038483348970335058,0.49
E2a_h0.03_e0.2_L2_rope_attn_s0,L1H2,rope,0.4058259304012404,0.1526116668311063,0.9039018910333593,0.5319931466752077,0.04035777043656059,0.435830654647574
E2a_h0.03_e0.2_L2_rope_attn_s0,L1H3,rope,0.1574027031609234,0.2423631944193104,0.867058798654635,0.6710064619574438,0.05710648672245739,0.41463524297774657
E2a_h0.03_e0.2_L2_rope_attn_s1,L1H0,rope,0.0077106587384804,0.2162242138587146,0.814998043466822,0.836737444756853,0.2585240665980198,0.1759154405143477
E2a_h0.03_e0.2_L2_rope_attn_s1,L1H1,rope,0.4952766075271808,0.1340366210000773,0.8995820030481128,0.5609884241922747,0.04651765447354357,0.4203827392597808
E2a_h0.03_e0.2_L2_rope_attn_s1,L1H2,rope,0.488499804908907,0.1307557062304868,0.9071263738846229,0.558231919565412,0.04483953925833698,0.37814389628772277
E2a_h0.03_e0.2_L2_rope_attn_s1,L1H3,rope,0.0092280130149282,0.1696449702603524,0.7159109250649802,0.743788113430662,0.23285172538203702,0.17674808625414976
E2a_h0.03_e0.2_L2_rope_attn_s2,L1H0,rope,0.5006158152341796,0.1368906159039968,0.8965505263159645,0.5540176947113808,0.04538669048047363,0.41146735905475834
E2a_h0.03_e0.2_L2_rope_attn_s2,L1H1,rope,0.4641956666693612,0.1347365994869893,0.9034825155654506,0.5381910167281883,0.04535671653017853,0.430031663461815
E2a_h0.03_e0.2_L2_rope_attn_s2,L1H2,rope,0.0193154627779372,0.2195746126773326,0.8665836859157116,0.6340834292702382,0.15539946540774677,0.4642382552791853
E2a_h0.03_e0.2_L2_rope_attn_s2,L1H3,rope,0.0153553383879917,0.1492136391734227,0.8137226987548238,0.8507022966797222,0.21450627580306908,0.47096206740186913
E2b_h0.003_e0.05_L2_alibi_learn_attn_s0,L1H0,alibi_learn,0.4869470322239492,0.0889363065361976,0.9576570160758133,0.4360833241277917,0.015928226535836188,0.3244119201921014
E2b_h0.003_e0.05_L2_alibi_learn_attn_s0,L1H1,alibi_learn,0.5343749533198322,0.0876933261752128,0.950293178016701,0.39760519769807856,0.017529518351472966,0.33165312911218514
E2b_h0.003_e0.05_L2_alibi_learn_attn_s0,L1H2,alibi_learn,-0.0185904921709262,0.5570792555809021,0.8749116523733312,0.9437729160335102,0.2696533674860878,0.15254434552637602
E2b_h0.003_e0.05_L2_alibi_learn_attn_s0,L1H3,alibi_learn,-0.002881130589352,0.2094551771879196,0.9355242467707615,0.8075186890097474,0.15333353075998818,0.46823767060211463
E2b_h0.003_e0.05_L2_alibi_learn_attn_s1,L1H0,alibi_learn,0.5204696592835204,0.122837595641613,0.9572914511881495,0.38967804522495353,0.013824179481667162,0.3278473096364202
E2b_h0.003_e0.05_L2_alibi_learn_attn_s1,L1H1,alibi_learn,0.5353693294024444,0.0880736485123634,0.9192172639641182,0.3417545549896478,0.015245224239405442,0.3409432149246117
E2b_h0.003_e0.05_L2_alibi_learn_attn_s1,L1H2,alibi_learn,-0.0556091985310301,0.559562623500824,0.8783588526923025,0.9446368341168204,0.22930123831253746,0.11513307698444389
E2b_h0.003_e0.05_L2_alibi_learn_attn_s1,L1H3,alibi_learn,-0.0005700279886837,0.2161656767129898,0.9281873095004861,0.812431860568551,0.15484273581325866,0.4651162153286012
E2b_h0.003_e0.05_L2_alibi_learn_attn_s2,L1H0,alibi_learn,0.5325681315558157,0.119542472064495,0.9357907619087616,0.3857395968973377,0.019511907351332382,0.3257823185519432
E2b_h0.003_e0.05_L2_alibi_learn_attn_s2,L1H1,alibi_learn,0.5681787078466228,0.1115525588393211,0.9222944271010622,0.37271485733206455,0.01847698758787594,0.3256943085499786
E2b_h0.003_e0.05_L2_alibi_learn_attn_s2,L1H2,alibi_learn,-0.0960197191829796,0.5223859548568726,0.8794628531773586,0.9324155692392525,0.26215641630525144,0.15219038094582832
E2b_h0.003_e0.05_L2_alibi_learn_attn_s2,L1H3,alibi_learn,-0.0051519939402698,0.2237220853567123,0.9400938208517564,0.8026155330029403,0.16859922403270913,0.4708654589433312
E2b_h0.003_e0.1_L2_alibi_learn_attn_s0,L1H0,alibi_learn,0.4911497015845495,0.0993364453315734,0.9362422474641755,0.35772974966040516,0.012991962970096324,0.3355103711539181
E2b_h0.003_e0.1_L2_alibi_learn_attn_s0,L1H1,alibi_learn,0.5267159740481361,0.0872954577207565,0.9082916541021012,0.35052773758434264,0.012570707596343773,0.32835404531488255
E2b_h0.003_e0.1_L2_alibi_learn_attn_s0,L1H2,alibi_learn,-0.0136933191075214,0.5804876089096069,0.8808245150283447,0.9360627821410803,0.2724632222187699,0.14502590077746144
E2b_h0.003_e0.1_L2_alibi_learn_attn_s0,L1H3,alibi_learn,-0.0033452757832866,0.1950733959674835,0.9436779205453903,0.771692336698705,0.12968440580487953,0.47541451978469673
E2b_h0.003_e0.1_L2_alibi_learn_attn_s1,L1H0,alibi_learn,0.5259221541231948,0.1123527884483337,0.915898940340194,0.32002141522806105,0.012359436612630238,0.3379625699758937
E2b_h0.003_e0.1_L2_alibi_learn_attn_s1,L1H1,alibi_learn,0.5155455853700347,0.0949870571494102,0.8629519584334362,0.282899899881899,0.01306218667178442,0.33581049813761543
E2b_h0.003_e0.1_L2_alibi_learn_attn_s1,L1H2,alibi_learn,-0.0430982913763603,0.5610361695289612,0.8769010534455699,0.946048875115288,0.26975216058751345,0.1507469534001801
E2b_h0.003_e0.1_L2_alibi_learn_attn_s1,L1H3,alibi_learn,-0.0002575050589251,0.2010783553123474,0.9352017285129788,0.7973718174557786,0.13799529229799015,0.47018759187959824
E2b_h0.003_e0.1_L2_alibi_learn_attn_s2,L1H0,alibi_learn,0.533302633782953,0.1115116029977798,0.9238454947060418,0.32817866214664293,0.012604117892916353,0.33646613855463864
E2b_h0.003_e0.1_L2_alibi_learn_attn_s2,L1H1,alibi_learn,0.5040307116594547,0.1055720299482345,0.8851812162498196,0.3020072238698971,0.011880170523742954,0.3375128887763304
E2b_h0.003_e0.1_L2_alibi_learn_attn_s2,L1H2,alibi_learn,-0.0318773121581765,0.5228230953216553,0.8756380878027306,0.9290730470676656,0.25099895293190977,0.15955593716142302
E2b_h0.003_e0.1_L2_alibi_learn_attn_s2,L1H3,alibi_learn,-0.0055657344753735,0.2061966210603714,0.943068103802995,0.784803830203479,0.14705892391452646,0.47238871938292515
E2b_h0.003_e0.2_L2_alibi_learn_attn_s0,L1H0,alibi_learn,0.4674339417709375,0.1080185621976852,0.7059805618105385,0.20974730058521351,0.0141725676925525,0.3344820237341131
E2b_h0.003_e0.2_L2_alibi_learn_attn_s0,L1H1,alibi_learn,0.5014445957486795,0.0920130014419555,0.6713930541623118,0.20609093633614373,0.010040880566726284,0.32000811229251025
E2b_h0.003_e0.2_L2_alibi_learn_attn_s0,L1H2,alibi_learn,0.0240441510196473,0.5190706849098206,0.8681309425713187,0.9587096833151949,0.24671376501823936,0.14088334199178856
E2b_h0.003_e0.2_L2_alibi_learn_attn_s0,L1H3,alibi_learn,0.0074270940125671,0.1839503943920135,0.9472535461484798,0.7413184154166435,0.11608067258247787,0.4804089013043259
E2b_h0.003_e0.2_L2_alibi_learn_attn_s1,L1H0,alibi_learn,0.5148686058465738,0.120619460940361,0.764045466576271,0.22791411294371544,0.0072588837613795105,0.3193934940369018
E2b_h0.003_e0.2_L2_alibi_learn_attn_s1,L1H1,alibi_learn,0.4532518362052247,0.1172789633274078,0.58901530190471,0.1591713454966095,0.00010000000000000009,0.24140435435056756
E2b_h0.003_e0.2_L2_alibi_learn_attn_s1,L1H2,alibi_learn,0.0210940472019797,0.4984999895095825,0.8670712404817259,0.9494534778977729,0.20937829760223883,0.13851937635845507
E2b_h0.003_e0.2_L2_alibi_learn_attn_s1,L1H3,alibi_learn,0.0094463232798163,0.2184587866067886,0.9377076881062492,0.7662371597076055,0.14316623846226278,0.4711885599789254
E2b_h0.003_e0.2_L2_alibi_learn_attn_s2,L1H0,alibi_learn,0.4857242684666442,0.1160051003098487,0.6876547463128575,0.203640504465472,0.010459405708249079,0.3308394934896355
E2b_h0.003_e0.2_L2_alibi_learn_attn_s2,L1H1,alibi_learn,0.4865547003236014,0.0974097028374672,0.6498346985114162,0.17464679955007123,0.013819002310051436,0.33288707679179536
E2b_h0.003_e0.2_L2_alibi_learn_attn_s2,L1H2,alibi_learn,0.0231037581788326,0.5006282925605774,0.8688405855374174,0.9472800906792499,0.2510288908823816,0.1660517366231965
E2b_h0.003_e0.2_L2_alibi_learn_attn_s2,L1H3,alibi_learn,0.0009103772776662,0.1939036697149276,0.946047697503387,0.7512467154992397,0.1285542795016188,0.4779419944805607
E2b_h0.003_e0.3_L2_alibi_learn_attn_s0,L1H0,alibi_learn,0.5178900422991755,0.1117070317268371,0.5612244952452325,0.15847533353036092,0.012399777085551868,0.3270588685469214
E2b_h0.003_e0.3_L2_alibi_learn_attn_s0,L1H1,alibi_learn,0.4260321849546107,0.0904938653111457,0.4790236386575808,0.15785954054959284,0.013356629910881004,0.33079735958765355
E2b_h0.003_e0.3_L2_alibi_learn_attn_s0,L1H2,alibi_learn,0.0584179564845851,0.4842150807380676,0.860828400720334,0.9319452732868041,0.2564596792100495,0.18656315859852268
E2b_h0.003_e0.3_L2_alibi_learn_attn_s0,L1H3,alibi_learn,-0.0002844296431776,0.1789856851100921,0.9478082469389386,0.7668281561902326,0.11740407000971988,0.47942567213458914
E2b_h0.003_e0.3_L2_alibi_learn_attn_s1,L1H0,alibi_learn,0.5104135722517006,0.1100440174341201,0.7658846425101311,0.2561127077870152,0.009944558259220094,0.3277077486922768
E2b_h0.003_e0.3_L2_alibi_learn_attn_s1,L1H1,alibi_learn,0.4293561677488929,0.0995086356997489,0.48305874425344675,0.11430812930807699,0.011077119971177555,0.33881129253789316
E2b_h0.003_e0.3_L2_alibi_learn_attn_s1,L1H2,alibi_learn,0.0546977259384386,0.4816353321075439,0.8672004532775428,0.9428504287012142,0.2492638620025698,0.16966789358808862
E2b_h0.003_e0.3_L2_alibi_learn_attn_s1,L1H3,alibi_learn,0.0042263067709575,0.2183948159217834,0.9392880177930898,0.8038071785516817,0.16182025422259627,0.46979912918402283
E2b_h0.003_e0.3_L2_alibi_learn_attn_s2,L1H0,alibi_learn,0.525905129400247,0.0895815044641494,0.5900004617327426,0.15695130781515043,0.015652080427993216,0.34888815119037553
E2b_h0.003_e0.3_L2_alibi_learn_attn_s2,L1H1,alibi_learn,0.3778534538752461,0.0778582617640495,0.5458829876178972,0.1978995282338809,0.012596255571451434,0.33499752921426806
E2b_h0.003_e0.3_L2_alibi_learn_attn_s2,L1H2,alibi_learn,0.1051532677307074,0.4896989166736603,0.8626579483169847,0.9301540799398795,0.25433356926205725,0.18296490210256258
E2b_h0.003_e0.3_L2_alibi_learn_attn_s2,L1H3,alibi_learn,-0.0099365483759421,0.1926523894071579,0.949024963158311,0.7655202008466064,0.12998135140202186,0.47791959909700915
E2b_h0.01_e0.05_L2_alibi_learn_attn_s0,L1H0,alibi_learn,0.5066521166326614,0.1331361383199691,0.9460827344575269,0.6016486109995847,0.04744632767582399,0.3394735861045408
E2b_h0.01_e0.05_L2_alibi_learn_attn_s0,L1H1,alibi_learn,0.5332653026213711,0.1321145445108413,0.9517693698698932,0.5541359463984183,0.046723326561208076,0.3395664824701258
E2b_h0.01_e0.05_L2_alibi_learn_attn_s0,L1H2,alibi_learn,-0.024025890005593,0.8006225824356079,0.8973018717330806,0.9480520709051103,0.33159741084749245,0.08899439558221484
E2b_h0.01_e0.05_L2_alibi_learn_attn_s0,L1H3,alibi_learn,-0.013143770300096,0.2355207055807113,0.9429890481907608,0.7939289671324316,0.17840743621905425,0.4735397238183434
E2b_h0.01_e0.05_L2_alibi_learn_attn_s1,L1H0,alibi_learn,0.4778503240822359,0.1151745319366455,0.9463252230632005,0.5914048650579367,0.0417558749764837,0.3777006061471428
E2b_h0.01_e0.05_L2_alibi_learn_attn_s1,L1H1,alibi_learn,0.4982991134426357,0.1117236167192459,0.9633882483075099,0.5927893030642619,0.04287456645833776,0.41968889059890746
E2b_h0.01_e0.05_L2_alibi_learn_attn_s1,L1H2,alibi_learn,0.0217834913866459,0.6661749482154846,0.9000929984240532,0.9484811624519031,0.26857430950387945,0.0691579802868127
E2b_h0.01_e0.05_L2_alibi_learn_attn_s1,L1H3,alibi_learn,0.0019024567065483,0.2083195298910141,0.9427750197519054,0.7653564966545287,0.15925494266734594,0.4729701047591785
E2b_h0.01_e0.05_L2_alibi_learn_attn_s2,L1H0,alibi_learn,0.5137051921407638,0.1552788317203521,0.9447494236654911,0.5868068404247762,0.051841276384906536,0.32213653132026976
E2b_h0.01_e0.05_L2_alibi_learn_attn_s2,L1H1,alibi_learn,0.5609850434063939,0.1521650701761245,0.9444575860559932,0.5790550981290368,0.04880419628548158,0.30916790658403576
E2b_h0.01_e0.05_L2_alibi_learn_attn_s2,L1H2,alibi_learn,-0.066278986885396,0.7461559176445007,0.8908718373349763,0.9596306766611526,0.3050981624527239,0.08266767404604193
E2b_h0.01_e0.05_L2_alibi_learn_attn_s2,L1H3,alibi_learn,-0.0072052017932337,0.2640258073806762,0.9283821517064004,0.8233517746866431,0.19647859610838087,0.4738086071607975
E2b_h0.01_e0.2_L2_alibi_learn_attn_s0,L1H0,alibi_learn,0.4969471586225459,0.1796225607395172,0.8962123023839426,0.3520603644773985,0.02723023015241923,0.34075272891839353
E2b_h0.01_e0.2_L2_alibi_learn_attn_s0,L1H1,alibi_learn,0.4963851792115714,0.1647993326187133,0.8952402902190417,0.3532448935107878,0.022021353813130414,0.335811844633989
E2b_h0.01_e0.2_L2_alibi_learn_attn_s0,L1H2,alibi_learn,0.009987101275495,0.7087441682815552,0.8614177242703549,0.963682236665641,0.3053065789090234,0.0992693979983666
E2b_h0.01_e0.2_L2_alibi_learn_attn_s0,L1H3,alibi_learn,-0.0015363701293402,0.2515996098518371,0.9381050892271714,0.8161564714119371,0.18381495547476934,0.4721737804135108
E2b_h0.01_e0.2_L2_alibi_learn_attn_s1,L1H0,alibi_learn,0.478279354393173,0.1210021302103996,0.9646608419486628,0.38353013809258096,0.02382739949121759,0.43422631722851346
E2b_h0.01_e0.2_L2_alibi_learn_attn_s1,L1H1,alibi_learn,0.4453557448673351,0.1677438914775848,0.9386269284118613,0.36012294394639477,0.027584616124956184,0.4527852575577381
E2b_h0.01_e0.2_L2_alibi_learn_attn_s1,L1H2,alibi_learn,0.0993830874569298,0.6702084541320801,0.8811653541176107,0.9671585302937419,0.2636171726098068,0.08700707887498225
E2b_h0.01_e0.2_L2_alibi_learn_attn_s1,L1H3,alibi_learn,-0.0230954351523115,0.0997180864214897,0.9589064694168571,0.7023745741487807,0.0680336405288298,0.47945530936344255
E2b_h0.01_e0.2_L2_alibi_learn_attn_s2,L1H0,alibi_learn,0.5080217449175966,0.1803368628025055,0.9137979522922515,0.35134568874080074,0.021944870239276097,0.3310690621206868
E2b_h0.01_e0.2_L2_alibi_learn_attn_s2,L1H1,alibi_learn,0.4833637651749475,0.1738463342189788,0.8963043702272026,0.35471591055832696,0.02323616260780716,0.33812426027081016
E2b_h0.01_e0.2_L2_alibi_learn_attn_s2,L1H2,alibi_learn,0.0155794717681146,0.7568906545639038,0.8747585943166796,0.9635068439939395,0.3077874810380098,0.08624889691201117
E2b_h0.01_e0.2_L2_alibi_learn_attn_s2,L1H3,alibi_learn,-0.0072587845533583,0.2355105876922607,0.945565678916475,0.7951112186512888,0.1771030270583611,0.4741857098319495
E2b_h0.01_e0.3_L2_alibi_learn_attn_s0,L1H0,alibi_learn,0.4735112301658952,0.1780136376619339,0.8664814687889694,0.2774291348642415,0.01865339490959346,0.3549715969723848
E2b_h0.01_e0.3_L2_alibi_learn_attn_s0,L1H1,alibi_learn,0.5050068188950518,0.1754934042692184,0.862172863917573,0.28097857195010745,0.01676878442758852,0.35005306069497844
E2b_h0.01_e0.3_L2_alibi_learn_attn_s0,L1H2,alibi_learn,0.020491851654891,0.6999379992485046,0.8696133560162541,0.9651232627354972,0.3109102524332218,0.1102175205818489
E2b_h0.01_e0.3_L2_alibi_learn_attn_s0,L1H3,alibi_learn,0.0024037442065859,0.2379334867000579,0.93672184175194,0.8207075777701647,0.1800803397187941,0.4711965983507871
E2b_h0.01_e0.3_L2_alibi_learn_attn_s1,L1H0,alibi_learn,0.4851656141398222,0.2059060335159301,0.8940977508162767,0.29792892240902613,0.026065551559080677,0.43448251035183594
E2b_h0.01_e0.3_L2_alibi_learn_attn_s1,L1H1,alibi_learn,0.430335673108673,0.2635353803634643,0.8389159016567843,0.2602619909613014,0.02575026380040025,0.43391628484059463
E2b_h0.01_e0.3_L2_alibi_learn_attn_s1,L1H2,alibi_learn,0.0801891753210738,0.6761890053749084,0.864946336586783,0.9659982258183607,0.27588720424834856,0.0971803716654403
E2b_h0.01_e0.3_L2_alibi_learn_attn_s1,L1H3,alibi_learn,0.0039056175749413,0.1349198073148727,0.9594697615983544,0.7488145889946618,0.09594592012334491,0.4786013988843666
E2b_h0.01_e0.3_L2_alibi_learn_attn_s2,L1H0,alibi_learn,0.4987165360959001,0.1932668983936309,0.8674099261167865,0.27594452910488787,0.01864625535372631,0.35877678038911504
E2b_h0.01_e0.3_L2_alibi_learn_attn_s2,L1H1,alibi_learn,0.4543528840149808,0.2256529331207275,0.8416004770928975,0.2644194087115158,0.01804772155777782,0.36443803682108855
E2b_h0.01_e0.3_L2_alibi_learn_attn_s2,L1H2,alibi_learn,0.0410609826280215,0.7392169833183289,0.8791316477006864,0.9605728412626519,0.3019788096261029,0.08192467275971477
E2b_h0.01_e0.3_L2_alibi_learn_attn_s2,L1H3,alibi_learn,0.0045782686861767,0.3074531257152557,0.9145463167204992,0.8373624840486964,0.22063407567171503,0.4745407773177767
E2b_h0.03_e0.05_L2_alibi_learn_attn_s0,L1H0,alibi_learn,0.5231445736785386,0.256357878446579,0.890437522318285,0.7632436091369468,0.11877644582519535,0.4383507253890631
E2b_h0.03_e0.05_L2_alibi_learn_attn_s0,L1H1,alibi_learn,0.4692091680748523,0.315976083278656,0.8772200090339127,0.779146958524668,0.1054236409820972,0.26884105612756837
E2b_h0.03_e0.05_L2_alibi_learn_attn_s0,L1H2,alibi_learn,0.0115987149892899,0.5550057888031006,0.8579095984770497,0.9153618207695726,0.31422103771333815,0.1881567512550425
E2b_h0.03_e0.05_L2_alibi_learn_attn_s0,L1H3,alibi_learn,-0.0034012093999546,0.341546356678009,0.9023193874271584,0.8175407116753712,0.2635701705998139,0.466945706392507
E2b_h0.03_e0.05_L2_alibi_learn_attn_s1,L1H0,alibi_learn,0.4901743748152027,0.1927692890167236,0.9384455202273679,0.7436349576740426,0.10360138679804708,0.46903641920382505
E2b_h0.03_e0.05_L2_alibi_learn_attn_s1,L1H1,alibi_learn,0.4757199392353606,0.2857789993286133,0.904093957997855,0.7828815164730586,0.1349193554509144,0.4452755557844226
E2b_h0.03_e0.05_L2_alibi_learn_attn_s1,L1H2,alibi_learn,0.0255988880617913,0.5579248666763306,0.861698573863676,0.9249013659963607,0.31515793111682044,0.17891419603537428
E2b_h0.03_e0.05_L2_alibi_learn_attn_s1,L1H3,alibi_learn,0.0080338855361272,0.3231960237026214,0.9095127506132231,0.8206419974934889,0.24546074958754444,0.4697895605910062
E2b_h0.03_e0.05_L2_alibi_learn_attn_s2,L1H0,alibi_learn,0.5128261556363481,0.220916286110878,0.9107691410844041,0.7488556581763255,0.10713460454497685,0.4511165753082121
E2b_h0.03_e0.05_L2_alibi_learn_attn_s2,L1H1,alibi_learn,0.4975447629746197,0.2323851287364959,0.9004456979360502,0.7548593940539734,0.11382990447998581,0.44171160035244134
E2b_h0.03_e0.05_L2_alibi_learn_attn_s2,L1H2,alibi_learn,-0.0003559885802071,0.7714724540710449,0.8917838518772753,0.9534618824296635,0.34776838162951335,0.10540650480537694
E2b_h0.03_e0.1_L2_alibi_learn_attn_s0,L1H0,alibi_learn,0.5208980980136231,0.2517720460891723,0.9234076256428327,0.6906362820519822,0.10176227831415054,0.4403673505417858
E2b_h0.03_e0.1_L2_alibi_learn_attn_s0,L1H1,alibi_learn,0.5100401518399087,0.2616235911846161,0.9188894163769447,0.6894897707981319,0.10230926018836577,0.44895056740913286
E2b_h0.03_e0.1_L2_alibi_learn_attn_s0,L1H2,alibi_learn,0.0232351608966534,0.6936836242675781,0.8852714655371664,0.965871149498952,0.31112061297714044,0.09372298696119061
E2b_h0.03_e0.1_L2_alibi_learn_attn_s0,L1H3,alibi_learn,-0.0529262002694155,0.2602415680885315,0.938044587827912,0.7999159055735184,0.1926672260326301,0.47741934022357535
E2b_h0.03_e0.1_L2_alibi_learn_attn_s1,L1H0,alibi_learn,0.469794225668476,0.1892957389354705,0.9563865005086454,0.7013177011698035,0.09457156034218284,0.468181180702908
E2b_h0.03_e0.1_L2_alibi_learn_attn_s1,L1H1,alibi_learn,0.4820662069497883,0.2413112819194793,0.9333760851637868,0.7238079049366422,0.10171743766923867,0.46328051638441686
E2b_h0.03_e0.1_L2_alibi_learn_attn_s1,L1H2,alibi_learn,0.0584361086921059,0.7390623092651367,0.8996009409031948,0.9531544978972935,0.3184950306565681,0.08056895597672516
E2b_h0.03_e0.1_L2_alibi_learn_attn_s1,L1H3,alibi_learn,-0.0110901787120438,0.2937632501125335,0.9154926108404434,0.827277787276518,0.214005562277548,0.47522902766221553
E2b_h0.03_e0.1_L2_alibi_learn_attn_s2,L1H0,alibi_learn,0.4943580379559901,0.1908106654882431,0.96031027744489,0.6805766020166608,0.08798680369360222,0.469549559150236
E2b_h0.03_e0.1_L2_alibi_learn_attn_s2,L1H1,alibi_learn,0.4570543914722467,0.261422336101532,0.9185328341208102,0.700977865733498,0.10176705660077721,0.45672555905136225
E2b_h0.03_e0.1_L2_alibi_learn_attn_s2,L1H2,alibi_learn,0.0783226610832602,0.7856590747833252,0.8932312027166471,0.9618691717142133,0.35324860949965725,0.09963670832606443
E2b_h0.03_e0.1_L2_alibi_learn_attn_s2,L1H3,alibi_learn,-0.0306302135946693,0.2583192586898803,0.9414761592955333,0.7897568316189151,0.1890089879631158,0.4777845291609106
E2b_h0.03_e0.3_L2_alibi_learn_attn_s0,L1H0,alibi_learn,0.4682380930591379,0.2096137404441833,0.9531639748670013,0.5460661263141084,0.06348314611967533,0.44966381699182995
E2b_h0.03_e0.3_L2_alibi_learn_attn_s0,L1H1,alibi_learn,0.4464198497391622,0.2066651135683059,0.945010611843716,0.539290040635175,0.06257102689420041,0.44641301710507386
E2b_h0.03_e0.3_L2_alibi_learn_attn_s0,L1H2,alibi_learn,0.158770329665146,0.8671495914459229,0.9110626790015699,0.9670926954460333,0.3165913291945422,0.060888368356337194
E2b_h0.03_e0.3_L2_alibi_learn_attn_s0,L1H3,alibi_learn,-0.0738380060326667,0.2724890112876892,0.9314419631279023,0.8097177692566677,0.19893636412010196,0.47694315816805577
E2b_h0.03_e0.3_L2_alibi_learn_attn_s1,L1H0,alibi_learn,0.4831896277882672,0.1783119142055511,0.9778168329276965,0.5628902016525608,0.06615086746474394,0.4719931613599646
E2b_h0.03_e0.3_L2_alibi_learn_attn_s1,L1H1,alibi_learn,0.4364351988274411,0.1868865936994552,0.9774244389780229,0.5417820080780797,0.06662993320977396,0.47537624495975245
E2b_h0.03_e0.3_L2_alibi_learn_attn_s1,L1H2,alibi_learn,0.1580789314613484,0.8056073188781738,0.8836444710576449,0.964708105792493,0.29758495960404796,0.07252016743949892
E2b_h0.03_e0.3_L2_alibi_learn_attn_s1,L1H3,alibi_learn,-0.0790125724185752,0.1718606650829315,0.952284243854218,0.7618447820100563,0.11709167317103253,0.48178178568020336
E2b_h0.03_e0.3_L2_alibi_learn_attn_s2,L1H0,alibi_learn,0.4246528244735311,0.2103940993547439,0.9582206541974052,0.5362398952523248,0.06477408481565014,0.45734335261983466
E2b_h0.03_e0.3_L2_alibi_learn_attn_s2,L1H1,alibi_learn,0.4986487297629636,0.2058176845312118,0.9631013476005217,0.567531443592072,0.06791631392941794,0.45679363961195685
E2b_h0.03_e0.3_L2_alibi_learn_attn_s2,L1H2,alibi_learn,0.1363163361526152,0.8868713974952698,0.9128141528533076,0.9698878277234256,0.3213007246074829,0.0568564224213777
E2b_h0.03_e0.3_L2_alibi_learn_attn_s2,L1H3,alibi_learn,-0.0589136955736553,0.2345743030309677,0.9413086370447066,0.8044526292535972,0.17767894679272736,0.4732069875865415
E2c_h0.01_e0.1_L2_alibi_learn_attn_cf0.2_s0,L1H0,alibi_learn,0.299576041258986,0.0283620692789554,0.8466825061265191,0.5870967292118738,0.006643099223434379,0.4138440586468087
E2c_h0.01_e0.1_L2_alibi_learn_attn_cf0.2_s0,L1H1,alibi_learn,0.3394940504272504,0.0474670715630054,0.9293132853249484,0.5600751908891004,0.011058272605016095,0.4167658623598425
E2c_h0.01_e0.1_L2_alibi_learn_attn_cf0.2_s0,L1H2,alibi_learn,0.1891240582789465,0.2145483642816543,0.9355276450549286,0.7882721686054895,0.150317472368137,0.4712440199001254
E2c_h0.01_e0.1_L2_alibi_learn_attn_cf0.2_s0,L1H3,alibi_learn,0.1721270623502698,0.3458613157272339,0.9054352208752183,0.8175378256300788,0.26822744558663925,0.46894626400186523
E2c_h0.01_e0.1_L2_alibi_learn_attn_cf0.2_s1,L1H0,alibi_learn,0.3107754888871583,0.029827207326889,0.8572490662959571,0.6295898432247817,0.003017088168272581,0.41051906859387904
E2c_h0.01_e0.1_L2_alibi_learn_attn_cf0.2_s1,L1H1,alibi_learn,0.3324551326338146,0.0471773408353328,0.920723826191206,0.5816361400988773,0.011668740015092764,0.41136515650467387
E2c_h0.01_e0.1_L2_alibi_learn_attn_cf0.2_s1,L1H2,alibi_learn,0.1942006370446634,0.2133462280035019,0.929282104654609,0.801650000789415,0.14593947701010962,0.46892462843037996
E2c_h0.01_e0.1_L2_alibi_learn_attn_cf0.2_s1,L1H3,alibi_learn,0.1629414653760572,0.3432829678058624,0.9050531037809418,0.8184423451044804,0.2637796883991989,0.469046069381227
E2c_h0.01_e0.1_L2_alibi_learn_attn_cf0.2_s2,L1H0,alibi_learn,0.3092839648069856,0.0296619981527328,0.8776508868653934,0.6623717882430136,0.0038483348970335058,0.41051906859387904
E2c_h0.01_e0.1_L2_alibi_learn_attn_cf0.2_s2,L1H1,alibi_learn,0.3268145290033197,0.0461964644491672,0.9392027658409811,0.568169681004522,0.017483993233636346,0.3932180342654061
E2c_h0.01_e0.1_L2_alibi_learn_attn_cf0.2_s2,L1H2,alibi_learn,0.1872612486234119,0.2102769613265991,0.9360216889743107,0.7861503231742771,0.14321987567892816,0.4716697267634039
E2c_h0.01_e0.1_L2_alibi_learn_attn_cf0.2_s2,L1H3,alibi_learn,0.1773928079505501,0.3529379069805145,0.9044391861489474,0.8186598843407773,0.2792243150872943,0.4678358947708357
E2c_h0.03_e0.2_L2_alibi_learn_attn_cf0.2_s0,L1H0,alibi_learn,0.4342574132636796,0.0935148671269416,0.9782220578355134,0.5197565513154201,0.007985965520693899,0.49
E2c_h0.03_e0.2_L2_alibi_learn_attn_cf0.2_s0,L1H1,alibi_learn,0.4492927877222574,0.1151255220174789,0.9688804593470038,0.5768455699026099,0.00010000000000000009,0.49
E2c_h0.03_e0.2_L2_alibi_learn_attn_cf0.2_s0,L1H2,alibi_learn,0.0816678629103774,0.6205388903617859,0.8743193841135853,0.9533212194829167,0.29338743771069803,0.1304296730680633
E2c_h0.03_e0.2_L2_alibi_learn_attn_cf0.2_s0,L1H3,alibi_learn,0.03588705405737,0.4043843746185303,0.8853508272792971,0.8848777368422028,0.34978074523599095,0.4521570491183328
E2c_h0.03_e0.2_L2_alibi_learn_attn_cf0.2_s1,L1H0,alibi_learn,0.4371173127785789,0.0941945314407348,0.9821495374037297,0.5344142029397245,0.043986876614841915,0.4724677388904286
E2c_h0.03_e0.2_L2_alibi_learn_attn_cf0.2_s1,L1H1,alibi_learn,0.4416892322640348,0.1181410327553749,0.9682761975178097,0.5718420016744806,0.00010000000000000009,0.49
E2c_h0.03_e0.2_L2_alibi_learn_attn_cf0.2_s1,L1H2,alibi_learn,0.0866841381538276,0.6365155577659607,0.8782219271020685,0.955659831949081,0.29301706477202705,0.1262760886421044
E2c_h0.03_e0.2_L2_alibi_learn_attn_cf0.2_s1,L1H3,alibi_learn,0.0341363846532003,0.4066122770309448,0.884911785996661,0.8855867692702954,0.35267615748885545,0.4516137215527117
E2c_h0.03_e0.2_L2_alibi_learn_attn_cf0.2_s2,L1H0,alibi_learn,0.4457253886023432,0.0968833044171333,0.9799379855993676,0.5393543389918083,0.044063581635202444,0.47662302649923083
E2c_h0.03_e0.2_L2_alibi_learn_attn_cf0.2_s2,L1H1,alibi_learn,0.4287531251946098,0.1187435910105705,0.9724894061893501,0.5924403085221921,0.05347723134343502,0.47493781000672297
E2c_h0.03_e0.2_L2_alibi_learn_attn_cf0.2_s2,L1H2,alibi_learn,0.083380251588155,0.6143797636032104,0.8740938254877897,0.9548144354176817,0.2930511931018012,0.1373825614907249
E2c_h0.03_e0.2_L2_alibi_learn_attn_cf0.2_s2,L1H3,alibi_learn,0.0421253079658004,0.402923971414566,0.8892535856171806,0.8781944691621401,0.3469192766913112,0.4541915075629835
