b_d,b_recent,b_variant,b_lnsame,r2,head,mass,cond
0.15621886971663626,0.41132600772797717,-0.7229412020084024,0.32569719722407564,0.7036464167597245,0,0.9999999994678157,base
0.14286144530787695,0.569617591721976,-0.390769932524017,0.6087757145025304,0.6682184201849317,1,0.999999888241291,base
0.13221583695874914,11.45426173580221,-0.17226083156399075,-1.0487068408529496,0.8445459382230244,2,1.0,base
0.18906344219575694,2.2052187992426333,-0.07821534054097284,-0.3627455390571145,0.9707724106395234,3,0.651750183265124,base
0.058824404506821776,-0.35829604987309116,-0.7395029660489494,1.0862011027927865,0.030107552443363272,0,1.0,h0_q
0.019146402494468473,1.5430794946982065,0.1455649513809961,1.1099190153589102,0.012881324218572687,1,0.999999998403447,h0_q
0.13157016446193717,10.836813687516466,-0.0791367791638251,0.048025613093598096,0.7615201227057447,2,1.0,h0_q
0.18788575904502158,1.8342919305189473,-0.1442530757527178,-0.1705953408492369,0.9776644114578178,3,0.9363955482840538,h0_q
0.16742683039193956,0.24873401211010424,-0.672599506620978,0.15219489949698123,0.9111917377711867,0,0.9999995284846851,h0_k
0.16355314841076488,0.2450500109318021,-0.3250214753363344,0.2482283772687837,0.957196456763517,1,0.9999925935907024,h0_k
0.132374707522694,11.582992502334756,-0.17061782932133693,-1.2689268565542955,0.8589029682694218,2,1.0,h0_k
0.1884738425607658,2.2891654846627962,-0.10358455364442663,-0.3381590113430747,0.9660026237123565,3,0.48490738842104164,h0_k
0.15621886971663626,0.41132600772797717,-0.7229412020084024,0.32569719722407564,0.7036464167597245,0,0.9999999994678157,h0_v
0.14286144530787695,0.569617591721976,-0.390769932524017,0.6087757145025304,0.6682184201849317,1,0.999999888241291,h0_v
0.13221583695874914,11.45426173580221,-0.17226083156399075,-1.0487068408529496,0.8445459382230244,2,1.0,h0_v
0.18906344219575694,2.2052187992426333,-0.07821534054097284,-0.3627455390571145,0.9707724106395234,3,0.651750183265124,h0_v
0.14898767131799173,0.1335610976393541,-0.911786995925245,0.9209006273589002,0.41338633185092044,0,0.9999979457684925,h0_all
0.14393891110352172,1.1201573126366022,0.07807882592738381,1.2372294059183542,0.5605300360950995,1,0.9999996146985463,h0_all
0.12718982042605778,11.615874724205117,-0.3992872083703332,-0.598719529552775,0.7946476903612963,2,0.9999999994678157,h0_all
0.19221180647535618,2.1361191045085017,-0.21417323461587814,-0.18218104469523078,0.9644504727096289,3,0.8380510626094682,h0_all
0.13230692963410784,0.5667764704288102,-0.5303893653709161,0.39822964927836324,0.6468746255855969,0,0.999999996806894,h1_q
0.11773557843701174,0.9169062130959285,-0.1531239251844802,0.6109535944557443,0.5322091012062306,1,0.9999978286879403,h1_q
0.13292343173948448,11.471347708927555,-0.22425995786259598,-1.1463448949986046,0.8520094857016894,2,1.0,h1_q
0.18419279796109772,2.255719953334625,-0.02961443880088844,-0.35266884573440505,0.9693181130873614,3,0.35259986243077684,h1_q
0.14447671635312467,1.2976095395954728,-0.0015020077702373293,-0.05605702809942609,0.5840778727162393,0,0.9999999962747097,h1_k
0.1405641316704814,1.0870221121714094,0.025401804347961843,0.264084867082022,0.6291429612264523,1,0.9999998068170888,h1_k
0.12952397662235873,11.883825662269643,-0.033254469020059234,-1.4415342364240975,0.86574465026911,2,0.9999999994678157,h1_k
0.18909981317314747,2.3078059388823124,-0.004010377429456486,-0.4106662593915281,0.971005141251716,3,0.7438035383820534,h1_k
0.15621886971663626,0.41132600772797717,-0.7229412020084024,0.32569719722407564,0.7036464167597245,0,0.9999999994678157,h1_v
0.14286144530787695,0.569617591721976,-0.390769932524017,0.6087757145025304,0.6682184201849317,1,0.999999888241291,h1_v
0.13221583695874914,11.45426173580221,-0.17226083156399075,-1.0487068408529496,0.8445459382230244,2,1.0,h1_v
0.18906344219575694,2.2052187992426333,-0.07821534054097284,-0.3627455390571145,0.9707724106395234,3,0.651750183265124,h1_v
0.12869247211010357,1.182475566079854,-0.02912690213069758,-0.19034580372075305,0.5425770729759085,0,0.9999999473137515,h1_all
0.12235690699686197,1.1630637109169344,0.01367373243261109,0.0750759179266865,0.53705142920967,1,0.9999965120639119,h1_all
0.12991173978343976,11.900162881570187,-0.03200944655909952,-1.452382050522448,0.8681335838466445,2,1.0,h1_all
0.1846000336878576,2.3280564016470806,-0.005165057002727106,-0.446224994616744,0.9695658512054619,3,0.4257130553679807,h1_all
0.15540250297847777,0.40716495819745024,-0.7189159386775549,0.3255070689543307,0.6985942393139957,0,1.0,h2_q
0.1411427150001905,0.5983215809509973,-0.3792873553256083,0.6203958733792064,0.6545608818598119,1,0.9999998765332359,h2_q
0.1320137810981831,11.471446976918026,-0.18540767922173151,-1.056242195906159,0.8449602523670867,2,0.9999999994678157,h2_q
0.18856709841585204,2.21312754276975,-0.07658581008222858,-0.36554206799017996,0.9705597987038498,3,0.6089385085340057,h2_q
0.15530445640621124,-0.13607897648914366,-0.6883156924509347,-0.34076503336395086,0.6474508878474858,0,0.9999999994678157,h2_k
0.13034658979853708,0.6629063401012231,-0.4492860687513505,-0.15008290616750825,0.48800861421013486,1,0.999995374253818,h2_k
0.1454608600095427,10.453663723733763,-0.13344948946146762,-1.2156438192509094,0.8579001623640238,2,0.9999999989356313,h2_k
0.19020765615760446,2.0998051814492578,-0.08085483940283249,-0.34878982017349114,0.9704442285399631,3,0.6630789791899068,h2_k
0.15621886971663626,0.41132600772797717,-0.7229412020084024,0.32569719722407564,0.7036464167597245,0,0.9999999994678157,h2_v
0.14286144530787695,0.569617591721976,-0.390769932524017,0.6087757145025304,0.6682184201849317,1,0.999999888241291,h2_v
0.13221583695874914,11.45426173580221,-0.17226083156399075,-1.0487068408529496,0.8445459382230244,2,1.0,h2_v
0.18906344219575694,2.2052187992426333,-0.07821534054097284,-0.3627455390571145,0.9707724106395234,3,0.651750183265124,h2_v
0.15459941208781486,-0.14241200559395265,-0.6853464883282995,-0.3364482112038665,0.6453064621878605,0,1.0,h2_all
0.12851468631696567,0.7054099817673779,-0.4388486636100714,-0.13886008936798444,0.4724839886492359,1,0.9999932636107717,h2_all
0.1455770005246937,10.439116568372295,-0.14506048284423312,-1.2199180623352617,0.8582251605625285,2,0.9999999994678157,h2_all
0.1897395851591199,2.109856404952674,-0.07958994763931596,-0.35075183079310635,0.9702380147699444,3,0.6219937937068087,h2_all
0.15868956098090348,0.3913512889458677,-0.7081758529344555,0.30403648618030915,0.7321666221559724,0,0.9999999978712627,h3_q
0.14741824625309322,0.4909194937770496,-0.4040989282109957,0.569431179816409,0.7030383097213992,1,0.9999997935124806,h3_q
0.1324925859069684,11.451089535702764,-0.17862826774018015,-1.0659150863491376,0.8458797273857213,2,1.0,h3_q
0.18905065266763926,2.2206765517680793,-0.07983143473713665,-0.36594917324263365,0.970283551669512,3,0.6356809176504612,h3_q
0.12976101859343925,1.7154702175505987,-0.3360509164828934,0.48366063703316753,0.5700954828720453,0,0.22182313440966286,h3_k
0.11740607932196435,1.7145089220666605,-0.06119094894671966,0.833385634114375,0.477525211379097,1,0.2081155256767358,h3_k
0.026913820473172437,11.522646160779745,0.8855939787659692,-1.1065214115547426,0.7238770353208734,2,0.012268202563307398,h3_k
0.1507612181990965,3.214533796175468,0.011367957502475419,-0.43813648422372353,0.9425860683410202,3,0.007653708858145235,h3_k
0.15621886971663626,0.41132600772797717,-0.7229412020084024,0.32569719722407564,0.7036464167597245,0,0.9999999994678157,h3_v
0.14286144530787695,0.569617591721976,-0.390769932524017,0.6087757145025304,0.6682184201849317,1,0.999999888241291,h3_v
0.13221583695874914,11.45426173580221,-0.17226083156399075,-1.0487068408529496,0.8445459382230244,2,1.0,h3_v
0.18906344219575694,2.2052187992426333,-0.07821534054097284,-0.3627455390571145,0.9707724106395234,3,0.651750183265124,h3_v
0.1331729845086934,1.6629684071756288,-0.3364166235152165,0.447557065979181,0.6065088836053323,0,0.21864906849805266,h3_all
0.12306403054593433,1.6015702176777158,-0.09614163006356805,0.7763002725307727,0.5209695985957903,1,0.20506558055058122,h3_all
0.03384251108870355,11.688639751164416,0.8397299785256279,-1.0836953094211794,0.7399864420031164,2,0.016032809634197478,h3_all
0.15269965740076108,3.183605195479761,0.004240086982199644,-0.4398288295619308,0.9437389407519667,3,0.009074837566004135,h3_all
