run,head,pe,decay,r2_bayes,cv_bayes,r2_logratio,cv_logratio,r2_bounded,cv_bounded
E1_h0.01_e0.1_L2_alibi_learn_attn_s0,L1H0,alibi_learn,0.1729295253753662,0.8918181324078887,0.8572814773549687,0.6265479681061896,0.43257023049310195,0.35606102551632657,0.12359123219756407
E1_h0.01_e0.1_L2_alibi_learn_attn_s0,L1H1,alibi_learn,0.1507883369922638,0.8495547805912045,0.8278170741612999,0.6386850354521975,0.516672760611766,0.3274099322693581,0.10823403706235901
E1_h0.01_e0.1_L2_alibi_learn_attn_s0,L1H2,alibi_learn,0.7252985239028931,0.9622311851655632,0.9452321466561394,0.9823714089678981,0.9784208977667992,0.8988025979881819,0.8222332920849442
E1_h0.01_e0.1_L2_alibi_learn_attn_s0,L1H3,alibi_learn,0.2921815812587738,0.9500802286346638,0.5760245537648132,0.9993596495050185,0.9990051390327925,0.665111622416888,0.42976194716735105
E1_h0.01_e0.1_L2_alibi_learn_attn_s1,L1H0,alibi_learn,0.1066774949431419,0.9819270664364392,0.9566059782457929,0.9038445833570908,0.6609862889742237,0.4612799601373042,-0.06782172986706492
E1_h0.01_e0.1_L2_alibi_learn_attn_s1,L1H1,alibi_learn,0.1179962009191513,0.9718077385396251,0.9331175421163685,0.8981806130552479,0.721777104004623,0.4556975557170362,0.002593880821980088
E1_h0.01_e0.1_L2_alibi_learn_attn_s1,L1H2,alibi_learn,0.7647891640663147,0.9369828377592793,0.8467876252815805,0.9785125549656867,0.9739889099835772,0.9017987684679671,0.7863218312352476
E1_h0.01_e0.1_L2_alibi_learn_attn_s1,L1H3,alibi_learn,0.1367584466934204,0.9815000121833656,0.644130484284207,0.9994238520176831,0.9987655464249343,0.6396641676596999,0.24580135015077986
E1_h0.01_e0.1_L2_alibi_learn_attn_s2,L1H0,alibi_learn,0.1750178188085556,0.8610970021278315,0.8297686822676628,0.6488796117697889,0.5270637418821796,0.3274121427990415,0.08022991967545778
E1_h0.01_e0.1_L2_alibi_learn_attn_s2,L1H1,alibi_learn,0.1683153212070465,0.8619167946173576,0.8443592474742867,0.6512433199862775,0.5353340369430892,0.35228926620266743,0.13801568600268554
E1_h0.01_e0.1_L2_alibi_learn_attn_s2,L1H2,alibi_learn,0.7291454672813416,0.9426217362890287,0.9236316317903233,0.9781557915984235,0.9721770116691726,0.9222168627084164,0.8629699797015022
E1_h0.01_e0.1_L2_alibi_learn_attn_s2,L1H3,alibi_learn,0.2799291312694549,0.9521282220043075,0.5883553065345505,0.9993649764468792,0.9990731765589912,0.6995045417000179,0.45673240339733334
E1_h0.03_e0.2_L2_alibi_learn_attn_s0,L1H0,alibi_learn,0.2414150238037109,0.9672402421380383,0.895946036323575,0.8350589889819372,0.727857532418478,0.40663623940016236,0.0035923907786771236
E1_h0.03_e0.2_L2_alibi_learn_attn_s0,L1H1,alibi_learn,0.242705225944519,0.952388456002865,0.9008643563039564,0.827859444738847,0.7534242345007927,0.43274995309623654,0.09029177809615518
E1_h0.03_e0.2_L2_alibi_learn_attn_s0,L1H3,alibi_learn,0.2238576114177703,0.9604427600613549,0.5796067408528214,0.9997822334201296,0.999662623340515,0.7081734786316571,0.4012878577972607
E1_h0.03_e0.2_L2_alibi_learn_attn_s1,L1H0,alibi_learn,0.2015261203050613,0.9702618086103391,0.9148424831605543,0.8750691917652472,0.7114210524555395,0.4452798045632166,-0.004727663976222818
E1_h0.03_e0.2_L2_alibi_learn_attn_s1,L1H1,alibi_learn,0.2216861546039581,0.9732856579407861,0.9438780936458786,0.8769011673907778,0.7214083480777582,0.4487116309164554,0.005917629244130529
E1_h0.03_e0.2_L2_alibi_learn_attn_s1,L1H3,alibi_learn,0.202659398317337,0.952284618873963,0.5924941057151429,0.9995074421150466,0.998572640951056,0.7204755019005965,0.42013986580481666
E1_h0.03_e0.2_L2_alibi_learn_attn_s2,L1H0,alibi_learn,0.2268701940774917,0.9664931057860202,0.846431385302796,0.8533420556600868,0.6882602480923663,0.40251816385231476,-0.053120058633634226
E1_h0.03_e0.2_L2_alibi_learn_attn_s2,L1H1,alibi_learn,0.2469125688076019,0.9449717055663699,0.8854368922598713,0.8222556559866964,0.6830553261570418,0.39515757478200497,-0.003282594544940176
E1_h0.03_e0.2_L2_alibi_learn_attn_s2,L1H3,alibi_learn,0.1908434182405471,0.9555502920666935,0.577780449035587,0.9996841461664054,0.9996633402532737,0.7183840978351419,0.4220162635364514
E2a_h0.01_e0.1_L2_learned_abs_attn_s0,L1H0,learned_abs,0.1526021178254501,0.9530437020820554,0.7520106145422488,0.8799477293941589,0.7879189699512199,0.46634636676393537,0.04621166716949232
E2a_h0.01_e0.1_L2_learned_abs_attn_s0,L1H1,learned_abs,0.1517241812626205,0.9428287218496585,0.725714952799444,0.8315724255354311,0.55049900486791,0.4275177140469403,-0.09302503502438575
E2a_h0.01_e0.1_L2_learned_abs_attn_s0,L1H2,learned_abs,0.1834480923385621,0.9409171151715819,0.9171408964035899,0.8839691034167638,0.7874958420659459,0.4731331585677494,0.08246070554923579
E2a_h0.01_e0.1_L2_learned_abs_attn_s0,L1H3,learned_abs,0.129901251375628,0.8378577119278865,0.5598339957162415,0.8976851735233666,0.6686011619262593,0.7230969638857829,0.5942740040263853
E2a_h0.01_e0.1_L2_learned_abs_attn_s1,L1H0,learned_abs,0.191665705417084,0.9132018493175329,0.7165639293744402,0.8511695092900023,0.7254006090640753,0.4462865442451597,-0.00873960032707588
E2a_h0.01_e0.1_L2_learned_abs_attn_s1,L1H1,learned_abs,0.1362751325840919,0.9490560673413737,0.5109324687970649,0.8783622289079847,0.7381118591432099,0.45744487203800555,-0.009044437919853987
E2a_h0.01_e0.1_L2_learned_abs_attn_s1,L1H2,learned_abs,0.107697150096745,0.8373547122223838,0.5153252676080708,0.7793955115396968,0.12525940399485203,0.8238795354049067,0.7429673814802733
E2a_h0.01_e0.1_L2_learned_abs_attn_s1,L1H3,learned_abs,0.1877083645466289,0.9213810534728976,0.5858935337926434,0.9082926482046595,0.8717744248650401,0.5365097626425592,0.29044097628526433
E2a_h0.01_e0.1_L2_learned_abs_attn_s2,L1H0,learned_abs,0.1318590708015959,0.9060209024065317,0.7834800950301338,0.8723037744700828,0.8458672131030769,0.5568587393480362,0.3308539638003757
E2a_h0.01_e0.1_L2_learned_abs_attn_s2,L1H1,learned_abs,0.180238477737248,0.8896364018742382,0.7873506440628193,0.8273576972442178,0.7826059995147742,0.48604948115425817,0.1857669899821599
E2a_h0.01_e0.1_L2_learned_abs_attn_s2,L1H2,learned_abs,0.159829759191038,0.9356390141841423,0.9108285126038999,0.7817067606594255,0.7292427888926969,0.4670875562493596,0.22082742463803595
E2a_h0.01_e0.1_L2_rope_attn_s0,L1H0,rope,0.1060293585314248,0.6431519993395713,-0.3940950867060302,0.5830053956302217,-0.16388053023330396,0.7029743479319939,0.5759711967057084
E2a_h0.01_e0.1_L2_rope_attn_s0,L1H1,rope,0.083362373449216,0.8845054901098135,0.8323995308996073,0.7009556553749414,0.5196793345575783,0.5814787264695467,0.44165238573547627
E2a_h0.01_e0.1_L2_rope_attn_s0,L1H2,rope,0.075867011708155,0.8861603410373328,0.8427033969824687,0.743546993748258,0.5398293597555269,0.6520433654524236,0.5495882415315712
E2a_h0.01_e0.1_L2_rope_attn_s0,L1H3,rope,0.1391018530991554,0.7189476137197809,0.6168968223565757,0.7507492490205312,0.41156236970212645,0.7361663754806851,0.6620988771384375
E2a_h0.01_e0.1_L2_rope_attn_s1,L1H0,rope,0.0748816286418643,0.9326187838456,0.9238846959255154,0.732324235376296,0.6592263322258595,0.5184636774311424,0.2832249218688617
E2a_h0.01_e0.1_L2_rope_attn_s1,L1H1,rope,0.2012499461404385,0.5544575154713554,0.2235322457843416,0.6198234710404376,0.49269005455022374,0.5790655213566216,0.44040652494961996
E2a_h0.01_e0.1_L2_rope_attn_s1,L1H2,rope,0.0975207907313078,0.9060933820101104,0.8850384745858243,0.7844505351110418,0.7251449481013033,0.5707594642743251,0.33009598830180154
E2a_h0.01_e0.1_L2_rope_attn_s1,L1H3,rope,0.1342913781983146,0.7619803272945876,0.06526251266140404,0.7642232728733803,0.2849570180749784,0.7473418019626146,0.6641624924565477
E2a_h0.01_e0.1_L2_rope_attn_s2,L1H0,rope,0.1000717270840877,0.8722214527185176,0.8538339506551671,0.7035473586581527,0.6233102084983722,0.5309643300810705,0.3414861681671555
E2a_h0.01_e0.1_L2_rope_attn_s2,L1H1,rope,0.1200417057574785,0.8545620215847346,0.796636197273834,0.7907269568329105,0.7515396116059598,0.618342233661952,0.42150028012059315
E2a_h0.01_e0.1_L2_rope_attn_s2,L1H2,rope,0.1172497206069125,0.8479162910918157,0.7533528887890819,0.7139888599894033,0.6228278747904521,0.4937831911127213,0.22620021287300174
E2a_h0.01_e0.1_L2_rope_attn_s2,L1H3,rope,0.1147363041571936,0.6547587361948559,-0.30438972738875414,0.6263164822015523,0.001447261692693047,0.7482785233724492,0.6503907996913454
E2a_h0.03_e0.2_L2_learned_abs_attn_s0,L1H0,learned_abs,0.2243048398397664,0.8617141881027387,0.8297958992518955,0.8668519791669911,0.8231347240931715,0.7304261593150597,0.6624202238916697
E2a_h0.03_e0.2_L2_learned_abs_attn_s0,L1H1,learned_abs,0.1467018722718114,0.9460355118937354,0.5202674127964304,0.9218550644267522,0.8470653082955371,0.5330575662390968,0.19475236032408905
E2a_h0.03_e0.2_L2_learned_abs_attn_s0,L1H3,learned_abs,0.1766021142911223,0.9392943479925907,0.641316482517274,0.932924926046037,0.8615341291439557,0.5690729712806534,0.13920743967159732
E2a_h0.03_e0.2_L2_learned_abs_attn_s1,L1H0,learned_abs,0.1881618199142366,0.9190643459749104,0.8784066042326139,0.7147488138188887,0.5438185778221549,0.48231984134943084,0.2898284053193376
E2a_h0.03_e0.2_L2_learned_abs_attn_s1,L1H1,learned_abs,0.1328704855673288,0.930370756572178,0.8839501626501111,0.6332948070855453,0.5668182005077679,0.38351487473628576,0.16393219066407827
E2a_h0.03_e0.2_L2_learned_abs_attn_s1,L1H2,learned_abs,0.1378034022173869,0.903423337543165,0.8266110129532018,0.7374114619532441,0.09666703775329599,0.751353186667851,0.6782599477531615
E2a_h0.03_e0.2_L2_learned_abs_attn_s1,L1H3,learned_abs,0.2065400677565662,0.9359606808428589,0.909479234027363,0.6609619243932399,0.45671883027008264,0.4549661926626065,0.246465890887254
E2a_h0.03_e0.2_L2_learned_abs_attn_s2,L1H1,learned_abs,0.2060925118537058,0.8273986686017345,0.6757158280473688,0.7373231130986592,0.3338136503582183,0.6112804470435437,0.42966258301128035
E2a_h0.03_e0.2_L2_learned_abs_attn_s2,L1H2,learned_abs,0.1177190824824348,0.9124250165787238,0.6364195964488042,0.9076450786239028,0.883840639604511,0.48625874191501417,0.08704081969253019
E2a_h0.03_e0.2_L2_learned_abs_attn_s2,L1H3,learned_abs,0.1311691264339044,0.9462849330684568,0.5138140548106214,0.9003716931952983,0.7969930739305418,0.45173241161441546,-0.02546023471862746
E2a_h0.03_e0.2_L2_rope_attn_s0,L1H0,rope,0.1725909323820547,0.877326077770884,0.48217899509662054,0.7860104423298744,0.6256307308173084,0.4236362554122751,0.13137109683666914
E2a_h0.03_e0.2_L2_rope_attn_s0,L1H2,rope,0.1526116668311063,0.8821384482251763,0.5149683984344502,0.7976113203144487,0.6790047198637952,0.43640273042889566,0.18127292842432907
E2a_h0.03_e0.2_L2_rope_attn_s0,L1H3,rope,0.2423631944193104,0.8724907661514868,0.8377173984043388,0.833371611408879,0.7936471153047532,0.5794914899778507,0.2965939218635566
E2a_h0.03_e0.2_L2_rope_attn_s1,L1H0,rope,0.2162242138587146,0.7683111397788528,0.5741077493598705,0.41338406162410857,0.0027497897581825193,0.7444778210594548,0.7016534582519209
E2a_h0.03_e0.2_L2_rope_attn_s1,L1H1,rope,0.1340366210000773,0.9062762142031983,0.6840102153996895,0.885857688542728,0.7832864097071293,0.46364034456763425,0.08736833036770464
E2a_h0.03_e0.2_L2_rope_attn_s1,L1H2,rope,0.1307557062304868,0.91426859569937,0.6693218768704704,0.8669556543279764,0.7957075466329215,0.4709066652737589,0.13147570922358565
E2a_h0.03_e0.2_L2_rope_attn_s1,L1H3,rope,0.1696449702603524,0.6174508378977197,0.33643236437111723,0.5460667107071484,-0.13613083608057353,0.6771797334423288,0.5686589655497576
E2a_h0.03_e0.2_L2_rope_attn_s2,L1H0,rope,0.1368906159039968,0.9342458971529218,0.6180557298086156,0.8414167272115249,0.7185673132168746,0.44593232141815375,0.019236508252211904
E2a_h0.03_e0.2_L2_rope_attn_s2,L1H1,rope,0.1347365994869893,0.9205366061027328,0.5311893720011378,0.8314752346276907,0.703926909653541,0.4384915172355712,-0.009469535189804201
E2a_h0.03_e0.2_L2_rope_attn_s2,L1H2,rope,0.2195746126773326,0.8156043715177564,0.5548092030002139,0.7154268649365685,0.11157045655324827,0.5056993733846649,0.31688080677189057
E2a_h0.03_e0.2_L2_rope_attn_s2,L1H3,rope,0.1492136391734227,0.7911484923636813,0.5417553364337917,0.5795101110409346,-0.22675886449637273,0.7942037560126396,0.7529788875894473
E2b_h0.003_e0.05_L2_alibi_learn_attn_s0,L1H0,alibi_learn,0.0889363065361976,0.9576570160758133,0.8722433632233315,0.7617650586897315,0.6003654014561426,0.4360833241277917,0.04254519565341819
E2b_h0.003_e0.05_L2_alibi_learn_attn_s0,L1H1,alibi_learn,0.0876933261752128,0.950293178016701,0.8324595058482596,0.7643299411187529,0.5951846078033386,0.39760519769807856,-0.025744394879156696
E2b_h0.003_e0.05_L2_alibi_learn_attn_s0,L1H2,alibi_learn,0.5570792555809021,0.9745747718754011,0.9474581273826826,0.9908235163637523,0.987108342366738,0.8669128989385095,0.7404820005421823
E2b_h0.003_e0.05_L2_alibi_learn_attn_s0,L1H3,alibi_learn,0.2094551771879196,0.9549510177407017,0.6221808665927762,0.9993773304454768,0.999119294420874,0.73579548903398,0.4581744008746115
E2b_h0.003_e0.05_L2_alibi_learn_attn_s1,L1H0,alibi_learn,0.122837595641613,0.9583426672509934,0.8465720029367927,0.7152491125749665,0.5313547326775925,0.3836317108657886,-0.02166534874093129
E2b_h0.003_e0.05_L2_alibi_learn_attn_s1,L1H1,alibi_learn,0.0880736485123634,0.9192172639641182,0.747851723069765,0.6832554893449185,0.4215229999085707,0.3417545549896478,-0.09546426359288351
E2b_h0.003_e0.05_L2_alibi_learn_attn_s1,L1H2,alibi_learn,0.559562623500824,0.9505189293618653,0.9358036920129292,0.9774346402207794,0.9728271906632702,0.8932495573593677,0.7858196197544616
E2b_h0.003_e0.05_L2_alibi_learn_attn_s1,L1H3,alibi_learn,0.2161656767129898,0.957845794484207,0.6684391331557501,0.9982853360847058,0.9977140187802447,0.7391409928028638,0.4638251702862518
E2b_h0.003_e0.05_L2_alibi_learn_attn_s2,L1H0,alibi_learn,0.119542472064495,0.952050206521891,0.8975175772680434,0.7199089064569644,0.5338018671808149,0.3693792237004503,-0.057615709197763154
E2b_h0.003_e0.05_L2_alibi_learn_attn_s2,L1H1,alibi_learn,0.1115525588393211,0.9332559599334792,0.7865276451211699,0.7124233206783477,0.4893998778670967,0.36054327210197956,-0.0708322608755032
E2b_h0.003_e0.05_L2_alibi_learn_attn_s2,L1H2,alibi_learn,0.5223859548568726,0.9605008233281471,0.923977071903357,0.9804967326861453,0.9587957320409154,0.8496303746556162,0.8111104750858622
E2b_h0.003_e0.05_L2_alibi_learn_attn_s2,L1H3,alibi_learn,0.2237220853567123,0.956692290410205,0.5902751065763238,0.9996000759217958,0.9994317745218015,0.7104497921963118,0.4050849049668256
E2b_h0.003_e0.1_L2_alibi_learn_attn_s0,L1H0,alibi_learn,0.0993364453315734,0.9362422474641755,0.7847731581277677,0.6742399700611834,0.42678541895340827,0.35772974966040516,-0.05952055407473611
E2b_h0.003_e0.1_L2_alibi_learn_attn_s0,L1H1,alibi_learn,0.0872954577207565,0.9082916541021012,0.7221120163446755,0.6601535347105292,0.43340055166887426,0.35052773758434264,-0.05353233594275442
E2b_h0.003_e0.1_L2_alibi_learn_attn_s0,L1H2,alibi_learn,0.5804876089096069,0.9783158527104477,0.9246240215193539,0.9936158895223289,0.9925953611822331,0.8539850984832948,0.7000098196226103
E2b_h0.003_e0.1_L2_alibi_learn_attn_s0,L1H3,alibi_learn,0.1950733959674835,0.9608559427386433,0.7379070532525416,0.9984408938492026,0.9971732321335488,0.7086329239249527,0.4916393159512973
E2b_h0.003_e0.1_L2_alibi_learn_attn_s1,L1H0,alibi_learn,0.1123527884483337,0.915898940340194,0.6165691727321329,0.6335027848382249,0.30395230006594687,0.32002141522806105,-0.12552595535009847
E2b_h0.003_e0.1_L2_alibi_learn_attn_s1,L1H1,alibi_learn,0.0949870571494102,0.8629519584334362,0.5936322201108788,0.6046268763760544,0.2992569350610683,0.282899899881899,-0.14825055121488018
E2b_h0.003_e0.1_L2_alibi_learn_attn_s1,L1H2,alibi_learn,0.5610361695289612,0.9772322240952719,0.9344482361782575,0.9935410615823241,0.9916175793240298,0.8752968404281412,0.7444679047625818
E2b_h0.003_e0.1_L2_alibi_learn_attn_s1,L1H3,alibi_learn,0.2010783553123474,0.9487755995167142,0.6794441483156175,0.9979771985035121,0.9959429376277745,0.7260803704845935,0.5435135914430933
E2b_h0.003_e0.1_L2_alibi_learn_attn_s2,L1H0,alibi_learn,0.1115116029977798,0.9238454947060418,0.7607568875396411,0.6487775844302643,0.41108973656402426,0.32817866214664293,-0.095345757038662
E2b_h0.003_e0.1_L2_alibi_learn_attn_s2,L1H1,alibi_learn,0.1055720299482345,0.8851812162498196,0.5285561721565841,0.6079922958023696,0.25607389211125464,0.3020072238698971,-0.13624655279460618
E2b_h0.003_e0.1_L2_alibi_learn_attn_s2,L1H2,alibi_learn,0.5228230953216553,0.9782343193100661,0.957212191447052,0.9895973094777903,0.985679122133328,0.8510718008439493,0.6793825481441118
E2b_h0.003_e0.1_L2_alibi_learn_attn_s2,L1H3,alibi_learn,0.2061966210603714,0.9569409217957026,0.6025864394919543,0.9990268943934634,0.9988937114490974,0.7107423172766645,0.4134236434727434
E2b_h0.003_e0.2_L2_alibi_learn_attn_s0,L1H0,alibi_learn,0.1080185621976852,0.7059805618105385,0.2539097417654613,0.4822232769777197,0.006467678782189568,0.20974730058521351,-0.19673619637528184
E2b_h0.003_e0.2_L2_alibi_learn_attn_s0,L1H1,alibi_learn,0.0920130014419555,0.6713930541623118,0.2816114685968868,0.4559606312433355,0.158382361655102,0.20609093633614373,-0.15298488438567115
E2b_h0.003_e0.2_L2_alibi_learn_attn_s0,L1H2,alibi_learn,0.5190706849098206,0.948314416125758,0.907273726669013,0.9906248839675729,0.9876989159115048,0.9024496261549071,0.8007864384791826
E2b_h0.003_e0.2_L2_alibi_learn_attn_s0,L1H3,alibi_learn,0.1839503943920135,0.9552940448203735,0.5338887744778873,0.9945972992698392,0.9917333237847622,0.671542617600276,0.44336898912348477
E2b_h0.003_e0.2_L2_alibi_learn_attn_s1,L1H0,alibi_learn,0.120619460940361,0.764045466576271,0.40125007327115325,0.45867743575381337,0.13780561146717174,0.22791411294371544,-0.1342816245587939
E2b_h0.003_e0.2_L2_alibi_learn_attn_s1,L1H1,alibi_learn,0.1172789633274078,0.58901530190471,-0.19457306908095662,0.38891348769740275,-0.04386039232517458,0.1591713454966095,-0.21902708499035617
E2b_h0.003_e0.2_L2_alibi_learn_attn_s1,L1H2,alibi_learn,0.4984999895095825,0.9548692268838364,0.9407744888200089,0.9881461961198201,0.9854168927683786,0.8970066923794072,0.7804956024636271
E2b_h0.003_e0.2_L2_alibi_learn_attn_s1,L1H3,alibi_learn,0.2184587866067886,0.9585792907776546,0.6343731234112329,0.9958085632782593,0.9944522196869617,0.684176125787981,0.3611531179637756
E2b_h0.003_e0.2_L2_alibi_learn_attn_s2,L1H0,alibi_learn,0.1160051003098487,0.6876547463128575,0.06155408341069912,0.42919184162105695,-0.0733734198045517,0.203640504465472,-0.19670176684554996
E2b_h0.003_e0.2_L2_alibi_learn_attn_s2,L1H1,alibi_learn,0.0974097028374672,0.6498346985114162,0.25505567923181716,0.4593900192951693,0.10389753158050707,0.17464679955007123,-0.19842446301008532
E2b_h0.003_e0.2_L2_alibi_learn_attn_s2,L1H2,alibi_learn,0.5006282925605774,0.9712592875399644,0.9404669938707071,0.9938012849517989,0.9906406968920579,0.8835283588179682,0.7560316949022962
E2b_h0.003_e0.2_L2_alibi_learn_attn_s2,L1H3,alibi_learn,0.1939036697149276,0.9577663253666868,0.7764187558834416,0.9969953440120297,0.9952956578091086,0.6809284509663296,0.46613825635200357
E2b_h0.003_e0.3_L2_alibi_learn_attn_s0,L1H0,alibi_learn,0.1117070317268371,0.5612244952452325,0.25225692195324634,0.3404561261885607,0.015039968318310226,0.15847533353036092,-0.1537116323182559
E2b_h0.003_e0.3_L2_alibi_learn_attn_s0,L1H1,alibi_learn,0.0904938653111457,0.4790236386575808,-0.028612386241146703,0.3819044104784587,0.12855294006666051,0.15785954054959284,-0.10829804530065101
E2b_h0.003_e0.3_L2_alibi_learn_attn_s0,L1H2,alibi_learn,0.4842150807380676,0.9634237098901254,0.9406967173519406,0.9812078345242052,0.9746529093371402,0.8407892789317621,0.7154772891433185
E2b_h0.003_e0.3_L2_alibi_learn_attn_s0,L1H3,alibi_learn,0.1789856851100921,0.9629909792834485,0.7076966016985734,0.9988559385968756,0.9983920504046542,0.7127949363539201,0.49766958693043883
E2b_h0.003_e0.3_L2_alibi_learn_attn_s1,L1H0,alibi_learn,0.1100440174341201,0.7658846425101311,0.5694910117154768,0.5060992877582752,0.2844283250188395,0.2561127077870152,-0.09093043428231318
E2b_h0.003_e0.3_L2_alibi_learn_attn_s1,L1H1,alibi_learn,0.0995086356997489,0.48305874425344675,-0.23307428669412156,0.28976721333179145,-0.19460499663612496,0.11430812930807699,-0.2256375010764744
E2b_h0.003_e0.3_L2_alibi_learn_attn_s1,L1H2,alibi_learn,0.4816353321075439,0.9679175144253493,0.9500309888279598,0.9905248657205075,0.9877016218332472,0.8728501603481031,0.7547745701924098
E2b_h0.003_e0.3_L2_alibi_learn_attn_s1,L1H3,alibi_learn,0.2183948159217834,0.9558400998329832,0.5944027057887022,0.9995739235880671,0.9994568576000753,0.7214756233910259,0.43324913656089914
E2b_h0.003_e0.3_L2_alibi_learn_attn_s2,L1H0,alibi_learn,0.0895815044641494,0.5900004617327426,0.18966578150161217,0.4004296050937649,0.09694612404040559,0.15695130781515043,-0.19467611445329314
E2b_h0.003_e0.3_L2_alibi_learn_attn_s2,L1H1,alibi_learn,0.0778582617640495,0.5458829876178972,-0.0004858081031040573,0.412662014878603,0.12641104060837183,0.1978995282338809,-0.09857598843106619
E2b_h0.003_e0.3_L2_alibi_learn_attn_s2,L1H2,alibi_learn,0.4896989166736603,0.9674144690063218,0.9230505134427396,0.9870830674503787,0.9842361618951455,0.8447798724631496,0.6861986802417177
E2b_h0.003_e0.3_L2_alibi_learn_attn_s2,L1H3,alibi_learn,0.1926523894071579,0.9665602927984939,0.9625258688066065,0.9989200876338135,0.9982025615718896,0.7006494366348611,0.484685278609735
E2b_h0.01_e0.05_L2_alibi_learn_attn_s0,L1H0,alibi_learn,0.1331361383199691,0.967697135081101,0.9267651038072262,0.8720747264097395,0.8197734784786352,0.5282006064572262,0.24697253540854458
E2b_h0.01_e0.05_L2_alibi_learn_attn_s0,L1H1,alibi_learn,0.1321145445108413,0.9532197461164326,0.9142386308579297,0.8466078624366026,0.7982171495478321,0.4666301966001767,0.2363656248148912
E2b_h0.01_e0.05_L2_alibi_learn_attn_s0,L1H3,alibi_learn,0.2355207055807113,0.9637921809832266,0.5816927854220867,0.9997247006505363,0.9996636128338718,0.6869339017371116,0.3629354271912285
E2b_h0.01_e0.05_L2_alibi_learn_attn_s1,L1H0,alibi_learn,0.1151745319366455,0.9505338577159279,0.8524733271444959,0.92658612760835,0.898398136405395,0.5690198335034098,0.2511639990453933
E2b_h0.01_e0.05_L2_alibi_learn_attn_s1,L1H1,alibi_learn,0.1117236167192459,0.9679572432268994,0.837037102055207,0.9550959345986283,0.9096140968190681,0.5818473365011951,0.19675546392556065
E2b_h0.01_e0.05_L2_alibi_learn_attn_s1,L1H3,alibi_learn,0.2083195298910141,0.9538601080774648,0.591044645711104,0.9996224691269853,0.9995331717400094,0.6752495156628636,0.33490311383479177
E2b_h0.01_e0.05_L2_alibi_learn_attn_s2,L1H0,alibi_learn,0.1552788317203521,0.9721188432022323,0.9622471787195008,0.8144637449983491,0.6492459020196337,0.5003337761945995,0.1858737061302912
E2b_h0.01_e0.05_L2_alibi_learn_attn_s2,L1H1,alibi_learn,0.1521650701761245,0.965988250468302,0.958721576950935,0.8221076203446149,0.6763210556989154,0.4990986355311742,0.19414398448395365
E2b_h0.01_e0.05_L2_alibi_learn_attn_s2,L1H3,alibi_learn,0.2640258073806762,0.9532629431103709,0.5798899865629559,0.9997315028177042,0.999659630661512,0.7107082008147464,0.4938096763881967
E2b_h0.01_e0.2_L2_alibi_learn_attn_s0,L1H0,alibi_learn,0.1796225607395172,0.8065598054775415,0.7649524638196522,0.6130747130433962,0.5225077083161949,0.2664025644837086,0.007911007137103687
E2b_h0.01_e0.2_L2_alibi_learn_attn_s0,L1H1,alibi_learn,0.1647993326187133,0.8295085656573288,0.7054467945452083,0.6009629418489871,0.4815980047778853,0.27511492950134653,0.0047455613478307734
E2b_h0.01_e0.2_L2_alibi_learn_attn_s0,L1H2,alibi_learn,0.7087441682815552,0.9293528803302449,0.8102064722824238,0.9916512772932938,0.9897258723447617,0.9398603143541617,0.894390538599603
E2b_h0.01_e0.2_L2_alibi_learn_attn_s0,L1H3,alibi_learn,0.2515996098518371,0.9610459989915939,0.5922551109382042,0.9991080609725091,0.9988034109915169,0.7056869832086206,0.40077480287821354
E2b_h0.01_e0.2_L2_alibi_learn_attn_s1,L1H0,alibi_learn,0.1210021302103996,0.9646608419486628,0.7232102623055323,0.835584908637162,0.3390731451909599,0.38353013809258096,-0.24338667495473176
E2b_h0.01_e0.2_L2_alibi_learn_attn_s1,L1H1,alibi_learn,0.1677438914775848,0.9126516956216141,0.4496484386512517,0.751645593427018,0.19892769386200626,0.30494680404392394,-0.23067107855606905
E2b_h0.01_e0.2_L2_alibi_learn_attn_s1,L1H2,alibi_learn,0.6702084541320801,0.9392724925096649,0.8854169599868899,0.9867802953767969,0.9819293959555749,0.935822358981944,0.8830123655490013
E2b_h0.01_e0.2_L2_alibi_learn_attn_s1,L1H3,alibi_learn,0.0997180864214897,0.968234517315631,0.6419653967550996,0.9992049393049262,0.9989291888452833,0.6893181699017883,0.3635107449954361
E2b_h0.01_e0.2_L2_alibi_learn_attn_s2,L1H0,alibi_learn,0.1803368628025055,0.8152916387514947,0.7670274580477491,0.5493741478540406,0.44686746868832417,0.2520071464813355,0.020632964876240445
E2b_h0.01_e0.2_L2_alibi_learn_attn_s2,L1H1,alibi_learn,0.1738463342189788,0.7782932626846564,0.6920266815532958,0.5839115781539768,0.49987964009188457,0.263710539945339,0.04850824065200954
E2b_h0.01_e0.2_L2_alibi_learn_attn_s2,L1H3,alibi_learn,0.2355105876922607,0.965643651812263,0.5687736665827319,0.9994079341954888,0.9992865847982632,0.6906471515009698,0.3669916106060902
E2b_h0.01_e0.3_L2_alibi_learn_attn_s0,L1H0,alibi_learn,0.1780136376619339,0.8598745819844772,0.5478398788905198,0.5982925177668106,0.21779837090827625,0.25554501758671455,-0.2032999111221241
E2b_h0.01_e0.3_L2_alibi_learn_attn_s0,L1H1,alibi_learn,0.1754934042692184,0.8490839362066219,0.48924899870561156,0.5927036050185772,0.22779947615353702,0.2588499453108878,-0.18075305673796027
E2b_h0.01_e0.3_L2_alibi_learn_attn_s0,L1H2,alibi_learn,0.6999379992485046,0.9515775610182176,0.8298817267389365,0.9945683492764745,0.9943150938452946,0.9222335279426211,0.8690472841175674
E2b_h0.01_e0.3_L2_alibi_learn_attn_s0,L1H3,alibi_learn,0.2379334867000579,0.9573825627947815,0.5787739429601032,0.9994318241309003,0.9992362171755262,0.7213125470360451,0.42993234333965735
E2b_h0.01_e0.3_L2_alibi_learn_attn_s1,L1H0,alibi_learn,0.2059060335159301,0.8940977508162767,-0.07349356006620145,0.7445052078345917,-0.07178542608996552,0.29792892240902613,-0.398577356406139
E2b_h0.01_e0.3_L2_alibi_learn_attn_s1,L1H1,alibi_learn,0.2635353803634643,0.8389159016567843,-0.3117921441415925,0.6715837071957704,-0.40049575065303933,0.2602619909613014,-0.46990585434133947
E2b_h0.01_e0.3_L2_alibi_learn_attn_s1,L1H2,alibi_learn,0.6761890053749084,0.9278866846733498,0.8555466411270616,0.9900162601498697,0.9891973602732766,0.9415885552333554,0.8808082539901736
E2b_h0.01_e0.3_L2_alibi_learn_attn_s1,L1H3,alibi_learn,0.1349198073148727,0.9744716553692472,0.6462351738498079,0.9997642008055998,0.9996524842591012,0.677687026889449,0.33541230530925414
E2b_h0.01_e0.3_L2_alibi_learn_attn_s2,L1H0,alibi_learn,0.1932668983936309,0.7412450969896743,0.4069816985816347,0.514888850385764,0.24192052084120186,0.19847623059637765,-0.1293740544216826
E2b_h0.01_e0.3_L2_alibi_learn_attn_s2,L1H1,alibi_learn,0.2256529331207275,0.6930719796299752,-0.04493232881821618,0.45558304890816714,0.14932816448494057,0.17585077053614107,-0.11490196235117156
E2b_h0.01_e0.3_L2_alibi_learn_attn_s2,L1H3,alibi_learn,0.3074531257152557,0.9465325560668151,0.5579554388525723,0.9996936834238125,0.9994779363576513,0.7399060911644741,0.533148584517084
E2b_h0.03_e0.05_L2_alibi_learn_attn_s0,L1H0,alibi_learn,0.256357878446579,0.9569347454448256,0.8462390838688973,0.9275131823300342,0.8878795604338241,0.6281604916429578,0.38882252207216084
E2b_h0.03_e0.05_L2_alibi_learn_attn_s0,L1H1,alibi_learn,0.315976083278656,0.9651560418951002,0.9585705639084451,0.8795070366492469,0.8051468211998477,0.618763082680855,0.3957454643799839
E2b_h0.03_e0.05_L2_alibi_learn_attn_s0,L1H2,alibi_learn,0.5550057888031006,0.9783990919622414,0.8692379014731804,0.9972078899157151,0.9964617078087366,0.8144564112972166,0.6797530470052227
E2b_h0.03_e0.05_L2_alibi_learn_attn_s0,L1H3,alibi_learn,0.341546356678009,0.9385512778009371,0.5718854464733172,0.9992070925895378,0.998939348385151,0.6794354668662302,0.4988938273806882
E2b_h0.03_e0.05_L2_alibi_learn_attn_s1,L1H0,alibi_learn,0.1927692890167236,0.9639411787424333,0.7258816065270555,0.9665650132498009,0.9415444611740986,0.6070123317773289,0.3516302636963531
E2b_h0.03_e0.05_L2_alibi_learn_attn_s1,L1H1,alibi_learn,0.2857789993286133,0.9607305136413262,0.8885023207151437,0.9245149516027448,0.8798622475675341,0.6259015133000766,0.4366113491262147
E2b_h0.03_e0.05_L2_alibi_learn_attn_s1,L1H2,alibi_learn,0.5579248666763306,0.9779998245526367,0.8818328118563488,0.997817516981437,0.9964774568555452,0.8252352486016211,0.7026786626672952
E2b_h0.03_e0.05_L2_alibi_learn_attn_s1,L1H3,alibi_learn,0.3231960237026214,0.9429748474269247,0.5633901415126007,0.999745927510149,0.9996457878014507,0.737888094384247,0.5210773761305165
E2b_h0.03_e0.05_L2_alibi_learn_attn_s2,L1H0,alibi_learn,0.220916286110878,0.9594058618947341,0.8000134018099976,0.9382302660209414,0.9062916146351598,0.6096734124596902,0.37264359730873875
E2b_h0.03_e0.05_L2_alibi_learn_attn_s2,L1H1,alibi_learn,0.2323851287364959,0.9557027820945992,0.8336900411690289,0.9282884318598275,0.8902598364849034,0.6232166418961798,0.323960409367799
E2b_h0.03_e0.1_L2_alibi_learn_attn_s0,L1H0,alibi_learn,0.2517720460891723,0.9706458590238372,0.926082968537765,0.8841566636138604,0.8249063894802526,0.5307735083337486,0.18731318131202035
E2b_h0.03_e0.1_L2_alibi_learn_attn_s0,L1H1,alibi_learn,0.2616235911846161,0.9544542580481493,0.9045946364279241,0.8838587397306328,0.8289476113130678,0.5323785906990672,0.17389338522387499
E2b_h0.03_e0.1_L2_alibi_learn_attn_s0,L1H2,alibi_learn,0.6936836242675781,0.9705493314017419,0.9045018357639364,0.9970059577401539,0.9953577880186087,0.9175608325568142,0.8695342171674806
E2b_h0.03_e0.1_L2_alibi_learn_attn_s0,L1H3,alibi_learn,0.2602415680885315,0.966150102405612,0.5491142597652743,0.9997975877707012,0.9997388169975112,0.6877588138038223,0.3847415847244503
E2b_h0.03_e0.1_L2_alibi_learn_attn_s1,L1H0,alibi_learn,0.1892957389354705,0.9771888448950263,0.8202547224406631,0.9501113914330116,0.9160609873733854,0.554899885541342,0.26960920400200306
E2b_h0.03_e0.1_L2_alibi_learn_attn_s1,L1H1,alibi_learn,0.2413112819194793,0.9657942266890257,0.8472237502667437,0.9260182556082479,0.8940141928341491,0.5717865219658607,0.2982241856186256
E2b_h0.03_e0.1_L2_alibi_learn_attn_s1,L1H3,alibi_learn,0.2937632501125335,0.9443046885544657,0.5687052649819532,0.9994282940599893,0.9991152058111956,0.6968372635100446,0.514506728862284
E2b_h0.03_e0.1_L2_alibi_learn_attn_s2,L1H0,alibi_learn,0.1908106654882431,0.9768257805776474,0.8480929070313701,0.9326298093510706,0.8543681104134648,0.5540724838873538,0.1892086128380085
E2b_h0.03_e0.1_L2_alibi_learn_attn_s2,L1H1,alibi_learn,0.261422336101532,0.9385267591891991,0.9007494494508684,0.8551446308423188,0.7684017625114381,0.5324945662670499,0.12796288526659794
E2b_h0.03_e0.1_L2_alibi_learn_attn_s2,L1H3,alibi_learn,0.2583192586898803,0.9704850157116568,0.5519089035812412,0.9997118777914108,0.9992477897411536,0.6624457323082917,0.3094887341169691
E2b_h0.03_e0.3_L2_alibi_learn_attn_s0,L1H0,alibi_learn,0.2096137404441833,0.9686816516682054,0.7904261810770372,0.8379719056786421,0.541902891901503,0.3967328083613314,-0.16406940693898409
E2b_h0.03_e0.3_L2_alibi_learn_attn_s0,L1H1,alibi_learn,0.2066651135683059,0.9592148716929452,0.7852684783203412,0.8317709305007829,0.5423790264841062,0.38893255038560315,-0.17503676710483917
E2b_h0.03_e0.3_L2_alibi_learn_attn_s0,L1H3,alibi_learn,0.2724890112876892,0.9591136014450207,0.5473125128354532,0.9997066758800467,0.999656606899982,0.6889481740142802,0.4538478611841025
E2b_h0.03_e0.3_L2_alibi_learn_attn_s1,L1H0,alibi_learn,0.1783119142055511,0.9811170004146307,0.7299050266850279,0.9038325500901472,0.5892860212941236,0.44605403249932596,-0.17945854278562856
E2b_h0.03_e0.3_L2_alibi_learn_attn_s1,L1H1,alibi_learn,0.1868865936994552,0.9754393206888708,0.6875523826790908,0.8977512843870686,0.5131590729222864,0.4129613453903318,-0.2641460774812714
E2b_h0.03_e0.3_L2_alibi_learn_attn_s1,L1H3,alibi_learn,0.1718606650829315,0.9692192055453158,0.967705274395163,0.9998058567625002,0.9997550274798328,0.7257468156452046,0.5260476933552688
E2b_h0.03_e0.3_L2_alibi_learn_attn_s2,L1H0,alibi_learn,0.2103940993547439,0.9660317117894837,0.7666880854214815,0.8337921649170261,0.48257090484393506,0.37602437917846065,-0.2207030866797508
E2b_h0.03_e0.3_L2_alibi_learn_attn_s2,L1H1,alibi_learn,0.2058176845312118,0.9774223803621149,0.8786054728053245,0.8840721321387156,0.6506222518796794,0.43127327229313517,-0.12921494717481496
E2b_h0.03_e0.3_L2_alibi_learn_attn_s2,L1H3,alibi_learn,0.2345743030309677,0.9622748177629893,0.5712003600214024,0.999891236211808,0.999853609171148,0.7040678988591216,0.39286943715604083
E2c_h0.01_e0.1_L2_alibi_learn_attn_cf0.2_s0,L1H0,alibi_learn,0.0283620692789554,0.8466825061265191,0.7780787062602937,0.8162434224253383,0.6418967367603262,0.5870967292118738,0.30950491209388276
E2c_h0.01_e0.1_L2_alibi_learn_attn_cf0.2_s0,L1H1,alibi_learn,0.0474670715630054,0.9293132853249484,0.8497011376584139,0.872200954748843,0.718620786632207,0.5600751908891004,0.182211422553201
E2c_h0.01_e0.1_L2_alibi_learn_attn_cf0.2_s0,L1H2,alibi_learn,0.2145483642816543,0.9474699037976022,0.5980165751489435,0.9956484128372824,0.9951054194242037,0.7160169583399644,0.4117219112831608
E2c_h0.01_e0.1_L2_alibi_learn_attn_cf0.2_s0,L1H3,alibi_learn,0.3458613157272339,0.9380337102369627,0.5380317208741983,0.9985384251242688,0.998472239062465,0.6813366279317226,0.5065756948844481
E2c_h0.01_e0.1_L2_alibi_learn_attn_cf0.2_s1,L1H0,alibi_learn,0.029827207326889,0.8572490662959571,0.8343181747978168,0.8501738564437352,0.7341348762479574,0.6295898432247817,0.3827696750181534
E2c_h0.01_e0.1_L2_alibi_learn_attn_cf0.2_s1,L1H1,alibi_learn,0.0471773408353328,0.920723826191206,0.8418964691139017,0.8737113339224357,0.7202954972985299,0.5816361400988773,0.2302618423544318
E2c_h0.01_e0.1_L2_alibi_learn_attn_cf0.2_s1,L1H2,alibi_learn,0.2133462280035019,0.9480150239770134,0.6452791247183595,0.9954296244219826,0.9942378641902267,0.7358565165262627,0.4420914779291386
E2c_h0.01_e0.1_L2_alibi_learn_attn_cf0.2_s1,L1H3,alibi_learn,0.3432829678058624,0.9369816886731972,0.5378555817864367,0.9987383124530116,0.9986157059977845,0.7266759715762869,0.5092807631546142
E2c_h0.01_e0.1_L2_alibi_learn_attn_cf0.2_s2,L1H0,alibi_learn,0.0296619981527328,0.8776508868653934,0.7806543044068655,0.8764433925163388,0.7665093483393756,0.6623717882430136,0.41288079652756204
E2c_h0.01_e0.1_L2_alibi_learn_attn_cf0.2_s2,L1H1,alibi_learn,0.0461964644491672,0.9392027658409811,0.5397209600964459,0.878048315089116,0.6909028658512916,0.568169681004522,0.18183079850846184
E2c_h0.01_e0.1_L2_alibi_learn_attn_cf0.2_s2,L1H2,alibi_learn,0.2102769613265991,0.9487943791396565,0.5987239074443459,0.9948334901671338,0.9933005831066116,0.7141289786319207,0.4026047805579013
E2c_h0.01_e0.1_L2_alibi_learn_attn_cf0.2_s2,L1H3,alibi_learn,0.3529379069805145,0.9382713470022198,0.5372760149188014,0.9986302233503548,0.9985769691961407,0.677013631046097,0.5003911235802849
E2c_h0.03_e0.2_L2_alibi_learn_attn_cf0.2_s0,L1H0,alibi_learn,0.0935148671269416,0.978702763926699,0.7311019351027281,0.9617492042886121,0.8558697756897912,0.503868019300223,0.018016720064313985
E2c_h0.03_e0.2_L2_alibi_learn_attn_cf0.2_s0,L1H1,alibi_learn,0.1151255220174789,0.9810753630005509,0.7562033871384346,0.9585704887937916,0.9292915304076625,0.5658389065687677,0.2735698722124139
E2c_h0.03_e0.2_L2_alibi_learn_attn_cf0.2_s0,L1H2,alibi_learn,0.6205388903617859,0.9684023373495161,0.8872414055957019,0.9967455046077116,0.9955735374865062,0.8985635703339426,0.8079178222297806
E2c_h0.03_e0.2_L2_alibi_learn_attn_cf0.2_s0,L1H3,alibi_learn,0.4043843746185303,0.982134117031993,0.8590078414615454,0.9997960296155445,0.9997555504828651,0.7711222589498845,0.5253727063701831
E2c_h0.03_e0.2_L2_alibi_learn_attn_cf0.2_s1,L1H0,alibi_learn,0.0941945314407348,0.9769682790053553,0.809822958619072,0.9647837659351136,0.8963587728136699,0.507213739157043,0.07751687140105312
E2c_h0.03_e0.2_L2_alibi_learn_attn_cf0.2_s1,L1H1,alibi_learn,0.1181410327553749,0.9762522614812312,0.7907569795599335,0.9424025396181287,0.9100634902081827,0.5507123382626928,0.22827363241558296
E2c_h0.03_e0.2_L2_alibi_learn_attn_cf0.2_s1,L1H2,alibi_learn,0.6365155577659607,0.9720007413321606,0.903596926109415,0.9959381927649035,0.9944315407230008,0.900721451237619,0.82018025233018
E2c_h0.03_e0.2_L2_alibi_learn_attn_cf0.2_s1,L1H3,alibi_learn,0.4066122770309448,0.9823053555841575,0.8591155405520373,0.9998035416022506,0.9997819333202062,0.7693765251895917,0.5233933674478347
E2c_h0.03_e0.2_L2_alibi_learn_attn_cf0.2_s2,L1H0,alibi_learn,0.0968833044171333,0.9781537938574576,0.7182022051840622,0.9671896859609694,0.8989740048600732,0.5100445484086085,0.07809521778551876
E2c_h0.03_e0.2_L2_alibi_learn_attn_cf0.2_s2,L1H1,alibi_learn,0.1187435910105705,0.9710379814984416,0.7813501250344247,0.9489116600969545,0.9223681151166111,0.5442243993248681,0.250940743214766
E2c_h0.03_e0.2_L2_alibi_learn_attn_cf0.2_s2,L1H2,alibi_learn,0.6143797636032104,0.971345685770199,0.8817779551879363,0.9987448632571598,0.9983601338703231,0.904817737368235,0.8311881085203223
E2c_h0.03_e0.2_L2_alibi_learn_attn_cf0.2_s2,L1H3,alibi_learn,0.402923971414566,0.981733478029496,0.8530910067605164,0.9998040893138638,0.999793088760063,0.7638635368344234,0.5133727216252648
