run,head,pe,share,kappa,kappa_control
E1_h0.01_e0.1_L2_alibi_learn_attn_s0,L1H0,alibi_learn,0.5042309312971385,0.21571262,-0.9746845
E1_h0.01_e0.1_L2_alibi_learn_attn_s0,L1H1,alibi_learn,0.5371077342992375,-0.30049694,-0.61397845
E1_h0.01_e0.1_L2_alibi_learn_attn_s0,L1H2,alibi_learn,-0.0412233916819695,0.7875924,1.0128062
E1_h0.01_e0.1_L2_alibi_learn_attn_s0,L1H3,alibi_learn,0.0006758882208698,1.4471109,1.2545234
E1_h0.01_e0.1_L2_alibi_learn_attn_s1,L1H0,alibi_learn,0.5364463189712554,0.6146668,-0.41030815
E1_h0.01_e0.1_L2_alibi_learn_attn_s1,L1H1,alibi_learn,0.4642028271364741,0.7804308,-0.17219824
E1_h0.01_e0.1_L2_alibi_learn_attn_s1,L1H2,alibi_learn,0.0231746365360315,0.89222753,0.8683933
E1_h0.01_e0.1_L2_alibi_learn_attn_s1,L1H3,alibi_learn,-0.0231887362415347,1.5762885,1.6165291
E1_h0.01_e0.1_L2_alibi_learn_attn_s2,L1H0,alibi_learn,0.5062626115039778,0.29637548,-1.1639637
E1_h0.01_e0.1_L2_alibi_learn_attn_s2,L1H1,alibi_learn,0.5408923081816872,-0.20514248,-0.8100896
E1_h0.01_e0.1_L2_alibi_learn_attn_s2,L1H2,alibi_learn,-0.0435909899860826,0.737601,1.0315809
E1_h0.01_e0.1_L2_alibi_learn_attn_s2,L1H3,alibi_learn,-0.0029883573967165,1.3677993,1.284001
E1_h0.03_e0.2_L2_alibi_learn_attn_s0,L1H0,alibi_learn,0.4836800130125007,0.892142,-0.6933184
E1_h0.03_e0.2_L2_alibi_learn_attn_s0,L1H1,alibi_learn,0.5002740050590553,0.7790903,-0.64156586
E1_h0.03_e0.2_L2_alibi_learn_attn_s0,L1H2,alibi_learn,0.0897153940952941,0.9212628,0.94324744
E1_h0.03_e0.2_L2_alibi_learn_attn_s0,L1H3,alibi_learn,-0.0712760611568134,8.524828,7.900848
E1_h0.03_e0.2_L2_alibi_learn_attn_s1,L1H0,alibi_learn,0.4831835010562706,0.9387198,-0.022589194
E1_h0.03_e0.2_L2_alibi_learn_attn_s1,L1H1,alibi_learn,0.5155028635667446,0.938473,0.0557851
E1_h0.03_e0.2_L2_alibi_learn_attn_s1,L1H2,alibi_learn,0.0667807402507969,0.92767197,0.90835005
E1_h0.03_e0.2_L2_alibi_learn_attn_s1,L1H3,alibi_learn,-0.0661963185672411,-36.79343,-36.503906
E1_h0.03_e0.2_L2_alibi_learn_attn_s2,L1H0,alibi_learn,0.5098621498395459,0.94583064,-0.3921608
E1_h0.03_e0.2_L2_alibi_learn_attn_s2,L1H1,alibi_learn,0.4954500414263126,1.0394388,-0.3857886
E1_h0.03_e0.2_L2_alibi_learn_attn_s2,L1H2,alibi_learn,0.0651648306194368,0.91995305,0.91105336
E1_h0.03_e0.2_L2_alibi_learn_attn_s2,L1H3,alibi_learn,-0.0705132326262682,84.6767,86.80923
E2a_h0.01_e0.1_L2_learned_abs_attn_s0,L1H0,learned_abs,0.3503939139989198,0.5037388,0.50701344
E2a_h0.01_e0.1_L2_learned_abs_attn_s0,L1H1,learned_abs,0.3327295550712324,0.5498267,0.42804176
E2a_h0.01_e0.1_L2_learned_abs_attn_s0,L1H2,learned_abs,0.2914630383062472,0.57843775,0.6683352
E2a_h0.01_e0.1_L2_learned_abs_attn_s0,L1H3,learned_abs,0.0237583945646396,1.0383599,1.0918982
E2a_h0.01_e0.1_L2_learned_abs_attn_s1,L1H0,learned_abs,0.294856434105963,0.63049656,0.5076096
E2a_h0.01_e0.1_L2_learned_abs_attn_s1,L1H1,learned_abs,0.3910950309797469,0.46444678,0.16441289
E2a_h0.01_e0.1_L2_learned_abs_attn_s1,L1H2,learned_abs,0.0363212221023183,1.0868988,1.0985073
E2a_h0.01_e0.1_L2_learned_abs_attn_s1,L1H3,learned_abs,0.2751397788694181,0.5967472,0.7576221
E2a_h0.01_e0.1_L2_learned_abs_attn_s2,L1H0,learned_abs,0.3874704165735316,0.51638687,0.32412335
E2a_h0.01_e0.1_L2_learned_abs_attn_s2,L1H1,learned_abs,0.2630494949193586,0.61651766,0.7094247
E2a_h0.01_e0.1_L2_learned_abs_attn_s2,L1H2,learned_abs,0.3178658709981635,0.40886217,0.486017
E2a_h0.01_e0.1_L2_rope_attn_s0,L1H0,rope,0.0058385041155352,0.90303713,1.1280683
E2a_h0.01_e0.1_L2_rope_attn_s0,L1H1,rope,0.4162826909800197,-0.14581628,0.18975069
E2a_h0.01_e0.1_L2_rope_attn_s0,L1H2,rope,0.4339047412276376,-0.13067304,0.18597178
E2a_h0.01_e0.1_L2_rope_attn_s0,L1H3,rope,0.1436486052560067,0.5888012,0.90513486
E2a_h0.01_e0.1_L2_rope_attn_s1,L1H0,rope,0.501047549148819,-0.91592425,-0.4506129
E2a_h0.01_e0.1_L2_rope_attn_s1,L1H1,rope,0.0066806943467983,0.80667776,1.0493556
E2a_h0.01_e0.1_L2_rope_attn_s1,L1H2,rope,0.4826521432492141,0.004812924,-0.3383325
E2a_h0.01_e0.1_L2_rope_attn_s1,L1H3,rope,0.0093490737278403,0.8915749,1.0899358
E2a_h0.01_e0.1_L2_rope_attn_s2,L1H0,rope,0.4031355584266038,-0.10600912,0.29134497
E2a_h0.01_e0.1_L2_rope_attn_s2,L1H1,rope,0.2867289956054771,0.56341356,0.6790052
E2a_h0.01_e0.1_L2_rope_attn_s2,L1H2,rope,0.2932751675752043,0.36139324,0.60588115
E2a_h0.01_e0.1_L2_rope_attn_s2,L1H3,rope,0.0171747996386586,0.9628238,1.0961126
E2a_h0.03_e0.2_L2_learned_abs_attn_s0,L1H0,learned_abs,0.088836892533768,0.7785298,1.0149333
E2a_h0.03_e0.2_L2_learned_abs_attn_s0,L1H1,learned_abs,0.4381105062548717,0.7138205,-0.45885763
E2a_h0.03_e0.2_L2_learned_abs_attn_s0,L1H3,learned_abs,0.4806790055638064,0.5130889,-0.34793934
E2a_h0.03_e0.2_L2_learned_abs_attn_s1,L1H0,learned_abs,0.3199714489440961,0.7369392,0.72104186
E2a_h0.03_e0.2_L2_learned_abs_attn_s1,L1H1,learned_abs,0.4007047956697012,0.60234874,0.18803523
E2a_h0.03_e0.2_L2_learned_abs_attn_s1,L1H2,learned_abs,-0.0205365710070701,1.3477209,1.3720615
E2a_h0.03_e0.2_L2_learned_abs_attn_s1,L1H3,learned_abs,0.2974339990031587,0.79665756,0.7659222
E2a_h0.03_e0.2_L2_learned_abs_attn_s2,L1H1,learned_abs,0.0371114924953096,0.7307091,1.0509253
E2a_h0.03_e0.2_L2_learned_abs_attn_s2,L1H2,learned_abs,0.5060264452201961,0.59330255,-0.35145134
E2a_h0.03_e0.2_L2_learned_abs_attn_s2,L1H3,learned_abs,0.4479941215787988,0.6006258,-0.3576048
E2a_h0.03_e0.2_L2_rope_attn_s0,L1H0,rope,0.4124410376137734,-0.21023938,0.28643712
E2a_h0.03_e0.2_L2_rope_attn_s0,L1H2,rope,0.4058259304012404,-0.24953252,0.35982922
E2a_h0.03_e0.2_L2_rope_attn_s0,L1H3,rope,0.1574027031609234,0.70336103,0.89977914
E2a_h0.03_e0.2_L2_rope_attn_s1,L1H0,rope,0.0077106587384804,0.8370263,1.086128
E2a_h0.03_e0.2_L2_rope_attn_s1,L1H1,rope,0.4952766075271808,-0.84744465,-0.25308442
E2a_h0.03_e0.2_L2_rope_attn_s1,L1H2,rope,0.488499804908907,-0.98933053,-0.23791333
E2a_h0.03_e0.2_L2_rope_attn_s1,L1H3,rope,0.0092280130149282,0.85851306,1.0879858
E2a_h0.03_e0.2_L2_rope_attn_s2,L1H0,rope,0.5006158152341796,-0.891046,-0.2979956
E2a_h0.03_e0.2_L2_rope_attn_s2,L1H1,rope,0.4641956666693612,-0.73120046,-0.27350548
E2a_h0.03_e0.2_L2_rope_attn_s2,L1H2,rope,0.0193154627779372,0.79130316,1.057657
E2a_h0.03_e0.2_L2_rope_attn_s2,L1H3,rope,0.0153553383879917,0.8892993,1.1069494
E2b_h0.003_e0.05_L2_alibi_learn_attn_s0,L1H0,alibi_learn,0.4869470322239492,-0.5087955,-0.55903006
E2b_h0.003_e0.05_L2_alibi_learn_attn_s0,L1H1,alibi_learn,0.5343749533198322,-0.57740337,-0.6779279
E2b_h0.003_e0.05_L2_alibi_learn_attn_s0,L1H2,alibi_learn,-0.0185904921709262,0.8281638,0.93598384
E2b_h0.003_e0.05_L2_alibi_learn_attn_s0,L1H3,alibi_learn,-0.002881130589352,1.8621244,1.3594595
E2b_h0.003_e0.05_L2_alibi_learn_attn_s1,L1H0,alibi_learn,0.5204696592835204,-0.15656446,-0.99963003
E2b_h0.003_e0.05_L2_alibi_learn_attn_s1,L1H1,alibi_learn,0.5353693294024444,-0.4814196,-0.57330084
E2b_h0.003_e0.05_L2_alibi_learn_attn_s1,L1H2,alibi_learn,-0.0556091985310301,0.7213661,1.025685
E2b_h0.003_e0.05_L2_alibi_learn_attn_s1,L1H3,alibi_learn,-0.0005700279886837,1.4377605,1.3518742
E2b_h0.003_e0.05_L2_alibi_learn_attn_s2,L1H0,alibi_learn,0.5325681315558157,0.30700725,-1.2434652
E2b_h0.003_e0.05_L2_alibi_learn_attn_s2,L1H1,alibi_learn,0.5681787078466228,-0.34840205,-0.5932586
E2b_h0.003_e0.05_L2_alibi_learn_attn_s2,L1H2,alibi_learn,-0.0960197191829796,0.63744795,1.0386477
E2b_h0.003_e0.05_L2_alibi_learn_attn_s2,L1H3,alibi_learn,-0.0051519939402698,1.5077049,1.4314396
E2b_h0.003_e0.1_L2_alibi_learn_attn_s0,L1H0,alibi_learn,0.4911497015845495,-0.14927943,-0.66488665
E2b_h0.003_e0.1_L2_alibi_learn_attn_s0,L1H1,alibi_learn,0.5267159740481361,-0.49418253,-0.38040978
E2b_h0.003_e0.1_L2_alibi_learn_attn_s0,L1H2,alibi_learn,-0.0136933191075214,0.8671087,1.0032812
E2b_h0.003_e0.1_L2_alibi_learn_attn_s0,L1H3,alibi_learn,-0.0033452757832866,1.4292103,1.0379226
E2b_h0.003_e0.1_L2_alibi_learn_attn_s1,L1H0,alibi_learn,0.5259221541231948,0.26672673,-1.1459079
E2b_h0.003_e0.1_L2_alibi_learn_attn_s1,L1H1,alibi_learn,0.5155455853700347,-0.5647642,-0.54322326
E2b_h0.003_e0.1_L2_alibi_learn_attn_s1,L1H2,alibi_learn,-0.0430982913763603,0.7966121,1.0616908
E2b_h0.003_e0.1_L2_alibi_learn_attn_s1,L1H3,alibi_learn,-0.0002575050589251,1.3549668,1.121654
E2b_h0.003_e0.1_L2_alibi_learn_attn_s2,L1H0,alibi_learn,0.533302633782953,0.33980313,-1.0908604
E2b_h0.003_e0.1_L2_alibi_learn_attn_s2,L1H1,alibi_learn,0.5040307116594547,-0.576965,-0.5083788
E2b_h0.003_e0.1_L2_alibi_learn_attn_s2,L1H2,alibi_learn,-0.0318773121581765,0.812261,1.0478727
E2b_h0.003_e0.1_L2_alibi_learn_attn_s2,L1H3,alibi_learn,-0.0055657344753735,1.345605,1.1322097
E2b_h0.003_e0.2_L2_alibi_learn_attn_s0,L1H0,alibi_learn,0.4674339417709375,0.68740314,-1.4574397
E2b_h0.003_e0.2_L2_alibi_learn_attn_s0,L1H1,alibi_learn,0.5014445957486795,-0.55316293,-0.5379181
E2b_h0.003_e0.2_L2_alibi_learn_attn_s0,L1H2,alibi_learn,0.0240441510196473,0.9010846,1.0368254
E2b_h0.003_e0.2_L2_alibi_learn_attn_s0,L1H3,alibi_learn,0.0074270940125671,1.1736255,1.0177952
E2b_h0.003_e0.2_L2_alibi_learn_attn_s1,L1H0,alibi_learn,0.5148686058465738,0.79052854,-1.3187833
E2b_h0.003_e0.2_L2_alibi_learn_attn_s1,L1H1,alibi_learn,0.4532518362052247,-0.5401857,-0.4836813
E2b_h0.003_e0.2_L2_alibi_learn_attn_s1,L1H2,alibi_learn,0.0210940472019797,0.8854309,1.0744776
E2b_h0.003_e0.2_L2_alibi_learn_attn_s1,L1H3,alibi_learn,0.0094463232798163,1.1486408,1.0375441
E2b_h0.003_e0.2_L2_alibi_learn_attn_s2,L1H0,alibi_learn,0.4857242684666442,1.1795287,-1.4465934
E2b_h0.003_e0.2_L2_alibi_learn_attn_s2,L1H1,alibi_learn,0.4865547003236014,-0.3752175,-0.6811679
E2b_h0.003_e0.2_L2_alibi_learn_attn_s2,L1H2,alibi_learn,0.0231037581788326,0.88507247,1.0452652
E2b_h0.003_e0.2_L2_alibi_learn_attn_s2,L1H3,alibi_learn,0.0009103772776662,1.1546472,1.0472083
E2b_h0.003_e0.3_L2_alibi_learn_attn_s0,L1H0,alibi_learn,0.5178900422991755,0.5314743,-0.2862834
E2b_h0.003_e0.3_L2_alibi_learn_attn_s0,L1H1,alibi_learn,0.4260321849546107,-0.44048974,-0.030267932
E2b_h0.003_e0.3_L2_alibi_learn_attn_s0,L1H2,alibi_learn,0.0584179564845851,0.9337624,1.0333365
E2b_h0.003_e0.3_L2_alibi_learn_attn_s0,L1H3,alibi_learn,-0.0002844296431776,1.0847895,1.0604392
E2b_h0.003_e0.3_L2_alibi_learn_attn_s1,L1H0,alibi_learn,0.5104135722517006,0.65574723,-0.4309356
E2b_h0.003_e0.3_L2_alibi_learn_attn_s1,L1H1,alibi_learn,0.4293561677488929,-0.50568813,-0.05483232
E2b_h0.003_e0.3_L2_alibi_learn_attn_s1,L1H2,alibi_learn,0.0546977259384386,0.92060274,1.0591798
E2b_h0.003_e0.3_L2_alibi_learn_attn_s1,L1H3,alibi_learn,0.0042263067709575,1.0659794,1.0818368
E2b_h0.003_e0.3_L2_alibi_learn_attn_s2,L1H0,alibi_learn,0.525905129400247,0.41527522,-0.12505773
E2b_h0.003_e0.3_L2_alibi_learn_attn_s2,L1H1,alibi_learn,0.3778534538752461,-0.45161355,-0.10291026
E2b_h0.003_e0.3_L2_alibi_learn_attn_s2,L1H2,alibi_learn,0.1051532677307074,0.9696527,0.9616905
E2b_h0.003_e0.3_L2_alibi_learn_attn_s2,L1H3,alibi_learn,-0.0099365483759421,1.1316075,1.0667489
E2b_h0.01_e0.05_L2_alibi_learn_attn_s0,L1H0,alibi_learn,0.5066521166326614,-0.21864419,-0.58630913
E2b_h0.01_e0.05_L2_alibi_learn_attn_s0,L1H1,alibi_learn,0.5332653026213711,-0.30025303,-0.5909546
E2b_h0.01_e0.05_L2_alibi_learn_attn_s0,L1H2,alibi_learn,-0.024025890005593,0.7084725,0.8229277
E2b_h0.01_e0.05_L2_alibi_learn_attn_s0,L1H3,alibi_learn,-0.013143770300096,1.9230614,1.519222
E2b_h0.01_e0.05_L2_alibi_learn_attn_s1,L1H0,alibi_learn,0.4778503240822359,0.3818135,-0.04598425
E2b_h0.01_e0.05_L2_alibi_learn_attn_s1,L1H1,alibi_learn,0.4982991134426357,0.40456185,-0.07257081
E2b_h0.01_e0.05_L2_alibi_learn_attn_s1,L1H2,alibi_learn,0.0217834913866459,0.87340796,0.715264
E2b_h0.01_e0.05_L2_alibi_learn_attn_s1,L1H3,alibi_learn,0.0019024567065483,1.4009863,1.436313
E2b_h0.01_e0.05_L2_alibi_learn_attn_s2,L1H0,alibi_learn,0.5137051921407638,-0.15574925,-0.8169173
E2b_h0.01_e0.05_L2_alibi_learn_attn_s2,L1H1,alibi_learn,0.5609850434063939,-0.23639694,-0.68937546
E2b_h0.01_e0.05_L2_alibi_learn_attn_s2,L1H2,alibi_learn,-0.066278986885396,0.68240535,0.9293485
E2b_h0.01_e0.05_L2_alibi_learn_attn_s2,L1H3,alibi_learn,-0.0072052017932337,2.1573005,1.9995049
E2b_h0.01_e0.2_L2_alibi_learn_attn_s0,L1H0,alibi_learn,0.4969471586225459,1.1023197,-1.2748618
E2b_h0.01_e0.2_L2_alibi_learn_attn_s0,L1H1,alibi_learn,0.4963851792115714,0.1486885,-0.9071382
E2b_h0.01_e0.2_L2_alibi_learn_attn_s0,L1H2,alibi_learn,0.009987101275495,0.8541256,1.0388546
E2b_h0.01_e0.2_L2_alibi_learn_attn_s0,L1H3,alibi_learn,-0.0015363701293402,1.3217336,1.1608459
E2b_h0.01_e0.2_L2_alibi_learn_attn_s1,L1H0,alibi_learn,0.478279354393173,0.75737804,-0.70852405
E2b_h0.01_e0.2_L2_alibi_learn_attn_s1,L1H1,alibi_learn,0.4453557448673351,0.8402004,-0.8090799
E2b_h0.01_e0.2_L2_alibi_learn_attn_s1,L1H2,alibi_learn,0.0993830874569298,0.9483535,1.0452629
E2b_h0.01_e0.2_L2_alibi_learn_attn_s1,L1H3,alibi_learn,-0.0230954351523115,1.4512674,1.6017997
E2b_h0.01_e0.2_L2_alibi_learn_attn_s2,L1H0,alibi_learn,0.5080217449175966,0.9200492,-1.2754478
E2b_h0.01_e0.2_L2_alibi_learn_attn_s2,L1H1,alibi_learn,0.4833637651749475,0.06640627,-1.0475502
E2b_h0.01_e0.2_L2_alibi_learn_attn_s2,L1H2,alibi_learn,0.0155794717681146,0.8359167,1.0558203
E2b_h0.01_e0.2_L2_alibi_learn_attn_s2,L1H3,alibi_learn,-0.0072587845533583,1.2315941,1.1144259
E2b_h0.01_e0.3_L2_alibi_learn_attn_s0,L1H0,alibi_learn,0.4735112301658952,0.67046285,-0.24740668
E2b_h0.01_e0.3_L2_alibi_learn_attn_s0,L1H1,alibi_learn,0.5050068188950518,0.063950844,-0.060006425
E2b_h0.01_e0.3_L2_alibi_learn_attn_s0,L1H2,alibi_learn,0.020491851654891,0.8943912,1.0864482
E2b_h0.01_e0.3_L2_alibi_learn_attn_s0,L1H3,alibi_learn,0.0024037442065859,1.1630291,1.1167961
E2b_h0.01_e0.3_L2_alibi_learn_attn_s1,L1H0,alibi_learn,0.4851656141398222,0.68717986,-0.21616927
E2b_h0.01_e0.3_L2_alibi_learn_attn_s1,L1H1,alibi_learn,0.430335673108673,0.7016061,-0.25404742
E2b_h0.01_e0.3_L2_alibi_learn_attn_s1,L1H2,alibi_learn,0.0801891753210738,0.9403178,1.1106954
E2b_h0.01_e0.3_L2_alibi_learn_attn_s1,L1H3,alibi_learn,0.0039056175749413,1.0869924,1.2855248
E2b_h0.01_e0.3_L2_alibi_learn_attn_s2,L1H0,alibi_learn,0.4987165360959001,1.0970763,-0.53016275
E2b_h0.01_e0.3_L2_alibi_learn_attn_s2,L1H1,alibi_learn,0.4543528840149808,1.1934942,-0.5756428
E2b_h0.01_e0.3_L2_alibi_learn_attn_s2,L1H2,alibi_learn,0.0410609826280215,0.90190804,1.0817473
E2b_h0.01_e0.3_L2_alibi_learn_attn_s2,L1H3,alibi_learn,0.0045782686861767,1.176081,1.1801604
E2b_h0.03_e0.05_L2_alibi_learn_attn_s0,L1H0,alibi_learn,0.5231445736785386,0.2931841,-0.16965206
E2b_h0.03_e0.05_L2_alibi_learn_attn_s0,L1H1,alibi_learn,0.4692091680748523,0.3500405,-0.03237968
E2b_h0.03_e0.05_L2_alibi_learn_attn_s0,L1H2,alibi_learn,0.0115987149892899,0.7803677,0.6730404
E2b_h0.03_e0.05_L2_alibi_learn_attn_s0,L1H3,alibi_learn,-0.0034012093999546,3.591047,3.1485162
E2b_h0.03_e0.05_L2_alibi_learn_attn_s1,L1H0,alibi_learn,0.4901743748152027,0.37446472,0.05999613
E2b_h0.03_e0.05_L2_alibi_learn_attn_s1,L1H1,alibi_learn,0.4757199392353606,0.4425415,0.078065075
E2b_h0.03_e0.05_L2_alibi_learn_attn_s1,L1H2,alibi_learn,0.0255988880617913,0.8365584,0.62853384
E2b_h0.03_e0.05_L2_alibi_learn_attn_s1,L1H3,alibi_learn,0.0080338855361272,1.6548616,1.6719267
E2b_h0.03_e0.05_L2_alibi_learn_attn_s2,L1H0,alibi_learn,0.5128261556363481,0.075397216,-0.33210796
E2b_h0.03_e0.05_L2_alibi_learn_attn_s2,L1H1,alibi_learn,0.4975447629746197,0.1445222,-0.29505774
E2b_h0.03_e0.05_L2_alibi_learn_attn_s2,L1H2,alibi_learn,-0.0003559885802071,0.7315236,0.6934755
E2b_h0.03_e0.1_L2_alibi_learn_attn_s0,L1H0,alibi_learn,0.5208980980136231,0.62007576,-0.22987923
E2b_h0.03_e0.1_L2_alibi_learn_attn_s0,L1H1,alibi_learn,0.5100401518399087,0.6156806,-0.24086052
E2b_h0.03_e0.1_L2_alibi_learn_attn_s0,L1H2,alibi_learn,0.0232351608966534,0.82625705,0.8021389
E2b_h0.03_e0.1_L2_alibi_learn_attn_s0,L1H3,alibi_learn,-0.0529262002694155,-10.360135,-9.466287
E2b_h0.03_e0.1_L2_alibi_learn_attn_s1,L1H0,alibi_learn,0.469794225668476,0.8108292,0.08106387
E2b_h0.03_e0.1_L2_alibi_learn_attn_s1,L1H1,alibi_learn,0.4820662069497883,0.7837703,0.21089332
E2b_h0.03_e0.1_L2_alibi_learn_attn_s1,L1H2,alibi_learn,0.0584361086921059,0.9364923,0.7014261
E2b_h0.03_e0.1_L2_alibi_learn_attn_s1,L1H3,alibi_learn,-0.0110901787120438,2.6590776,2.5469685
E2b_h0.03_e0.1_L2_alibi_learn_attn_s2,L1H0,alibi_learn,0.4943580379559901,0.58872783,-0.06547749
E2b_h0.03_e0.1_L2_alibi_learn_attn_s2,L1H1,alibi_learn,0.4570543914722467,0.6617329,0.2595809
E2b_h0.03_e0.1_L2_alibi_learn_attn_s2,L1H2,alibi_learn,0.0783226610832602,0.90256304,0.7204406
E2b_h0.03_e0.1_L2_alibi_learn_attn_s2,L1H3,alibi_learn,-0.0306302135946693,2.6862552,2.7555408
E2b_h0.03_e0.3_L2_alibi_learn_attn_s0,L1H0,alibi_learn,0.4682380930591379,0.56034607,-0.19083226
E2b_h0.03_e0.3_L2_alibi_learn_attn_s0,L1H1,alibi_learn,0.4464198497391622,0.5433151,-0.1900401
E2b_h0.03_e0.3_L2_alibi_learn_attn_s0,L1H2,alibi_learn,0.158770329665146,0.9492428,0.92376864
E2b_h0.03_e0.3_L2_alibi_learn_attn_s0,L1H3,alibi_learn,-0.0738380060326667,2.1930017,1.8618227
E2b_h0.03_e0.3_L2_alibi_learn_attn_s1,L1H0,alibi_learn,0.4831896277882672,0.70608824,-0.22612703
E2b_h0.03_e0.3_L2_alibi_learn_attn_s1,L1H1,alibi_learn,0.4364351988274411,0.81245595,-0.2868998
E2b_h0.03_e0.3_L2_alibi_learn_attn_s1,L1H2,alibi_learn,0.1580789314613484,0.97367865,0.9880327
E2b_h0.03_e0.3_L2_alibi_learn_attn_s1,L1H3,alibi_learn,-0.0790125724185752,2.602018,2.981359
E2b_h0.03_e0.3_L2_alibi_learn_attn_s2,L1H0,alibi_learn,0.4246528244735311,0.8972377,-0.3192982
E2b_h0.03_e0.3_L2_alibi_learn_attn_s2,L1H1,alibi_learn,0.4986487297629636,0.8118217,-0.42425245
E2b_h0.03_e0.3_L2_alibi_learn_attn_s2,L1H2,alibi_learn,0.1363163361526152,0.95618343,0.95141006
E2b_h0.03_e0.3_L2_alibi_learn_attn_s2,L1H3,alibi_learn,-0.0589136955736553,4.45585,4.6965356
E2c_h0.01_e0.1_L2_alibi_learn_attn_cf0.2_s0,L1H0,alibi_learn,0.299576041258986,0.1881641,0.1053609
E2c_h0.01_e0.1_L2_alibi_learn_attn_cf0.2_s0,L1H1,alibi_learn,0.3394940504272504,0.44893032,0.16918331
E2c_h0.01_e0.1_L2_alibi_learn_attn_cf0.2_s0,L1H2,alibi_learn,0.1891240582789465,0.76567835,0.74715376
E2c_h0.01_e0.1_L2_alibi_learn_attn_cf0.2_s0,L1H3,alibi_learn,0.1721270623502698,1.778002,1.2631892
E2c_h0.01_e0.1_L2_alibi_learn_attn_cf0.2_s1,L1H0,alibi_learn,0.3107754888871583,0.20544514,0.1214048
E2c_h0.01_e0.1_L2_alibi_learn_attn_cf0.2_s1,L1H1,alibi_learn,0.3324551326338146,0.40601823,0.14488746
E2c_h0.01_e0.1_L2_alibi_learn_attn_cf0.2_s1,L1H2,alibi_learn,0.1942006370446634,0.76551515,0.7557703
E2c_h0.01_e0.1_L2_alibi_learn_attn_cf0.2_s1,L1H3,alibi_learn,0.1629414653760572,1.7055972,1.2361584
E2c_h0.01_e0.1_L2_alibi_learn_attn_cf0.2_s2,L1H0,alibi_learn,0.3092839648069856,0.17592797,0.13584377
E2c_h0.01_e0.1_L2_alibi_learn_attn_cf0.2_s2,L1H1,alibi_learn,0.3268145290033197,0.39855397,0.19656312
E2c_h0.01_e0.1_L2_alibi_learn_attn_cf0.2_s2,L1H2,alibi_learn,0.1872612486234119,0.76000947,0.7398171
E2c_h0.01_e0.1_L2_alibi_learn_attn_cf0.2_s2,L1H3,alibi_learn,0.1773928079505501,1.8378443,1.3301212
E2c_h0.03_e0.2_L2_alibi_learn_attn_cf0.2_s0,L1H0,alibi_learn,0.4342574132636796,0.5564209,0.20823789
E2c_h0.03_e0.2_L2_alibi_learn_attn_cf0.2_s0,L1H1,alibi_learn,0.4492927877222574,0.584581,0.38647702
E2c_h0.03_e0.2_L2_alibi_learn_attn_cf0.2_s0,L1H2,alibi_learn,0.0816678629103774,0.8710547,0.91157764
E2c_h0.03_e0.2_L2_alibi_learn_attn_cf0.2_s0,L1H3,alibi_learn,0.03588705405737,1.5841781,1.5823846
E2c_h0.03_e0.2_L2_alibi_learn_attn_cf0.2_s1,L1H0,alibi_learn,0.4371173127785789,0.5357418,0.24277492
E2c_h0.03_e0.2_L2_alibi_learn_attn_cf0.2_s1,L1H1,alibi_learn,0.4416892322640348,0.60573995,0.423741
E2c_h0.03_e0.2_L2_alibi_learn_attn_cf0.2_s1,L1H2,alibi_learn,0.0866841381538276,0.8808521,0.90791523
E2c_h0.03_e0.2_L2_alibi_learn_attn_cf0.2_s1,L1H3,alibi_learn,0.0341363846532003,1.5588032,1.5616016
E2c_h0.03_e0.2_L2_alibi_learn_attn_cf0.2_s2,L1H0,alibi_learn,0.4457253886023432,0.5457111,0.22746809
E2c_h0.03_e0.2_L2_alibi_learn_attn_cf0.2_s2,L1H1,alibi_learn,0.4287531251946098,0.6002361,0.39834887
E2c_h0.03_e0.2_L2_alibi_learn_attn_cf0.2_s2,L1H2,alibi_learn,0.083380251588155,0.85526514,0.91142696
E2c_h0.03_e0.2_L2_alibi_learn_attn_cf0.2_s2,L1H3,alibi_learn,0.0421253079658004,1.5708611,1.5777988
