run,cond,pe,d_model,steps,conflict_frac,d_ce,gap,h_eff,r2_bayes,swap_slope
E1_h0.01_e0.1_L2_alibi_learn_attn_s0,base,alibi_learn,128,20000,,0.0,0.29342899297544855,0.058342690072722296,0.9386076592285761,-0.03091540294034145
E1_h0.01_e0.1_L2_alibi_learn_attn_s0,nonprev_all,alibi_learn,128,20000,,0.1880788803100586,0.42273244285146416,0.05413830814891102,0.9705218682125959,0.013309054715292775
E1_h0.01_e0.1_L2_alibi_learn_attn_s0,nonprev_k,alibi_learn,128,20000,,0.04744315147399902,0.3148787823838297,0.08124877590756345,0.9491644127095387,0.007126141871724746
E1_h0.01_e0.1_L2_alibi_learn_attn_s0,nonprev_q,alibi_learn,128,20000,,0.19456779956817627,-0.3711065017140083,0.016028671199894227,0.14055508993225718,0.23375682045838658
E1_h0.01_e0.1_L2_alibi_learn_attn_s0,nonprev_v,alibi_learn,128,20000,,0.11511170864105225,0.3152423568385463,0.06184551587373023,0.9181165865362184,-0.03942138212067746
E1_h0.01_e0.1_L2_alibi_learn_attn_s0,pair01_all,alibi_learn,128,20000,,0.18546748161315918,0.36241963424691814,0.05620685445124237,0.9462760839623228,0.003066697290965457
E1_h0.01_e0.1_L2_alibi_learn_attn_s0,pair02_all,alibi_learn,128,20000,,0.333939790725708,0.35916821486014117,0.06541955437763054,0.9811315114668167,0.013927571901253244
E1_h0.01_e0.1_L2_alibi_learn_attn_s0,pair12_all,alibi_learn,128,20000,,0.12344670295715332,0.5070980487485798,0.03207418745129551,0.8865277812205231,-0.02708909341267176
E1_h0.01_e0.1_L2_alibi_learn_attn_s1,base,alibi_learn,128,20000,,0.0,0.22778993314657892,0.07037040079730156,0.9414758971484651,0.026113493527684845
E1_h0.01_e0.1_L2_alibi_learn_attn_s1,nonprev_all,alibi_learn,128,20000,,0.2811727523803711,0.19897893629259567,0.10480937306872748,0.9452301281157199,-0.011266041653496877
E1_h0.01_e0.1_L2_alibi_learn_attn_s1,nonprev_k,alibi_learn,128,20000,,0.03432607650756836,0.31314645809144137,0.05951445895905637,0.9694929456009407,0.022088334390095308
E1_h0.01_e0.1_L2_alibi_learn_attn_s1,nonprev_q,alibi_learn,128,20000,,0.015847206115722656,0.009351528183236257,0.09276838181233835,0.9163431337286632,0.057777793918337136
E1_h0.01_e0.1_L2_alibi_learn_attn_s1,nonprev_v,alibi_learn,128,20000,,0.26328837871551514,0.3046770831141822,0.07193966891194023,0.9303600218381427,0.0018280855246952052
E1_h0.01_e0.1_L2_alibi_learn_attn_s1,pair01_all,alibi_learn,128,20000,,0.30027294158935547,-0.02931259963925359,0.09378203013556739,0.8327424547099642,-0.003837431328637313
E1_h0.01_e0.1_L2_alibi_learn_attn_s1,pair02_all,alibi_learn,128,20000,,0.17515647411346436,0.3122905234523744,0.07176984788812098,0.9454965333946803,0.009736048749514946
E1_h0.01_e0.1_L2_alibi_learn_attn_s1,pair12_all,alibi_learn,128,20000,,0.08916831016540527,0.18093691592507555,0.08841327528550277,0.9122800297726255,0.009213103566850905
E1_h0.01_e0.1_L2_alibi_learn_attn_s2,base,alibi_learn,128,20000,,0.0,0.3121682706422594,0.05908900830952093,0.9371682849015296,-0.030039200186729457
E1_h0.01_e0.1_L2_alibi_learn_attn_s2,nonprev_all,alibi_learn,128,20000,,0.1759275197982788,0.38760402284940365,0.06076008590416406,0.9795231186000652,0.0035741295133317717
E1_h0.01_e0.1_L2_alibi_learn_attn_s2,nonprev_k,alibi_learn,128,20000,,0.05388021469116211,0.20088566946329045,0.11320707224226492,0.9299672708341961,-0.011578732303210725
E1_h0.01_e0.1_L2_alibi_learn_attn_s2,nonprev_q,alibi_learn,128,20000,,0.07811963558197021,-0.0459356238370523,0.00010000000000000009,0.680601909599666,0.07531269192695614
E1_h0.01_e0.1_L2_alibi_learn_attn_s2,nonprev_v,alibi_learn,128,20000,,0.11034786701202393,0.3295770347109921,0.06323090608797707,0.9175455456116071,-0.06259552666119168
E1_h0.01_e0.1_L2_alibi_learn_attn_s2,pair01_all,alibi_learn,128,20000,,0.1834348440170288,0.22200305236216977,0.06156340291600518,0.9143091213376767,0.0025598700557436195
E1_h0.01_e0.1_L2_alibi_learn_attn_s2,pair02_all,alibi_learn,128,20000,,0.7535072565078735,0.37682533749935265,0.07259115197959494,0.9775954670581963,0.0007207827908651965
E1_h0.01_e0.1_L2_alibi_learn_attn_s2,pair12_all,alibi_learn,128,20000,,0.07643592357635498,0.4778020390813753,0.03377599026748771,0.9093968280459577,0.007222075121743314
E1_h0.03_e0.2_L2_alibi_learn_attn_s0,base,alibi_learn,128,20000,,0.0,0.23633335640530362,0.09877466324012137,0.9498418218152669,-0.007484125239508526
E1_h0.03_e0.2_L2_alibi_learn_attn_s0,nonprev_all,alibi_learn,128,20000,,0.8187744617462158,0.3565487294847949,0.07688457074546468,0.9757093286056084,-0.0019159640584673337
E1_h0.03_e0.2_L2_alibi_learn_attn_s0,nonprev_k,alibi_learn,128,20000,,0.04608571529388428,0.15281704033043053,0.13587336451787,0.9872393672257842,-0.004647999576159895
E1_h0.03_e0.2_L2_alibi_learn_attn_s0,nonprev_q,alibi_learn,128,20000,,0.11848807334899902,0.4791891851294702,0.04596351821246421,0.9635378032014442,0.05070169248751231
E1_h0.03_e0.2_L2_alibi_learn_attn_s0,nonprev_v,alibi_learn,128,20000,,0.25809741020202637,0.2845226835490223,0.10071964713196589,0.8567865050189062,-0.011286735534667993
E1_h0.03_e0.2_L2_alibi_learn_attn_s0,pair01_all,alibi_learn,128,20000,,0.8230228424072266,0.4353254135378488,0.06054257532979513,0.9766928284736609,-0.004151320457458514
E1_h0.03_e0.2_L2_alibi_learn_attn_s0,pair02_all,alibi_learn,128,20000,,1.1478219032287598,0.45920681078260284,0.011014119920091724,0.9547205266311138,0.008636201918125145
E1_h0.03_e0.2_L2_alibi_learn_attn_s0,pair12_all,alibi_learn,128,20000,,0.05937755107879639,0.14320362293194866,0.16809970478236122,0.9356436932849699,-0.018841909085001312
E1_h0.03_e0.2_L2_alibi_learn_attn_s1,base,alibi_learn,128,20000,,0.0,0.20114296030254797,0.10294769507662305,0.946017265028966,-0.007877482260976544
E1_h0.03_e0.2_L2_alibi_learn_attn_s1,nonprev_all,alibi_learn,128,20000,,0.33307433128356934,0.3226935474479852,0.14480930857507057,0.9082494849708762,-0.01710658605609623
E1_h0.03_e0.2_L2_alibi_learn_attn_s1,nonprev_k,alibi_learn,128,20000,,0.03797733783721924,0.12048863381107122,0.13471871661680132,0.9788668995586066,0.010063542638506196
E1_h0.03_e0.2_L2_alibi_learn_attn_s1,nonprev_q,alibi_learn,128,20000,,0.06528985500335693,0.2838012089930634,0.09875723807083553,0.944020054612909,1.5536802155608513e-05
E1_h0.03_e0.2_L2_alibi_learn_attn_s1,nonprev_v,alibi_learn,128,20000,,0.2349841594696045,0.27653370085894347,0.11778476246236035,0.8477811963430215,-0.016456437536648362
E1_h0.03_e0.2_L2_alibi_learn_attn_s1,pair01_all,alibi_learn,128,20000,,0.35602545738220215,0.01832354167092609,0.14055440680931147,0.784527643533061,-0.013631637181554539
E1_h0.03_e0.2_L2_alibi_learn_attn_s1,pair02_all,alibi_learn,128,20000,,0.23075532913208008,0.41775336514028005,0.08142254808661208,0.9237682264859706,-0.03050814547709057
E1_h0.03_e0.2_L2_alibi_learn_attn_s1,pair12_all,alibi_learn,128,20000,,0.11304545402526855,0.1819991058915308,0.13449387007664007,0.8537405569473455,-0.0037660943610327746
E1_h0.03_e0.2_L2_alibi_learn_attn_s2,base,alibi_learn,128,20000,,0.0,0.25057943312527475,0.10164044334690851,0.9442521040445405,-0.01586203532559532
E1_h0.03_e0.2_L2_alibi_learn_attn_s2,nonprev_all,alibi_learn,128,20000,,0.2723623514175415,0.3779550024449472,0.10697819907363777,0.9232860281948527,-0.020960498281887625
E1_h0.03_e0.2_L2_alibi_learn_attn_s2,nonprev_k,alibi_learn,128,20000,,0.04572403430938721,0.09644869865200678,0.15400575083875548,0.98325260771245,0.003633633681706009
E1_h0.03_e0.2_L2_alibi_learn_attn_s2,nonprev_q,alibi_learn,128,20000,,0.16165125370025635,0.4290833805066956,0.05497260617176824,0.9555698106927992,0.02306972465344837
E1_h0.03_e0.2_L2_alibi_learn_attn_s2,nonprev_v,alibi_learn,128,20000,,0.24314343929290771,0.3292257511190789,0.10740883687792806,0.8172746617175461,-0.028934752089636702
E1_h0.03_e0.2_L2_alibi_learn_attn_s2,pair01_all,alibi_learn,128,20000,,0.5460382699966431,-0.03752642121411387,0.07886504504712087,0.7267983361174231,0.007878251373767815
E1_h0.03_e0.2_L2_alibi_learn_attn_s2,pair02_all,alibi_learn,128,20000,,0.32850825786590576,0.4245078869857166,0.055947835989282164,0.954449453922191,0.008099499770573216
E1_h0.03_e0.2_L2_alibi_learn_attn_s2,pair12_all,alibi_learn,128,20000,,0.13896048069000244,0.2537706893745788,0.13898637851848203,0.8354346217144846,-0.030269308175359468
E2a_h0.01_e0.1_L2_learned_abs_attn_s0,base,learned_abs,128,20000,0.0,0.0,0.21630090929180112,0.06330558765285624,0.9369063075995359,0.014404174685478196
E2a_h0.01_e0.1_L2_learned_abs_attn_s0,nonprev_all,learned_abs,128,20000,0.0,0.5597411394119263,-0.04737289705836978,0.003483720521706912,0.15453551828361434,0.15354224752102577
E2a_h0.01_e0.1_L2_learned_abs_attn_s0,nonprev_k,learned_abs,128,20000,0.0,1.0798203945159912,-0.0919126936459933,0.0018201676265573476,0.31029745974460643,0.4239067312862193
E2a_h0.01_e0.1_L2_learned_abs_attn_s0,nonprev_q,learned_abs,128,20000,0.0,0.21345770359039307,0.5652551743893485,0.025120131859559476,0.9347371354333489,0.7845383233257703
E2a_h0.01_e0.1_L2_learned_abs_attn_s0,nonprev_v,learned_abs,128,20000,0.0,0.06629323959350586,0.1538859184795235,0.07081158129200642,0.9041545724530312,0.011897367238998369
E2a_h0.01_e0.1_L2_learned_abs_attn_s0,pair12_all,learned_abs,128,20000,0.0,0.37231218814849854,0.28086146537288226,0.04484683294137828,0.8778873441507868,0.003952812297003569
E2a_h0.01_e0.1_L2_learned_abs_attn_s0,pair13_all,learned_abs,128,20000,0.0,0.21891319751739502,0.06988918922303888,0.0074917887713767785,0.5941157256529417,0.14508823848196445
E2a_h0.01_e0.1_L2_learned_abs_attn_s0,pair23_all,learned_abs,128,20000,0.0,0.5657094717025757,-0.03917139318812868,0.004175450239100617,0.1497909264786924,0.1759314051164048
E2a_h0.01_e0.1_L2_learned_abs_attn_s1,base,learned_abs,128,20000,0.0,0.0,0.18075269980373,0.07174150666067625,0.9426298600574667,0.013061919382640255
E2a_h0.01_e0.1_L2_learned_abs_attn_s1,nonprev_all,learned_abs,128,20000,0.0,0.6769332885742188,-0.11740223666868954,0.2554757272493128,0.1390172198945412,0.5160087294876575
E2a_h0.01_e0.1_L2_learned_abs_attn_s1,nonprev_k,learned_abs,128,20000,0.0,0.9555470943450928,-0.1731986996169117,0.28228914262314414,0.09521082062295838,1.1650567584804128
E2a_h0.01_e0.1_L2_learned_abs_attn_s1,nonprev_q,learned_abs,128,20000,0.0,0.22373926639556885,0.5779500782260986,0.025370329669673803,0.9365526453153966,0.8373599436666285
E2a_h0.01_e0.1_L2_learned_abs_attn_s1,nonprev_v,learned_abs,128,20000,0.0,0.07191705703735352,0.1620280819478297,0.09746883003839252,0.9159001912111642,0.004733588440077622
E2a_h0.01_e0.1_L2_learned_abs_attn_s1,pair02_all,learned_abs,128,20000,0.0,0.6074401140213013,-0.04582545894147727,0.2572174069942941,0.2025784138001545,0.6121294513344765
E2a_h0.01_e0.1_L2_learned_abs_attn_s1,pair03_all,learned_abs,128,20000,0.0,0.1943216323852539,-0.20210469649504192,0.2106633489677393,0.09803087162258706,0.5003323297149369
E2a_h0.01_e0.1_L2_learned_abs_attn_s1,pair23_all,learned_abs,128,20000,0.0,0.4983566999435425,0.20918838832573194,0.03527042108592399,0.8498332603348228,0.01247782622064861
E2a_h0.01_e0.1_L2_learned_abs_attn_s2,base,learned_abs,128,20000,0.0,0.0,0.13255870664037517,0.06783317218556405,0.9206455699845907,0.02482100299426488
E2a_h0.01_e0.1_L2_learned_abs_attn_s2,nonprev_all,learned_abs,128,20000,0.0,1.0138673782348633,-0.10845350829712108,0.2761113965911362,0.08164661549800922,0.5485447980463506
E2a_h0.01_e0.1_L2_learned_abs_attn_s2,nonprev_k,learned_abs,128,20000,0.0,1.1994688510894775,-0.17162303805734047,0.047603295838303764,0.034772529382012696,1.0562296037163053
E2a_h0.01_e0.1_L2_learned_abs_attn_s2,nonprev_q,learned_abs,128,20000,0.0,0.1859607696533203,0.5214408580935531,0.023976818744930444,0.874147039788157,0.2275731930509209
E2a_h0.01_e0.1_L2_learned_abs_attn_s2,nonprev_v,learned_abs,128,20000,0.0,0.07770097255706787,0.0967162565666263,0.07981101556303348,0.8938369538746315,0.010693469643592803
E2a_h0.01_e0.1_L2_learned_abs_attn_s2,pair12_all,learned_abs,128,20000,0.0,0.7505487203598022,-0.10277693416621658,0.2957018149139479,0.11090240522350936,0.7976394876305548
E2a_h0.01_e0.1_L2_learned_abs_attn_s2,pair13_all,learned_abs,128,20000,0.0,0.2133030891418457,-0.1850479002087535,0.01728600422500777,0.03958797101636313,0.5358537660645587
E2a_h0.01_e0.1_L2_learned_abs_attn_s2,pair23_all,learned_abs,128,20000,0.0,0.8450262546539307,0.16074887419285044,0.00010000000000000009,0.7400993591157834,0.00371434560843874
E2a_h0.01_e0.1_L2_rope_attn_s0,base,rope,128,20000,0.0,0.0,0.07827207990301832,0.01520657395294926,0.9456635561506692,0.011460757255554186
E2a_h0.01_e0.1_L2_rope_attn_s0,nonprev_all,rope,128,20000,0.0,0.11823403835296631,0.44883027970446454,0.005765102195976296,0.902763035075653,0.01486171058246065
E2a_h0.01_e0.1_L2_rope_attn_s0,nonprev_k,rope,128,20000,0.0,0.012978196144104004,0.06502535774639329,0.00980679025638442,0.9562027779917982,0.019869357347488365
E2a_h0.01_e0.1_L2_rope_attn_s0,nonprev_q,rope,128,20000,0.0,0.05730247497558594,0.4961039062139109,0.006399874359608571,0.9128790705699013,0.02756562318120679
E2a_h0.01_e0.1_L2_rope_attn_s0,nonprev_v,rope,128,20000,0.0,0.0187070369720459,0.09202651732146316,0.01655224432221256,0.944033857682755,0.0010628193616866695
E2a_h0.01_e0.1_L2_rope_attn_s0,pair12_all,rope,128,20000,0.0,0.12487876415252686,0.4690661140979453,0.006260348509373646,0.9199417287296636,0.015239338789667392
E2a_h0.01_e0.1_L2_rope_attn_s0,pair13_all,rope,128,20000,0.0,0.04627704620361328,0.36917727742801476,0.005726672100267386,0.9467783334907168,0.021167112674031954
E2a_h0.01_e0.1_L2_rope_attn_s0,pair23_all,rope,128,20000,0.0,0.06998193264007568,0.10395157597915428,0.05352911288949547,0.7140780949353751,0.022325556618826747
E2a_h0.01_e0.1_L2_rope_attn_s1,base,rope,128,20000,0.0,0.0,0.12351151652552828,0.026022045868541704,0.9543676107490804,-0.0062159785202571555
E2a_h0.01_e0.1_L2_rope_attn_s1,nonprev_all,rope,128,20000,0.0,0.1423419713973999,0.36854780317316627,0.008063782363602317,0.8872846076765756,0.07306533413273944
E2a_h0.01_e0.1_L2_rope_attn_s1,nonprev_k,rope,128,20000,0.0,0.018700838088989258,0.06564077152041914,0.016853403362163333,0.9592909003828606,0.0027397551706858504
E2a_h0.01_e0.1_L2_rope_attn_s1,nonprev_q,rope,128,20000,0.0,0.0884697437286377,0.3634561423018575,0.015483896705111327,0.9130466471079639,0.10998435382332118
E2a_h0.01_e0.1_L2_rope_attn_s1,nonprev_v,rope,128,20000,0.0,0.033106327056884766,0.14785254379541457,0.030348188538206047,0.946813892340311,-0.0192908346652985
E2a_h0.01_e0.1_L2_rope_attn_s1,pair01_all,rope,128,20000,0.0,0.1565263271331787,0.32426626479925336,0.008660828633881444,0.8934474591524704,0.08321390109402786
E2a_h0.01_e0.1_L2_rope_attn_s1,pair03_all,rope,128,20000,0.0,0.09269070625305176,0.05323225548500565,0.015559631541070493,0.6629546885277366,0.036132264137268034
E2a_h0.01_e0.1_L2_rope_attn_s1,pair13_all,rope,128,20000,0.0,0.10463178157806396,-0.02517662795046971,0.016266743379025138,0.6603047994775542,0.07421862099851881
E2a_h0.01_e0.1_L2_rope_attn_s2,base,rope,128,20000,0.0,0.0,0.12971505965500285,0.01904408011841623,0.9445191424665201,-0.005462842753955309
E2a_h0.01_e0.1_L2_rope_attn_s2,nonprev_all,rope,128,20000,0.0,0.11022627353668213,0.4008393740634695,0.006260983705781828,0.9517709372141845,0.013977255991526976
E2a_h0.01_e0.1_L2_rope_attn_s2,nonprev_k,rope,128,20000,0.0,0.01660752296447754,0.07680884282977962,0.011854816766910055,0.9511635955445827,0.00036224211965288
E2a_h0.01_e0.1_L2_rope_attn_s2,nonprev_q,rope,128,20000,0.0,0.06346607208251953,0.4923966968428575,0.017548422908628226,0.9645606739669844,0.026095641510827137
E2a_h0.01_e0.1_L2_rope_attn_s2,nonprev_v,rope,128,20000,0.0,0.030904054641723633,0.14742382005416543,0.021586874124080287,0.9388700523629109,-0.012163603305816697
E2a_h0.01_e0.1_L2_rope_attn_s2,pair02_all,rope,128,20000,0.0,0.11220002174377441,0.39174441259462667,0.006260983705781828,0.9473691139060897,0.025080796650477792
E2a_h0.01_e0.1_L2_rope_attn_s2,pair03_all,rope,128,20000,0.0,0.06621456146240234,0.48057264550514567,0.00010000000000000009,0.9305593880575528,0.020476807866777642
E2a_h0.01_e0.1_L2_rope_attn_s2,pair23_all,rope,128,20000,0.0,0.05130910873413086,0.03660885476384079,0.03159493994525372,0.7168153434611573,-0.0005290899957929724
E2a_h0.03_e0.2_L2_learned_abs_attn_s0,base,learned_abs,128,20000,0.0,0.0,0.05032950071355624,0.1059276728701645,0.9005023655107596,0.007079292620931329
E2a_h0.03_e0.2_L2_learned_abs_attn_s0,nonprev_all,learned_abs,128,20000,0.0,1.1281739473342896,0.07502995639678622,0.019377575952110825,0.4982742116603912,0.033374893665313723
E2a_h0.03_e0.2_L2_learned_abs_attn_s0,nonprev_k,learned_abs,128,20000,0.0,1.537155032157898,0.23571901849075538,0.10347574586442437,0.8266219959315384,0.13351236214595183
E2a_h0.03_e0.2_L2_learned_abs_attn_s0,nonprev_q,learned_abs,128,20000,0.0,0.3349088430404663,-0.10235229973126359,0.17482323590891866,0.10684748043698356,0.06914638766486728
E2a_h0.03_e0.2_L2_learned_abs_attn_s0,nonprev_v,learned_abs,128,20000,0.0,0.10596168041229248,0.003667882609139639,0.11529772141852698,0.8532351452784266,0.008219734260014093
E2a_h0.03_e0.2_L2_learned_abs_attn_s0,pair02_all,learned_abs,128,20000,0.0,0.14285075664520264,0.36599160087801463,0.06449142942836951,0.9001802669610595,0.041698135076356814
E2a_h0.03_e0.2_L2_learned_abs_attn_s0,pair03_all,learned_abs,128,20000,0.0,0.9401487112045288,-0.028059973461830645,0.030950516520414736,0.5749276185602891,0.0340338947384485
E2a_h0.03_e0.2_L2_learned_abs_attn_s0,pair23_all,learned_abs,128,20000,0.0,0.8394356966018677,0.21256250758672546,0.053837791909455215,0.8604113028362643,0.0320296287536621
E2a_h0.03_e0.2_L2_learned_abs_attn_s1,base,learned_abs,128,20000,0.0,0.0,0.25160404918401125,0.045051162362124565,0.9605696795487727,0.00822451923574717
E2a_h0.03_e0.2_L2_learned_abs_attn_s1,nonprev_all,learned_abs,128,20000,0.0,1.4861457347869873,-0.0659047729590817,0.5763715009007858,0.09867405513345417,0.04147346075624225
E2a_h0.03_e0.2_L2_learned_abs_attn_s1,nonprev_k,learned_abs,128,20000,0.0,1.3548340797424316,-0.2114736626968713,0.05777142036548085,0.20942225937968528,0.1266942050307989
E2a_h0.03_e0.2_L2_learned_abs_attn_s1,nonprev_q,learned_abs,128,20000,0.0,0.7513055801391602,0.36199179074044163,0.1182674174833328,0.6997869977355583,0.3512703239518617
E2a_h0.03_e0.2_L2_learned_abs_attn_s1,nonprev_v,learned_abs,128,20000,0.0,0.10998940467834473,0.22651500935575464,0.055399014076985095,0.9297969083348259,0.00025124549865722997
E2a_h0.03_e0.2_L2_learned_abs_attn_s1,pair02_all,learned_abs,128,20000,0.0,0.17274880409240723,0.2676971959885781,0.05888963197121711,0.8041457856408969,0.07927940296275274
E2a_h0.03_e0.2_L2_learned_abs_attn_s1,pair03_all,learned_abs,128,20000,0.0,1.4641942977905273,-0.048091718923296445,0.6017557967652946,0.10474200504786502,0.18109376427850554
E2a_h0.03_e0.2_L2_learned_abs_attn_s1,pair23_all,learned_abs,128,20000,0.0,1.406998872756958,,,,
E2a_h0.03_e0.2_L2_learned_abs_attn_s2,base,learned_abs,128,20000,0.0,0.0,0.2262293512817375,0.09703216152495318,0.9104138808132678,0.025958243438175745
E2a_h0.03_e0.2_L2_learned_abs_attn_s2,nonprev_all,learned_abs,128,20000,0.0,1.4634044170379639,0.07433492738821523,0.07424380643923345,0.21509957335642793,0.036729960888624194
E2a_h0.03_e0.2_L2_learned_abs_attn_s2,nonprev_k,learned_abs,128,20000,0.0,1.7916615009307861,0.23504634097628307,0.09029812958586787,0.6463689885492383,0.22299118624734024
E2a_h0.03_e0.2_L2_learned_abs_attn_s2,nonprev_q,learned_abs,128,20000,0.0,0.3455836772918701,0.12045557963847708,0.24506440497335094,0.34562147630997275,0.10877051058092284
E2a_h0.03_e0.2_L2_learned_abs_attn_s2,nonprev_v,learned_abs,128,20000,0.0,0.10949444770812988,0.1790281044684775,0.09760695749183233,0.8632459326095162,0.01865551812308171
E2a_h0.03_e0.2_L2_learned_abs_attn_s2,pair01_all,learned_abs,128,20000,0.0,1.3386509418487549,0.05578383293224354,0.06117690200138489,0.29816018304086533,0.05285995003900357
E2a_h0.03_e0.2_L2_learned_abs_attn_s2,pair02_all,learned_abs,128,20000,0.0,0.12218236923217773,0.46909993549940976,0.02841534610951603,0.7860826901380802,0.038248622923025076
E2a_h0.03_e0.2_L2_learned_abs_attn_s2,pair12_all,learned_abs,128,20000,0.0,1.4659507274627686,0.2420021945344596,0.1474078721632917,0.6494474021656279,0.03988248769726071
E2a_h0.03_e0.2_L2_rope_attn_s0,base,rope,128,20000,0.0,0.0,0.20905039112849932,0.0685065820771192,0.964540999628244,0.007459164943013885
E2a_h0.03_e0.2_L2_rope_attn_s0,nonprev_all,rope,128,20000,0.0,0.16444134712219238,0.31388461231868336,0.06181933429755308,0.968661196320991,0.010942482522555716
E2a_h0.03_e0.2_L2_rope_attn_s0,nonprev_k,rope,128,20000,0.0,0.023096442222595215,0.1624952390581832,0.04942363409674493,0.9748475700962557,0.007095861860683964
E2a_h0.03_e0.2_L2_rope_attn_s0,nonprev_q,rope,128,20000,0.0,0.11927437782287598,0.39541178258358234,0.054190586298760356,0.9881590073073838,0.04060146233865191
E2a_h0.03_e0.2_L2_rope_attn_s0,nonprev_v,rope,128,20000,0.0,0.018358349800109863,0.22280885923085614,0.06731749075714384,0.9610676951485064,-0.0009369739464351612
E2a_h0.03_e0.2_L2_rope_attn_s0,pair02_all,rope,128,20000,0.0,0.17012596130371094,0.3332064626438004,0.07288335529080098,0.983481676684267,0.01868681183883119
E2a_h0.03_e0.2_L2_rope_attn_s0,pair03_all,rope,128,20000,0.0,0.02772343158721924,0.2466490762299577,0.058917647102153206,0.9608365448670474,0.0034622418028967517
E2a_h0.03_e0.2_L2_rope_attn_s0,pair23_all,rope,128,20000,0.0,0.15945172309875488,0.31023300943050724,0.05829215267324065,0.9658694442741025,0.010784801415034682
E2a_h0.03_e0.2_L2_rope_attn_s1,base,rope,128,20000,0.0,0.0,0.2417389133014921,0.07549234638763877,0.9618481841159894,-0.0033184277159827276
E2a_h0.03_e0.2_L2_rope_attn_s1,nonprev_all,rope,128,20000,0.0,0.15594351291656494,0.5031888276445704,0.031520324624888456,0.9848261542556639,0.044057481842381584
E2a_h0.03_e0.2_L2_rope_attn_s1,nonprev_k,rope,128,20000,0.0,0.0377119779586792,0.18287194428271514,0.05003012316282432,0.9608887683046925,-0.00011336292539329176
E2a_h0.03_e0.2_L2_rope_attn_s1,nonprev_q,rope,128,20000,0.0,0.12712204456329346,0.5081362020442541,0.03436498508287313,0.9913491324865498,0.05899033844470976
E2a_h0.03_e0.2_L2_rope_attn_s1,nonprev_v,rope,128,20000,0.0,0.06935727596282959,0.25248873185633214,0.07417727225164289,0.9539699428574266,-0.004029726130621776
E2a_h0.03_e0.2_L2_rope_attn_s1,pair01_all,rope,128,20000,0.0,0.12693989276885986,0.44929472970343276,0.0393905875820084,0.9852162890315354,0.04430896895272389
E2a_h0.03_e0.2_L2_rope_attn_s1,pair03_all,rope,128,20000,0.0,0.16540062427520752,0.3588457611817074,0.05759032223613378,0.9680518485964976,0.050479831652981866
E2a_h0.03_e0.2_L2_rope_attn_s1,pair13_all,rope,128,20000,0.0,0.0742497444152832,0.13277548198652,0.04261456844778987,0.9192213711911089,-0.002555792246546037
E2a_h0.03_e0.2_L2_rope_attn_s2,base,rope,128,20000,0.0,0.0,0.24005006818404517,0.07678318861132571,0.9612503669583718,-0.006559483068329974
E2a_h0.03_e0.2_L2_rope_attn_s2,nonprev_all,rope,128,20000,0.0,0.09176576137542725,0.2632489540516525,0.09263352340754305,0.9723364979283546,0.014799016714096069
E2a_h0.03_e0.2_L2_rope_attn_s2,nonprev_k,rope,128,20000,0.0,0.028157949447631836,0.18956658962541328,0.05062539414737938,0.9609088391442084,0.002068127478872006
E2a_h0.03_e0.2_L2_rope_attn_s2,nonprev_q,rope,128,20000,0.0,0.0662384033203125,0.31855667712791114,0.07516111828630952,0.9813772413422988,0.043275480610983706
E2a_h0.03_e0.2_L2_rope_attn_s2,nonprev_v,rope,128,20000,0.0,0.02287614345550537,0.2546276088639262,0.07353920553788197,0.9489567884341945,-0.00402312619345529
E2a_h0.03_e0.2_L2_rope_attn_s2,pair02_all,rope,128,20000,0.0,0.0757368803024292,0.2622939174011941,0.10318118046841394,0.9749289030143448,0.024559495917388346
E2a_h0.03_e0.2_L2_rope_attn_s2,pair03_all,rope,128,20000,0.0,0.02737736701965332,0.2778664054330302,0.0379325388400468,0.9458416208866598,-0.006735792756080647
E2a_h0.03_e0.2_L2_rope_attn_s2,pair23_all,rope,128,20000,0.0,0.06197798252105713,0.28258293134934387,0.08876624042398085,0.9735551196293463,0.028933399915695178
E2b_h0.003_e0.05_L2_alibi_learn_attn_s0,base,alibi_learn,128,20000,0.0,0.0,0.32267945699554434,0.040776624007185444,0.9504507787941855,-0.024416459458214947
E2b_h0.003_e0.05_L2_alibi_learn_attn_s0,nonprev_all,alibi_learn,128,20000,0.0,0.3027196526527405,0.4281714868060963,0.007985965520693899,0.9731635846205032,0.0037505422319684335
E2b_h0.003_e0.05_L2_alibi_learn_attn_s0,nonprev_k,alibi_learn,128,20000,0.0,0.017307639122009277,0.3360108326872461,0.04904753940476073,0.9577941358256797,0.07123515435627518
E2b_h0.003_e0.05_L2_alibi_learn_attn_s0,nonprev_q,alibi_learn,128,20000,0.0,0.014614641666412354,0.4246591992610852,0.03285864458743579,0.9439364219945476,-0.013527125120162964
E2b_h0.003_e0.05_L2_alibi_learn_attn_s0,nonprev_v,alibi_learn,128,20000,0.0,0.2069544792175293,0.3630605854433663,0.042300668497940744,0.9385167314705566,-0.040807536670139935
E2b_h0.003_e0.05_L2_alibi_learn_attn_s0,pair01_all,alibi_learn,128,20000,0.0,0.3496663570404053,0.25276076020827776,0.044907305001596766,0.9119812031770609,0.006896618860108483
E2b_h0.003_e0.05_L2_alibi_learn_attn_s0,pair02_all,alibi_learn,128,20000,0.0,0.1280253529548645,0.35845323405703855,0.047257490944012985,0.9644600450406384,0.025774394614355888
E2b_h0.003_e0.05_L2_alibi_learn_attn_s0,pair12_all,alibi_learn,128,20000,0.0,0.06147497892379761,0.47398067972044666,0.035564600523823986,0.9620715717422503,-0.03313730359077459
E2b_h0.003_e0.05_L2_alibi_learn_attn_s1,base,alibi_learn,128,20000,0.0,0.0,0.38707909563456966,0.03909755633110322,0.9370622297746601,-0.03274898188454767
E2b_h0.003_e0.05_L2_alibi_learn_attn_s1,nonprev_all,alibi_learn,128,20000,0.0,0.12248483300209045,0.45472613283296737,0.007985965520693899,0.9474990596661383,-0.007068535259791794
E2b_h0.003_e0.05_L2_alibi_learn_attn_s1,nonprev_k,alibi_learn,128,20000,0.0,0.025347143411636353,0.38889041981140127,0.05553908889513502,0.9574478114094194,0.005493679216929795
E2b_h0.003_e0.05_L2_alibi_learn_attn_s1,nonprev_q,alibi_learn,128,20000,0.0,0.023090332746505737,0.3524480675668863,0.00553526179831579,0.8293345403389077,0.005699571541377455
E2b_h0.003_e0.05_L2_alibi_learn_attn_s1,nonprev_v,alibi_learn,128,20000,0.0,0.06526485085487366,0.4109114465302247,0.039191343576704826,0.9238718518068668,-0.06853027684347977
E2b_h0.003_e0.05_L2_alibi_learn_attn_s1,pair01_all,alibi_learn,128,20000,0.0,0.12083891034126282,0.3935588627895973,0.0398272347882663,0.9221233003631729,-0.018052304642541143
E2b_h0.003_e0.05_L2_alibi_learn_attn_s1,pair02_all,alibi_learn,128,20000,0.0,0.07560017704963684,0.4272027432486667,0.048918807330902765,0.9352947058842325,-0.018131182023457176
E2b_h0.003_e0.05_L2_alibi_learn_attn_s1,pair12_all,alibi_learn,128,20000,0.0,0.07920798659324646,0.43184419418626063,0.02221678151555335,0.912300821276355,0.033758309483528114
E2b_h0.003_e0.05_L2_alibi_learn_attn_s2,base,alibi_learn,128,20000,0.0,0.0,0.3741074206336583,0.04550996895717018,0.9238976371471697,-0.03858227474348891
E2b_h0.003_e0.05_L2_alibi_learn_attn_s2,nonprev_all,alibi_learn,128,20000,0.0,0.1527175009250641,0.39710462259376034,0.05429513306340853,0.9742322377913736,-0.0025872043200901745
E2b_h0.003_e0.05_L2_alibi_learn_attn_s2,nonprev_k,alibi_learn,128,20000,0.0,0.01423075795173645,0.34570200262809114,0.06919652380066983,0.9357661338673869,0.013641394036156737
E2b_h0.003_e0.05_L2_alibi_learn_attn_s2,nonprev_q,alibi_learn,128,20000,0.0,0.01636376976966858,0.46146040546373257,0.03559348041083391,0.9523596065826413,0.007362046412059168
E2b_h0.003_e0.05_L2_alibi_learn_attn_s2,nonprev_v,alibi_learn,128,20000,0.0,0.14007112383842468,0.3970554232414041,0.04350301944957691,0.903332907933327,-0.017073570830481454
E2b_h0.003_e0.05_L2_alibi_learn_attn_s2,pair01_all,alibi_learn,128,20000,0.0,0.15392211079597473,0.3537673260748493,0.05187528142455938,0.9513534085557833,-0.007139955248151526
E2b_h0.003_e0.05_L2_alibi_learn_attn_s2,pair02_all,alibi_learn,128,20000,0.0,0.07767519354820251,0.4574122776985504,0.0424639310536602,0.9686167251235581,0.024201530643871837
E2b_h0.003_e0.05_L2_alibi_learn_attn_s2,pair12_all,alibi_learn,128,20000,0.0,0.09490111470222473,0.3685945713174483,0.056408634936440986,0.88698321914391,0.014044622012547008
E2b_h0.003_e0.1_L2_alibi_learn_attn_s0,base,alibi_learn,128,20000,0.0,0.0,0.39387137666604877,0.024211935613989145,0.943038519655436,-0.03649731874465941
E2b_h0.003_e0.1_L2_alibi_learn_attn_s0,nonprev_all,alibi_learn,128,20000,0.0,0.2859804630279541,0.39919502435595333,0.049309762856374895,0.9775202864686885,0.0015294619968958757
E2b_h0.003_e0.1_L2_alibi_learn_attn_s0,nonprev_k,alibi_learn,128,20000,0.0,0.022508203983306885,0.36485264976542964,0.05167825885847873,0.9624838169424461,0.0014835051127842205
E2b_h0.003_e0.1_L2_alibi_learn_attn_s0,nonprev_q,alibi_learn,128,20000,0.0,0.022597312927246094,0.35354141984370524,0.026340875093227443,0.9145988360730274,-0.018058620180402458
E2b_h0.003_e0.1_L2_alibi_learn_attn_s0,nonprev_v,alibi_learn,128,20000,0.0,0.19989138841629028,0.43177363197776575,0.02839950911863693,0.9330025043338919,-0.04141137089048114
E2b_h0.003_e0.1_L2_alibi_learn_attn_s0,pair01_all,alibi_learn,128,20000,0.0,0.31455153226852417,0.35017147450941355,0.04407635358834975,0.9451099728457848,-0.004469786371503575
E2b_h0.003_e0.1_L2_alibi_learn_attn_s0,pair02_all,alibi_learn,128,20000,0.0,0.11907660961151123,0.43112807547215937,0.03760375148045758,0.9695901956092515,0.016690752761704536
E2b_h0.003_e0.1_L2_alibi_learn_attn_s0,pair12_all,alibi_learn,128,20000,0.0,0.11952871084213257,0.35807954692367827,0.05147018343124486,0.93486264370655,-0.007649175609861155
E2b_h0.003_e0.1_L2_alibi_learn_attn_s1,base,alibi_learn,128,20000,0.0,0.0,0.4584037005086721,0.022952834940714165,0.934540822516158,-0.03351235985755919
E2b_h0.003_e0.1_L2_alibi_learn_attn_s1,nonprev_all,alibi_learn,128,20000,0.0,0.1826494336128235,0.5034949181897858,0.028855942836233852,0.9811641423505046,-0.006194923605237726
E2b_h0.003_e0.1_L2_alibi_learn_attn_s1,nonprev_k,alibi_learn,128,20000,0.0,0.03122413158416748,0.4230485750606571,0.046704888602009574,0.9454967435230088,0.021285745927265648
E2b_h0.003_e0.1_L2_alibi_learn_attn_s1,nonprev_q,alibi_learn,128,20000,0.0,0.01908212900161743,0.4778759942931894,0.01648633144374335,0.9284015027864344,-0.006203053253037647
E2b_h0.003_e0.1_L2_alibi_learn_attn_s1,nonprev_v,alibi_learn,128,20000,0.0,0.10956418514251709,0.4642213382882574,0.026157610651747546,0.9258155816301298,-0.08502945559365413
E2b_h0.003_e0.1_L2_alibi_learn_attn_s1,pair01_all,alibi_learn,128,20000,0.0,0.1874709129333496,0.46489602551788367,0.024513197094142458,0.9570115756252167,-0.019766305599893858
E2b_h0.003_e0.1_L2_alibi_learn_attn_s1,pair02_all,alibi_learn,128,20000,0.0,0.1419658064842224,0.4666803332169793,0.0363808324952554,0.8958198901550709,0.028524410724639827
E2b_h0.003_e0.1_L2_alibi_learn_attn_s1,pair12_all,alibi_learn,128,20000,0.0,0.07202333211898804,0.5415012007171417,0.023403927958947336,0.9662231390013363,0.025085990343775035
E2b_h0.003_e0.1_L2_alibi_learn_attn_s2,base,alibi_learn,128,20000,0.0,0.0,0.4138060220152574,0.02424938156928469,0.9283381098839468,-0.034107499888965075
E2b_h0.003_e0.1_L2_alibi_learn_attn_s2,nonprev_all,alibi_learn,128,20000,0.0,0.18920129537582397,0.39731767250024963,0.048588268453010695,0.9744452684181139,-0.017259923900876776
E2b_h0.003_e0.1_L2_alibi_learn_attn_s2,nonprev_k,alibi_learn,128,20000,0.0,0.030479788780212402,0.3882690327608994,0.056291535719373884,0.9483262815612507,-0.010419077958379527
E2b_h0.003_e0.1_L2_alibi_learn_attn_s2,nonprev_q,alibi_learn,128,20000,0.0,0.021840274333953857,0.4102689397538104,0.026368867738997707,0.9406298900018581,-0.005135205813816665
E2b_h0.003_e0.1_L2_alibi_learn_attn_s2,nonprev_v,alibi_learn,128,20000,0.0,0.15771770477294922,0.43840795982370184,0.0265398460261324,0.9103530447529461,-0.04545331299304966
E2b_h0.003_e0.1_L2_alibi_learn_attn_s2,pair01_all,alibi_learn,128,20000,0.0,0.19890141487121582,0.3212264843814969,0.0038483348970335058,0.9262826700463962,-0.02867606069360465
E2b_h0.003_e0.1_L2_alibi_learn_attn_s2,pair02_all,alibi_learn,128,20000,0.0,0.08170181512832642,0.5151783202245028,0.029638463955137254,0.9692762775402203,0.007990395597049138
E2b_h0.003_e0.1_L2_alibi_learn_attn_s2,pair12_all,alibi_learn,128,20000,0.0,0.1991112232208252,0.36197156855039014,0.04735123816979098,0.8806589483852318,0.057304211173738705
E2b_h0.003_e0.2_L2_alibi_learn_attn_s0,base,alibi_learn,128,20000,0.0,0.0,0.513282392056832,0.014038415144321963,0.8503887711972727,-0.023610158051763263
E2b_h0.003_e0.2_L2_alibi_learn_attn_s0,nonprev_all,alibi_learn,128,20000,0.0,0.4159010052680969,0.5127308818233485,0.03264295574740102,0.9054369863750439,-0.0041063332131930875
E2b_h0.003_e0.2_L2_alibi_learn_attn_s0,nonprev_k,alibi_learn,128,20000,0.0,0.03140228986740112,0.4565605022387813,0.03480412126021966,0.95115328828895,-0.006298285722732573
E2b_h0.003_e0.2_L2_alibi_learn_attn_s0,nonprev_q,alibi_learn,128,20000,0.0,0.03575974702835083,-0.28623208415356993,0.00010000000000000009,0.40477968487036464,-0.005612979616437654
E2b_h0.003_e0.2_L2_alibi_learn_attn_s0,nonprev_v,alibi_learn,128,20000,0.0,0.4304078221321106,0.5302730868669029,0.017433898745507888,0.8039501524139046,-0.021649950316974115
E2b_h0.003_e0.2_L2_alibi_learn_attn_s0,pair01_all,alibi_learn,128,20000,0.0,0.21574681997299194,0.4577977762409777,0.02049192789145018,0.8504440032164451,-0.01345157538141524
E2b_h0.003_e0.2_L2_alibi_learn_attn_s0,pair02_all,alibi_learn,128,20000,0.0,0.41457778215408325,0.4002861142535189,0.015073027202177477,0.8299626319071916,-0.003779334468500966
E2b_h0.003_e0.2_L2_alibi_learn_attn_s0,pair12_all,alibi_learn,128,20000,0.0,0.10932403802871704,0.46020580711566517,0.039955662209909946,0.9114385251365645,-0.015009931581360976
E2b_h0.003_e0.2_L2_alibi_learn_attn_s1,base,alibi_learn,128,20000,0.0,0.0,0.5428220538368611,0.011612572471725306,0.8597819904795847,-0.019044442687715834
E2b_h0.003_e0.2_L2_alibi_learn_attn_s1,nonprev_all,alibi_learn,128,20000,0.0,0.15274345874786377,0.47884462402027395,0.042566854901375885,0.9706213496627408,-0.004759383627346619
E2b_h0.003_e0.2_L2_alibi_learn_attn_s1,nonprev_k,alibi_learn,128,20000,0.0,0.050835490226745605,0.48311076013053444,0.03684071717604444,0.961257667342919,0.0006359176976339944
E2b_h0.003_e0.2_L2_alibi_learn_attn_s1,nonprev_q,alibi_learn,128,20000,0.0,0.02666682004928589,-0.05005174637445642,0.008754274156797106,0.5116169578449402,-0.022968450188636802
E2b_h0.003_e0.2_L2_alibi_learn_attn_s1,nonprev_v,alibi_learn,128,20000,0.0,0.1253197193145752,0.5555194078375255,0.012861362792226034,0.818377314407771,-0.03703147470951083
E2b_h0.003_e0.2_L2_alibi_learn_attn_s1,pair01_all,alibi_learn,128,20000,0.0,0.1608009934425354,0.36521092757665397,0.046410299096180135,0.9050119370057252,-0.021395131945610064
E2b_h0.003_e0.2_L2_alibi_learn_attn_s1,pair02_all,alibi_learn,128,20000,0.0,0.11162853240966797,0.4748085830825024,0.02781077168339267,0.8498357754791008,-0.012565099767276202
E2b_h0.003_e0.2_L2_alibi_learn_attn_s1,pair12_all,alibi_learn,128,20000,0.0,0.17483752965927124,0.5611502075664018,0.02208979249612418,0.926152277140561,-0.01765761375427247
E2b_h0.003_e0.2_L2_alibi_learn_attn_s2,base,alibi_learn,128,20000,0.0,0.0,0.5320215286666738,0.014294135848166677,0.8518035300842492,-0.02082501564707077
E2b_h0.003_e0.2_L2_alibi_learn_attn_s2,nonprev_all,alibi_learn,128,20000,0.0,0.632473886013031,,,,
E2b_h0.003_e0.2_L2_alibi_learn_attn_s2,nonprev_k,alibi_learn,128,20000,0.0,0.025852680206298828,0.4265562466810514,0.03151797755633743,0.9257225997832557,0.005808744685990459
E2b_h0.003_e0.2_L2_alibi_learn_attn_s2,nonprev_q,alibi_learn,128,20000,0.0,0.022944867610931396,-0.06460118801513492,0.0027632010539073797,0.5051991743369679,-0.0072314713682447304
E2b_h0.003_e0.2_L2_alibi_learn_attn_s2,nonprev_v,alibi_learn,128,20000,0.0,0.670096218585968,0.546855221452317,0.017378660299066987,0.7962256797675735,-0.00302521032946453
E2b_h0.003_e0.2_L2_alibi_learn_attn_s2,pair01_all,alibi_learn,128,20000,0.0,0.3254780173301697,0.2123803367264263,0.006825107419997693,0.6519422891463276,0.006850060394832059
E2b_h0.003_e0.2_L2_alibi_learn_attn_s2,pair02_all,alibi_learn,128,20000,0.0,0.502309262752533,,,,
E2b_h0.003_e0.2_L2_alibi_learn_attn_s2,pair12_all,alibi_learn,128,20000,0.0,0.1776740550994873,0.4433567840938797,0.04409013221570926,0.8919253184933994,-0.0038359729307038495
E2b_h0.003_e0.3_L2_alibi_learn_attn_s0,base,alibi_learn,128,20000,0.0,0.0,0.5138910390625411,0.012727962276292273,0.8463852737756781,-0.020309500609125432
E2b_h0.003_e0.3_L2_alibi_learn_attn_s0,nonprev_all,alibi_learn,128,20000,0.0,0.08544647693634033,0.5184643382553975,0.02487041105318204,0.9512999084644995,0.005031715972082943
E2b_h0.003_e0.3_L2_alibi_learn_attn_s0,nonprev_k,alibi_learn,128,20000,0.0,0.041095077991485596,0.48713517469974466,0.032897023241676454,0.9443300762352985,0.0016406917146273795
E2b_h0.003_e0.3_L2_alibi_learn_attn_s0,nonprev_q,alibi_learn,128,20000,0.0,0.01688086986541748,0.22746213784531044,0.01129323382291501,0.7306955221741779,-0.0035191844616617477
E2b_h0.003_e0.3_L2_alibi_learn_attn_s0,nonprev_v,alibi_learn,128,20000,0.0,0.049611806869506836,0.5377474450152606,0.015812307422380732,0.7733884898309271,-0.029694699602467685
E2b_h0.003_e0.3_L2_alibi_learn_attn_s0,pair01_all,alibi_learn,128,20000,0.0,0.09206593036651611,0.48541586748825183,0.021607413540657185,0.9369025621862608,0.002589063559259683
E2b_h0.003_e0.3_L2_alibi_learn_attn_s0,pair02_all,alibi_learn,128,20000,0.0,0.09973800182342529,0.4204007638472975,0.027314044050248773,0.8539691958703611,0.004896475374698638
E2b_h0.003_e0.3_L2_alibi_learn_attn_s0,pair12_all,alibi_learn,128,20000,0.0,0.07216966152191162,0.501684571881082,0.0410614332890351,0.8837098462911475,-0.03430146872997285
E2b_h0.003_e0.3_L2_alibi_learn_attn_s1,base,alibi_learn,128,20000,0.0,0.0,0.5392051032503706,0.01172839842316263,0.8827422543469157,-0.020682467945984443
E2b_h0.003_e0.3_L2_alibi_learn_attn_s1,nonprev_all,alibi_learn,128,20000,0.0,0.08151018619537354,0.5742338031980887,0.02267282624105414,0.9697975602485396,-0.0025291551436696816
E2b_h0.003_e0.3_L2_alibi_learn_attn_s1,nonprev_k,alibi_learn,128,20000,0.0,0.027041316032409668,0.5143934624753603,0.02754476341405564,0.9544905113353996,-0.009902807857309072
E2b_h0.003_e0.3_L2_alibi_learn_attn_s1,nonprev_q,alibi_learn,128,20000,0.0,0.01435387134552002,0.3461861407140603,0.012147737010894537,0.8612828169182487,-0.008805556808199212
E2b_h0.003_e0.3_L2_alibi_learn_attn_s1,nonprev_v,alibi_learn,128,20000,0.0,0.0646936297416687,0.5909504218636648,0.011973400285901513,0.8440892463410041,-0.022305625889982496
E2b_h0.003_e0.3_L2_alibi_learn_attn_s1,pair01_all,alibi_learn,128,20000,0.0,0.08599388599395752,0.5656274982536628,0.020684665891342602,0.9542842904476893,-0.0028396129608154277
E2b_h0.003_e0.3_L2_alibi_learn_attn_s1,pair02_all,alibi_learn,128,20000,0.0,0.055928170680999756,0.5378240966439711,0.026045761975644448,0.9427588257909486,-0.02147006264754705
E2b_h0.003_e0.3_L2_alibi_learn_attn_s1,pair12_all,alibi_learn,128,20000,0.0,0.05290108919143677,0.4536960187597746,0.023701088691679778,0.8887081896829105,0.0032365032604762443
E2b_h0.003_e0.3_L2_alibi_learn_attn_s2,base,alibi_learn,128,20000,0.0,0.0,0.4898437424395903,0.013821876436176488,0.8775848505154854,-0.022454224526882175
E2b_h0.003_e0.3_L2_alibi_learn_attn_s2,nonprev_all,alibi_learn,128,20000,0.0,0.15527445077896118,0.23910344248427584,0.00010000000000000009,0.8500884110940352,0.007486241417271742
E2b_h0.003_e0.3_L2_alibi_learn_attn_s2,nonprev_k,alibi_learn,128,20000,0.0,0.030961811542510986,0.3446921771857052,0.03367292089200696,0.9413137925217692,-0.003685563164097914
E2b_h0.003_e0.3_L2_alibi_learn_attn_s2,nonprev_q,alibi_learn,128,20000,0.0,0.025838792324066162,-0.04915534347191275,0.00010000000000000009,0.5973295242350896,-0.0057290070823260795
E2b_h0.003_e0.3_L2_alibi_learn_attn_s2,nonprev_v,alibi_learn,128,20000,0.0,0.1432080864906311,0.5119152718179142,0.017108676398672428,0.7502836672905697,-0.013192835450172436
E2b_h0.003_e0.3_L2_alibi_learn_attn_s2,pair01_all,alibi_learn,128,20000,0.0,0.1454790234565735,0.029698553495529856,0.00010000000000000009,0.6779529409878748,0.007909504217760887
E2b_h0.003_e0.3_L2_alibi_learn_attn_s2,pair02_all,alibi_learn,128,20000,0.0,0.1384146809577942,0.39960667218638923,0.019103224301568786,0.9068229423330346,0.01899762355855533
E2b_h0.003_e0.3_L2_alibi_learn_attn_s2,pair12_all,alibi_learn,128,20000,0.0,0.031882643699645996,0.4641384485364257,0.04009260295363193,0.8949093636754802,-0.012765037161963342
E2b_h0.01_e0.05_L2_alibi_learn_attn_s0,base,alibi_learn,128,20000,0.0,0.0,0.18394644894481416,0.07152649967068576,0.9557581311078087,-0.04731280463082454
E2b_h0.01_e0.05_L2_alibi_learn_attn_s0,nonprev_all,alibi_learn,128,20000,0.0,0.2846028208732605,0.23557284229311748,0.1011194481784066,0.967469197795855,0.019472000428608454
E2b_h0.01_e0.05_L2_alibi_learn_attn_s0,nonprev_k,alibi_learn,128,20000,0.0,0.024736642837524414,0.1030423508041588,0.12320481713940493,0.9482892110054297,-0.02097321748733528
E2b_h0.01_e0.05_L2_alibi_learn_attn_s0,nonprev_q,alibi_learn,128,20000,0.0,0.04356193542480469,0.33300594226169433,0.06239826352206247,0.9471180853839064,-0.016160414048603695
E2b_h0.01_e0.05_L2_alibi_learn_attn_s0,nonprev_v,alibi_learn,128,20000,0.0,0.11278039216995239,0.20784117661105406,0.07700388599727642,0.9449738823324391,-0.059449328695024804
E2b_h0.01_e0.05_L2_alibi_learn_attn_s0,pair01_all,alibi_learn,128,20000,0.0,0.23365002870559692,0.062050275329848414,0.09759845990434071,0.8949036684114767,0.03941170019762855
E2b_h0.01_e0.05_L2_alibi_learn_attn_s0,pair02_all,alibi_learn,128,20000,0.0,0.2634003758430481,0.309178832920151,0.08956588427028064,0.975286208966745,-0.00010638322149007883
E2b_h0.01_e0.05_L2_alibi_learn_attn_s0,pair12_all,alibi_learn,128,20000,0.0,0.05957752466201782,0.21621287614575369,0.11603259606596547,0.9389697348802717,-0.0712184011936188
E2b_h0.01_e0.05_L2_alibi_learn_attn_s1,base,alibi_learn,128,20000,0.0,0.0,0.06570945937192152,0.0719138761916467,0.9245473692812178,0.037305088554109835
E2b_h0.01_e0.05_L2_alibi_learn_attn_s1,nonprev_all,alibi_learn,128,20000,0.0,0.16828060150146484,0.17836593523440136,0.10962910593831808,0.9453612612663735,-0.002347776719502042
E2b_h0.01_e0.05_L2_alibi_learn_attn_s1,nonprev_k,alibi_learn,128,20000,0.0,0.029099702835083008,0.21633886426714954,0.0881583053155638,0.9518695841608562,0.05354337181363778
E2b_h0.01_e0.05_L2_alibi_learn_attn_s1,nonprev_q,alibi_learn,128,20000,0.0,0.005125105381011963,0.01596964168827164,0.07821407783969435,0.9277830200112956,0.04890321067401337
E2b_h0.01_e0.05_L2_alibi_learn_attn_s1,nonprev_v,alibi_learn,128,20000,0.0,0.15032899379730225,0.05474144961189953,0.07637155942141884,0.8767575454125047,0.0014962511403219185
E2b_h0.01_e0.05_L2_alibi_learn_attn_s1,pair01_all,alibi_learn,128,20000,0.0,0.16579151153564453,-0.023963699099834535,0.07126217107935247,0.8384918808247412,-0.006328896965299339
E2b_h0.01_e0.05_L2_alibi_learn_attn_s1,pair02_all,alibi_learn,128,20000,0.0,0.09528708457946777,0.22950981754050126,0.09220495788313116,0.9301524056827517,0.013872711147580865
E2b_h0.01_e0.05_L2_alibi_learn_attn_s1,pair12_all,alibi_learn,128,20000,0.0,0.09304273128509521,0.09338209987979795,0.1045661533324342,0.877434425902342,0.02263102744306835
E2b_h0.01_e0.05_L2_alibi_learn_attn_s2,base,alibi_learn,128,20000,0.0,0.0,0.19795125508235611,0.06900475393131741,0.9461018652307118,-0.06058723756245208
E2b_h0.01_e0.05_L2_alibi_learn_attn_s2,nonprev_all,alibi_learn,128,20000,0.0,0.2528676390647888,0.3383808848786427,0.07855934438895999,0.9747463587768477,0.0032758755343300994
E2b_h0.01_e0.05_L2_alibi_learn_attn_s2,nonprev_k,alibi_learn,128,20000,0.0,0.01704084873199463,0.18353178604580278,0.10690497995772641,0.9367979308070503,-0.03236876726150511
E2b_h0.01_e0.05_L2_alibi_learn_attn_s2,nonprev_q,alibi_learn,128,20000,0.0,0.028426408767700195,0.3401891844145609,0.06978768288997186,0.950368724556025,-0.0018715577466147301
E2b_h0.01_e0.05_L2_alibi_learn_attn_s2,nonprev_v,alibi_learn,128,20000,0.0,0.18021827936172485,0.21481089383824847,0.07162453105896943,0.9197486097175602,-0.04857355824538641
E2b_h0.01_e0.05_L2_alibi_learn_attn_s2,pair01_all,alibi_learn,128,20000,0.0,0.27853137254714966,0.22824453191841343,0.08139176924973696,0.9300204840574852,0.022880405613354242
E2b_h0.01_e0.05_L2_alibi_learn_attn_s2,pair02_all,alibi_learn,128,20000,0.0,0.17547303438186646,0.3558253743311782,0.0810525829311376,0.9790643848170703,-0.012935589892523644
E2b_h0.01_e0.05_L2_alibi_learn_attn_s2,pair12_all,alibi_learn,128,20000,0.0,0.0552372932434082,0.24889683229688786,0.0931891441737112,0.911286449745063,-0.05621834993362438
E2b_h0.01_e0.2_L2_alibi_learn_attn_s0,base,alibi_learn,128,20000,0.0,0.0,0.39736532011781767,0.047548749746074745,0.9352872999094123,-0.020720392039843997
E2b_h0.01_e0.2_L2_alibi_learn_attn_s0,nonprev_all,alibi_learn,128,20000,0.0,0.23702585697174072,0.5457480548905869,0.023572078273804215,0.956518647893297,0.009491258859634368
E2b_h0.01_e0.2_L2_alibi_learn_attn_s0,nonprev_k,alibi_learn,128,20000,0.0,0.05833268165588379,0.2552247350297693,0.08152437529430581,0.9532019754250399,0.002750661543437384
E2b_h0.01_e0.2_L2_alibi_learn_attn_s0,nonprev_q,alibi_learn,128,20000,0.0,0.09183645248413086,-0.15479173499976406,0.00010000000000000009,0.6365330928117574,0.013348537683486922
E2b_h0.01_e0.2_L2_alibi_learn_attn_s0,nonprev_v,alibi_learn,128,20000,0.0,0.19572746753692627,0.4347895517177911,0.05066747484574758,0.9035660894309542,-0.04532460740634374
E2b_h0.01_e0.2_L2_alibi_learn_attn_s0,pair01_all,alibi_learn,128,20000,0.0,0.281758189201355,0.5695482520722187,0.023524848956679337,0.9382943886890532,0.008512089082172915
E2b_h0.01_e0.2_L2_alibi_learn_attn_s0,pair02_all,alibi_learn,128,20000,0.0,0.5208573341369629,0.3789277817707767,0.05162739862124544,0.8776092310625209,0.008938857700143537
E2b_h0.01_e0.2_L2_alibi_learn_attn_s0,pair12_all,alibi_learn,128,20000,0.0,0.1377955675125122,0.35517931589216967,0.061408584812172935,0.9353766489656812,-0.04067608926977432
E2b_h0.01_e0.2_L2_alibi_learn_attn_s1,base,alibi_learn,128,20000,0.0,0.0,0.322822371159704,0.05078008272199636,0.9568841946762274,0.003199687600135778
E2b_h0.01_e0.2_L2_alibi_learn_attn_s1,nonprev_all,alibi_learn,128,20000,0.0,0.1799091100692749,0.6390120452812654,0.024570349033378278,0.8654991236847717,-0.037351039052009614
E2b_h0.01_e0.2_L2_alibi_learn_attn_s1,nonprev_k,alibi_learn,128,20000,0.0,0.05422961711883545,0.38407179064959707,0.02514219987712548,0.9290899781965204,0.014152913221291112
E2b_h0.01_e0.2_L2_alibi_learn_attn_s1,nonprev_q,alibi_learn,128,20000,0.0,0.001971602439880371,0.29854286432969335,0.05428427817962811,0.9536383112349367,0.005237839903150248
E2b_h0.01_e0.2_L2_alibi_learn_attn_s1,nonprev_v,alibi_learn,128,20000,0.0,0.16482746601104736,0.5091055116560887,0.047207429398729114,0.9078628183737136,-0.009662759729794098
E2b_h0.01_e0.2_L2_alibi_learn_attn_s1,pair01_all,alibi_learn,128,20000,0.0,0.19289743900299072,0.6473506991775698,0.024829693316444156,0.8522045262404332,-0.0597065044300897
E2b_h0.01_e0.2_L2_alibi_learn_attn_s1,pair02_all,alibi_learn,128,20000,0.0,0.11628544330596924,0.5149349688939203,0.0366971875928118,0.9426570110238728,-0.010994151234626765
E2b_h0.01_e0.2_L2_alibi_learn_attn_s1,pair12_all,alibi_learn,128,20000,0.0,0.02039313316345215,0.5044672030380212,0.03510647914792721,0.9772827772813496,0.006712148019245657
E2b_h0.01_e0.2_L2_alibi_learn_attn_s2,base,alibi_learn,128,20000,0.0,0.0,0.41022700390104494,0.04648927847482024,0.9233465407583257,-0.03250169243131366
E2b_h0.01_e0.2_L2_alibi_learn_attn_s2,nonprev_all,alibi_learn,128,20000,0.0,0.3573946952819824,0.5426144253934396,0.02352518311636941,0.9412172146453655,-0.0016410120895930958
E2b_h0.01_e0.2_L2_alibi_learn_attn_s2,nonprev_k,alibi_learn,128,20000,0.0,0.03782308101654053,0.3260567097956544,0.06628940778738614,0.9447129494942921,-0.01809510035174233
E2b_h0.01_e0.2_L2_alibi_learn_attn_s2,nonprev_q,alibi_learn,128,20000,0.0,0.04995989799499512,0.2232470436771048,0.012610780536250475,0.8026741578042574,0.005307733586856276
E2b_h0.01_e0.2_L2_alibi_learn_attn_s2,nonprev_v,alibi_learn,128,20000,0.0,0.22383880615234375,0.4288568673342017,0.05275146786849525,0.8932728997492089,-0.04775858627898355
E2b_h0.01_e0.2_L2_alibi_learn_attn_s2,pair01_all,alibi_learn,128,20000,0.0,0.4397810697555542,0.5426552331131771,0.0212418783823097,0.8832642331640055,0.0005824493510382127
E2b_h0.01_e0.2_L2_alibi_learn_attn_s2,pair02_all,alibi_learn,128,20000,0.0,0.6918903589248657,0.4100188395653759,0.024319676877602277,0.8922524992912003,-0.01453576194388528
E2b_h0.01_e0.2_L2_alibi_learn_attn_s2,pair12_all,alibi_learn,128,20000,0.0,0.048949241638183594,0.4590575564909112,0.05212754472840063,0.8973513033354515,-0.013935385431562211
E2b_h0.01_e0.3_L2_alibi_learn_attn_s0,base,alibi_learn,128,20000,0.0,0.0,0.4580093552683484,0.030996238792634516,0.9178606628028726,-0.027167229567255292
E2b_h0.01_e0.3_L2_alibi_learn_attn_s0,nonprev_all,alibi_learn,128,20000,0.0,0.1294252872467041,0.5713940625478391,0.023607570070729555,0.9587744372287641,-0.003222875935690737
E2b_h0.01_e0.3_L2_alibi_learn_attn_s0,nonprev_k,alibi_learn,128,20000,0.0,0.026684165000915527,0.3387928257994357,0.05300147717764155,0.9443086566963987,-0.013141526920454847
E2b_h0.01_e0.3_L2_alibi_learn_attn_s0,nonprev_q,alibi_learn,128,20000,0.0,0.029783010482788086,0.3937570385083128,0.02577540570522775,0.906648627591386,-0.0004646331071853689
E2b_h0.01_e0.3_L2_alibi_learn_attn_s0,nonprev_v,alibi_learn,128,20000,0.0,0.05825698375701904,0.508473437210285,0.0364209271256275,0.8684738600053555,-0.04152385188000544
E2b_h0.01_e0.3_L2_alibi_learn_attn_s0,pair01_all,alibi_learn,128,20000,0.0,0.12825655937194824,0.5753415384556131,0.023712060661688645,0.9647266089691995,-0.009772154901708888
E2b_h0.01_e0.3_L2_alibi_learn_attn_s0,pair02_all,alibi_learn,128,20000,0.0,0.14031243324279785,0.4819574668618296,0.03038265734502995,0.9346788479019308,0.007405429759195877
E2b_h0.01_e0.3_L2_alibi_learn_attn_s0,pair12_all,alibi_learn,128,20000,0.0,0.045534729957580566,0.47295726462361176,0.05108514841914538,0.9281701086863282,-0.02540938534906934
E2b_h0.01_e0.3_L2_alibi_learn_attn_s1,base,alibi_learn,128,20000,0.0,0.0,0.45330064063201625,0.02735977726977752,0.951511517731628,-0.007202702547822695
E2b_h0.01_e0.3_L2_alibi_learn_attn_s1,nonprev_all,alibi_learn,128,20000,0.0,0.06305921077728271,0.575101527580038,0.023793176715883158,0.9124015623997251,-0.004835795930453713
E2b_h0.01_e0.3_L2_alibi_learn_attn_s1,nonprev_k,alibi_learn,128,20000,0.0,0.020266413688659668,0.421897418092843,0.02594610690851066,0.9330920767091653,-0.001034683627741693
E2b_h0.01_e0.3_L2_alibi_learn_attn_s1,nonprev_q,alibi_learn,128,20000,0.0,0.0057430267333984375,0.4176699100993604,0.026799576772573677,0.9454221537191285,-0.0062090897134372105
E2b_h0.01_e0.3_L2_alibi_learn_attn_s1,nonprev_v,alibi_learn,128,20000,0.0,0.05543076992034912,0.6106890631905688,0.024455494481694068,0.9306033447387796,-0.006394441851547808
E2b_h0.01_e0.3_L2_alibi_learn_attn_s1,pair01_all,alibi_learn,128,20000,0.0,0.06960690021514893,0.5937018182218444,0.024078200273795168,0.8591881379032162,-0.007342111212866686
E2b_h0.01_e0.3_L2_alibi_learn_attn_s1,pair02_all,alibi_learn,128,20000,0.0,0.05623495578765869,0.5721536339542356,0.024020776532846008,0.9522034058816113,-0.032838860579899404
E2b_h0.01_e0.3_L2_alibi_learn_attn_s1,pair12_all,alibi_learn,128,20000,0.0,0.01734757423400879,0.48395212891144523,0.024861732244145947,0.9533060309184458,0.01229349481207982
E2b_h0.01_e0.3_L2_alibi_learn_attn_s2,base,alibi_learn,128,20000,0.0,0.0,0.46035054578022916,0.026757453875937597,0.9071646856123983,-0.011070662311145247
E2b_h0.01_e0.3_L2_alibi_learn_attn_s2,nonprev_all,alibi_learn,128,20000,0.0,0.12673282623291016,0.42894151866412034,0.056898110988065305,0.9685007442122154,0.0041064402886799144
E2b_h0.01_e0.3_L2_alibi_learn_attn_s2,nonprev_k,alibi_learn,128,20000,0.0,0.09121060371398926,0.3146582272043088,0.05358828022266163,0.8779673019775507,-0.009795384534767708
E2b_h0.01_e0.3_L2_alibi_learn_attn_s2,nonprev_q,alibi_learn,128,20000,0.0,0.022678017616271973,0.38246269446971004,0.020373298721610308,0.8981807367355823,0.007952027022838584
E2b_h0.01_e0.3_L2_alibi_learn_attn_s2,nonprev_v,alibi_learn,128,20000,0.0,0.11859333515167236,0.4928777016850666,0.03518712779213048,0.8594038350776844,-0.035741292153085975
E2b_h0.01_e0.3_L2_alibi_learn_attn_s2,pair01_all,alibi_learn,128,20000,0.0,0.1263892650604248,0.3723074319586036,0.05365508478121071,0.951681448594438,-0.014562536563192117
E2b_h0.01_e0.3_L2_alibi_learn_attn_s2,pair02_all,alibi_learn,128,20000,0.0,0.06917953491210938,0.48240394163835554,0.03931538253993384,0.9695552138848137,0.017507366516760405
E2b_h0.01_e0.3_L2_alibi_learn_attn_s2,pair12_all,alibi_learn,128,20000,0.0,0.1522127389907837,0.46181175142121467,0.03539830334312307,0.8414967829429152,-0.022480317524501275
E2b_h0.03_e0.05_L2_alibi_learn_attn_s0,base,alibi_learn,128,20000,0.0,0.0,0.07870494164307862,0.12282347597539756,0.9597476728936768,-0.02667582716260639
E2b_h0.03_e0.05_L2_alibi_learn_attn_s0,nonprev_all,alibi_learn,128,20000,0.0,0.3912506103515625,0.15388598802571596,0.20884550936469862,0.9369803995287247,0.004842314124107344
E2b_h0.03_e0.05_L2_alibi_learn_attn_s0,nonprev_k,alibi_learn,128,20000,0.0,0.044560790061950684,0.07261425917519437,0.2247469463129487,0.9680517041371086,-0.03377034366130829
E2b_h0.03_e0.05_L2_alibi_learn_attn_s0,nonprev_q,alibi_learn,128,20000,0.0,0.051101088523864746,0.22785420634516462,0.11336211165836321,0.9140776199652083,0.007997577530997097
E2b_h0.03_e0.05_L2_alibi_learn_attn_s0,nonprev_v,alibi_learn,128,20000,0.0,0.16379451751708984,0.06476666936015663,0.13440703843991836,0.9459652986192926,-0.06172739097050263
E2b_h0.03_e0.05_L2_alibi_learn_attn_s0,pair01_all,alibi_learn,128,20000,0.0,0.2923351526260376,0.25209776900758984,0.18601522424781636,0.9567586935792609,-0.008294082113674729
E2b_h0.03_e0.05_L2_alibi_learn_attn_s0,pair02_all,alibi_learn,128,20000,0.0,0.4181365966796875,0.13934765634653057,0.18406789572237867,0.9405965421324848,0.00206899174622127
E2b_h0.03_e0.05_L2_alibi_learn_attn_s0,pair12_all,alibi_learn,128,20000,0.0,0.05509328842163086,0.09699311159332458,0.17185360762701832,0.8961017837878654,-0.054825443029403696
E2b_h0.03_e0.05_L2_alibi_learn_attn_s1,base,alibi_learn,128,20000,0.0,0.0,0.008392747726961525,0.14354873551785555,0.9362181311135656,0.008105453423091272
E2b_h0.03_e0.05_L2_alibi_learn_attn_s1,nonprev_all,alibi_learn,128,20000,0.0,0.12646949291229248,-0.012399250833604714,0.25746176132690674,0.8717477980462398,-0.001148701565606285
E2b_h0.03_e0.05_L2_alibi_learn_attn_s1,nonprev_k,alibi_learn,128,20000,0.0,0.030744314193725586,0.09723109748164538,0.15894851794925857,0.9368855354038909,0.006025135517120256
E2b_h0.03_e0.05_L2_alibi_learn_attn_s1,nonprev_q,alibi_learn,128,20000,0.0,0.0106123685836792,-0.00783170160865998,0.14837857850508207,0.9402829506308205,0.009076865230287804
E2b_h0.03_e0.05_L2_alibi_learn_attn_s1,nonprev_v,alibi_learn,128,20000,0.0,0.11732161045074463,-0.04635919200072869,0.15598719820279436,0.8718398459417289,-0.002497804164886494
E2b_h0.03_e0.05_L2_alibi_learn_attn_s1,pair01_all,alibi_learn,128,20000,0.0,0.1323084831237793,-0.11757148271657991,0.17793168294084308,0.8295211111413058,-0.0018389548574175533
E2b_h0.03_e0.05_L2_alibi_learn_attn_s1,pair02_all,alibi_learn,128,20000,0.0,0.0894702672958374,0.26482746627338016,0.13655042968367578,0.9650773512525814,-0.03089763862746106
E2b_h0.03_e0.05_L2_alibi_learn_attn_s1,pair12_all,alibi_learn,128,20000,0.0,0.03840017318725586,0.05545839917329454,0.2357151715169082,0.9332436831902768,-0.00356602413313731
E2b_h0.03_e0.05_L2_alibi_learn_attn_s2,base,alibi_learn,128,20000,0.0,0.0,0.07918279840452203,0.11817105106488367,0.9659016897661091,-0.02387341856956484
E2b_h0.03_e0.05_L2_alibi_learn_attn_s2,nonprev_all,alibi_learn,128,20000,0.0,0.18340790271759033,-0.021024177296186997,0.27416598768597494,0.864990535862453,0.012325138705117351
E2b_h0.03_e0.05_L2_alibi_learn_attn_s2,nonprev_k,alibi_learn,128,20000,0.0,0.023926615715026855,0.03668304286982882,0.21571180021785452,0.9751810441232613,-0.022941602553640132
E2b_h0.03_e0.05_L2_alibi_learn_attn_s2,nonprev_q,alibi_learn,128,20000,0.0,0.055120229721069336,0.19641966499430108,0.13019201941648825,0.9223341173523081,-0.00580969197409499
E2b_h0.03_e0.05_L2_alibi_learn_attn_s2,nonprev_v,alibi_learn,128,20000,0.0,0.07245087623596191,0.06820819927048405,0.1290877897710614,0.9566688790362214,-0.04328996794564387
E2b_h0.03_e0.05_L2_alibi_learn_attn_s2,pair01_all,alibi_learn,128,20000,0.0,0.11747872829437256,-0.04491378122721568,0.16025987659511462,0.9027086650609032,0.03244020768574301
E2b_h0.03_e0.05_L2_alibi_learn_attn_s2,pair02_all,alibi_learn,128,20000,0.0,0.17169344425201416,0.22480475446789916,0.17360137401713469,0.9490875664233501,-0.02472958053861351
E2b_h0.03_e0.05_L2_alibi_learn_attn_s2,pair12_all,alibi_learn,128,20000,0.0,0.0678032636642456,0.028296880209333408,0.19845213682713117,0.9223552216375916,-0.04019732645579753
E2b_h0.03_e0.1_L2_alibi_learn_attn_s0,base,alibi_learn,128,20000,0.0,0.0,0.15548050759304455,0.10938055182397506,0.9562442420858135,-0.0008811035326549
E2b_h0.03_e0.1_L2_alibi_learn_attn_s0,nonprev_all,alibi_learn,128,20000,0.0,0.297717809677124,0.19809561030317635,0.16759658615866513,0.9067949224842424,-0.005459946393966699
E2b_h0.03_e0.1_L2_alibi_learn_attn_s0,nonprev_k,alibi_learn,128,20000,0.0,0.04160201549530029,0.09052228194241041,0.1963458250001629,0.982001526446588,-0.006142426814351755
E2b_h0.03_e0.1_L2_alibi_learn_attn_s0,nonprev_q,alibi_learn,128,20000,0.0,0.10879504680633545,0.37337630727740867,0.07971936674452389,0.9549154880288445,0.0593451802219663
E2b_h0.03_e0.1_L2_alibi_learn_attn_s0,nonprev_v,alibi_learn,128,20000,0.0,0.2386457920074463,0.16523653004656236,0.11156025329568091,0.8964136190373917,-0.0012522007737841075
E2b_h0.03_e0.1_L2_alibi_learn_attn_s0,pair01_all,alibi_learn,128,20000,0.0,0.2932407855987549,0.3991420468027279,0.07485271632035437,0.9744098525957552,-0.005976850220135332
E2b_h0.03_e0.1_L2_alibi_learn_attn_s0,pair02_all,alibi_learn,128,20000,0.0,0.7653119564056396,0.30618519527544796,0.11963295081818452,0.6395597310103076,-0.022952270082065036
E2b_h0.03_e0.1_L2_alibi_learn_attn_s0,pair12_all,alibi_learn,128,20000,0.0,0.061609864234924316,0.09837224766242458,0.2600998809065649,0.9061908719272449,-0.045173202667917585
E2b_h0.03_e0.1_L2_alibi_learn_attn_s1,base,alibi_learn,128,20000,0.0,0.0,0.06415544924915595,0.1318131728072868,0.9487955389125036,0.0041448882647922795
E2b_h0.03_e0.1_L2_alibi_learn_attn_s1,nonprev_all,alibi_learn,128,20000,0.0,0.3395509719848633,-0.025348530456284157,0.30666246441882605,0.8525729824614661,-0.0065421785627092855
E2b_h0.03_e0.1_L2_alibi_learn_attn_s1,nonprev_k,alibi_learn,128,20000,0.0,0.030184507369995117,0.11324996247149788,0.15273896413792287,0.9640110560720075,0.008181216461317836
E2b_h0.03_e0.1_L2_alibi_learn_attn_s1,nonprev_q,alibi_learn,128,20000,0.0,0.006419539451599121,0.027682501116429115,0.13965119321981806,0.960159332518421,0.004420039483479019
E2b_h0.03_e0.1_L2_alibi_learn_attn_s1,nonprev_v,alibi_learn,128,20000,0.0,0.2998390197753906,0.022926274065370622,0.14391892843724985,0.8742057925746636,-0.004114337904112694
E2b_h0.03_e0.1_L2_alibi_learn_attn_s1,pair01_all,alibi_learn,128,20000,0.0,0.35100865364074707,-0.13761161439984915,0.1514656194086739,0.8058035564413766,-0.013349948184830826
E2b_h0.03_e0.1_L2_alibi_learn_attn_s1,pair02_all,alibi_learn,128,20000,0.0,0.16611194610595703,0.16489771860477032,0.20120204176118858,0.9045268886573877,0.0028973524059567736
E2b_h0.03_e0.1_L2_alibi_learn_attn_s1,pair12_all,alibi_learn,128,20000,0.0,0.13925325870513916,0.10695345733891226,0.1637944118261075,0.894950186766911,-0.00932336534772602
E2b_h0.03_e0.1_L2_alibi_learn_attn_s2,base,alibi_learn,128,20000,0.0,0.0,0.031433518449014985,0.11057389562590592,0.9254350767627941,0.004529032962662826
E2b_h0.03_e0.1_L2_alibi_learn_attn_s2,nonprev_all,alibi_learn,128,20000,0.0,0.21843290328979492,0.143404713724953,0.20260777056337326,0.9280387321696335,-0.003336804253714461
E2b_h0.03_e0.1_L2_alibi_learn_attn_s2,nonprev_k,alibi_learn,128,20000,0.0,0.0314406156539917,0.2000722158922067,0.16122548318683097,0.9632074867682727,0.012036847642489815
E2b_h0.03_e0.1_L2_alibi_learn_attn_s2,nonprev_q,alibi_learn,128,20000,0.0,0.011192083358764648,-0.016011606541043943,0.121350188875936,0.9262952520224728,0.012107787813459114
E2b_h0.03_e0.1_L2_alibi_learn_attn_s2,nonprev_v,alibi_learn,128,20000,0.0,0.19963645935058594,0.0045482093173035976,0.11691365243155738,0.8548084467933186,-0.0033620110579900067
E2b_h0.03_e0.1_L2_alibi_learn_attn_s2,pair01_all,alibi_learn,128,20000,0.0,0.2393789291381836,-0.09647957079952396,0.22572861228935118,0.8347965344911199,-0.005417251161166569
E2b_h0.03_e0.1_L2_alibi_learn_attn_s2,pair02_all,alibi_learn,128,20000,0.0,0.0830373764038086,0.3380587231961196,0.10935674173340977,0.9621382809802013,-0.025985160044261404
E2b_h0.03_e0.1_L2_alibi_learn_attn_s2,pair12_all,alibi_learn,128,20000,0.0,0.05461394786834717,0.012059150469207691,0.1715509316123572,0.9521654007562615,0.013502958842686192
E2b_h0.03_e0.3_L2_alibi_learn_attn_s0,base,alibi_learn,128,20000,0.0,0.0,0.2669779532088504,0.09830568122664454,0.9626135785877464,-0.019785785249301368
E2b_h0.03_e0.3_L2_alibi_learn_attn_s0,nonprev_all,alibi_learn,128,20000,0.0,1.6383917331695557,,,,
E2b_h0.03_e0.3_L2_alibi_learn_attn_s0,nonprev_k,alibi_learn,128,20000,0.0,0.889427661895752,-0.014536116810367483,0.14928239395754428,0.8482702468001768,0.003451100843293318
E2b_h0.03_e0.3_L2_alibi_learn_attn_s0,nonprev_q,alibi_learn,128,20000,0.0,0.1940925121307373,0.435975003807646,0.031230946532799692,0.956696731795738,0.04533898042781013
E2b_h0.03_e0.3_L2_alibi_learn_attn_s0,nonprev_v,alibi_learn,128,20000,0.0,0.985283374786377,0.34317753741685575,0.09696056790351384,0.8867644844218309,-0.0008534526186330084
E2b_h0.03_e0.3_L2_alibi_learn_attn_s0,pair01_all,alibi_learn,128,20000,0.0,1.6411480903625488,,,,
E2b_h0.03_e0.3_L2_alibi_learn_attn_s0,pair02_all,alibi_learn,128,20000,0.0,1.7933578491210938,,,,
E2b_h0.03_e0.3_L2_alibi_learn_attn_s0,pair12_all,alibi_learn,128,20000,0.0,0.04407978057861328,0.15876017225402794,0.11354185695237361,0.9499441973193117,-0.016145060317856928
E2b_h0.03_e0.3_L2_alibi_learn_attn_s1,base,alibi_learn,128,20000,0.0,0.0,0.24323888994415988,0.10778563183675745,0.9582185905131003,-0.012058390464101532
E2b_h0.03_e0.3_L2_alibi_learn_attn_s1,nonprev_all,alibi_learn,128,20000,0.0,0.15054011344909668,0.22025530676976757,0.17147128357004396,0.9357415880794349,-0.009467230524335606
E2b_h0.03_e0.3_L2_alibi_learn_attn_s1,nonprev_k,alibi_learn,128,20000,0.0,0.04578232765197754,0.27413871285081615,0.10094065088633629,0.96610084050989,-0.007568325740950445
E2b_h0.03_e0.3_L2_alibi_learn_attn_s1,nonprev_q,alibi_learn,128,20000,0.0,0.023030519485473633,0.08971937514306205,0.13199180615115955,0.9557617007869101,-0.011294258705207288
E2b_h0.03_e0.3_L2_alibi_learn_attn_s1,nonprev_v,alibi_learn,128,20000,0.0,0.09163904190063477,0.3499551643001615,0.10697890669700881,0.9367918251114123,-0.007174237072467815
E2b_h0.03_e0.3_L2_alibi_learn_attn_s1,pair01_all,alibi_learn,128,20000,0.0,0.14745664596557617,0.2163066511288485,0.15769383748299767,0.9356820073358134,-0.029124434930937648
E2b_h0.03_e0.3_L2_alibi_learn_attn_s1,pair02_all,alibi_learn,128,20000,0.0,0.04938030242919922,0.35867070500825726,0.09716668815716308,0.9635481499938988,-0.009879506485802811
E2b_h0.03_e0.3_L2_alibi_learn_attn_s1,pair12_all,alibi_learn,128,20000,0.0,0.05244112014770508,0.04248706639876354,0.1590665522351128,0.9427652825292201,0.011732140822069961
E2b_h0.03_e0.3_L2_alibi_learn_attn_s2,base,alibi_learn,128,20000,0.0,0.0,0.2849388683548376,0.10544564904007199,0.9605711669073647,-0.0015891473208155128
E2b_h0.03_e0.3_L2_alibi_learn_attn_s2,nonprev_all,alibi_learn,128,20000,0.0,1.3630619049072266,,,,
E2b_h0.03_e0.3_L2_alibi_learn_attn_s2,nonprev_k,alibi_learn,128,20000,0.0,0.14045238494873047,0.10179915927522276,0.11316434161379195,0.9750779508943983,0.007126959732600596
E2b_h0.03_e0.3_L2_alibi_learn_attn_s2,nonprev_q,alibi_learn,128,20000,0.0,0.1266636848449707,0.3723120167406735,0.05500861251795656,0.969386063933833,0.045744052635771866
E2b_h0.03_e0.3_L2_alibi_learn_attn_s2,nonprev_v,alibi_learn,128,20000,0.0,0.17300772666931152,0.3656879549059515,0.1108075376769033,0.8990204572577354,-0.00698049174887796
E2b_h0.03_e0.3_L2_alibi_learn_attn_s2,pair01_all,alibi_learn,128,20000,0.0,1.3291277885437012,,,,
E2b_h0.03_e0.3_L2_alibi_learn_attn_s2,pair02_all,alibi_learn,128,20000,0.0,1.3823938369750977,,,,
E2b_h0.03_e0.3_L2_alibi_learn_attn_s2,pair12_all,alibi_learn,128,20000,0.0,0.04319190979003906,0.21863479774112982,0.10928326110010397,0.9228137940172483,-0.001037342846393586
E2c_h0.01_e0.1_L2_alibi_learn_attn_cf0.2_s0,base,alibi_learn,128,20000,0.2,0.0,0.06473153704614754,0.04015467802610648,0.9136631445510559,0.09038298938955579
E2c_h0.01_e0.1_L2_alibi_learn_attn_cf0.2_s0,nonprev_all,alibi_learn,128,20000,0.2,0.21978223323822021,0.41759810735829217,0.011126022472251891,0.9538568327717463,0.014415690728596263
E2c_h0.01_e0.1_L2_alibi_learn_attn_cf0.2_s0,nonprev_k,alibi_learn,128,20000,0.2,0.03766167163848877,0.10478456634867395,0.032786676615359195,0.8791026725032587,0.10053336716123981
E2c_h0.01_e0.1_L2_alibi_learn_attn_cf0.2_s0,nonprev_q,alibi_learn,128,20000,0.2,0.0020760297775268555,0.04486947220014714,0.04059810232585421,0.910343438356392,0.09402947510991774
E2c_h0.01_e0.1_L2_alibi_learn_attn_cf0.2_s0,nonprev_v,alibi_learn,128,20000,0.2,0.14928817749023438,0.12602946666545312,0.0391813209334702,0.8860344697735196,0.03656146058014457
E2c_h0.01_e0.1_L2_alibi_learn_attn_cf0.2_s0,pair01_all,alibi_learn,128,20000,0.2,0.2003614902496338,0.3893407786290991,0.01023393907628733,0.9384328468610823,0.012461966276168754
E2c_h0.01_e0.1_L2_alibi_learn_attn_cf0.2_s0,pair02_all,alibi_learn,128,20000,0.2,0.25103020668029785,0.4243811498796741,0.011237715575284999,0.9381482171998486,-0.019583385331290136
E2c_h0.01_e0.1_L2_alibi_learn_attn_cf0.2_s0,pair12_all,alibi_learn,128,20000,0.2,0.008430242538452148,0.11817414910869584,0.04461921060750305,0.9301768736339895,0.11748844810894557
E2c_h0.01_e0.1_L2_alibi_learn_attn_cf0.2_s1,base,alibi_learn,128,20000,0.2,0.0,0.057151632419519816,0.040658167990232856,0.9222354297131297,0.10320872877325328
E2c_h0.01_e0.1_L2_alibi_learn_attn_cf0.2_s1,nonprev_all,alibi_learn,128,20000,0.2,0.20989680290222168,0.43135195556217165,0.012000542251257748,0.953836244809045,0.026438834837504765
E2c_h0.01_e0.1_L2_alibi_learn_attn_cf0.2_s1,nonprev_k,alibi_learn,128,20000,0.2,0.03888344764709473,0.09667451111668524,0.033082633780388046,0.8784468536523765,0.10471467961158067
E2c_h0.01_e0.1_L2_alibi_learn_attn_cf0.2_s1,nonprev_q,alibi_learn,128,20000,0.2,0.002977132797241211,0.03530890391400243,0.04081088759568444,0.9182790184900299,0.10955883179392131
E2c_h0.01_e0.1_L2_alibi_learn_attn_cf0.2_s1,nonprev_v,alibi_learn,128,20000,0.2,0.13824975490570068,0.11613458828147039,0.03909949984548072,0.8934280152518858,0.05483482607773373
E2c_h0.01_e0.1_L2_alibi_learn_attn_cf0.2_s1,pair01_all,alibi_learn,128,20000,0.2,0.1881425380706787,0.41695211949467603,0.011286912080085589,0.9419265013038282,0.02370702624320981
E2c_h0.01_e0.1_L2_alibi_learn_attn_cf0.2_s1,pair02_all,alibi_learn,128,20000,0.2,0.23499000072479248,0.4224536707960336,0.0103956839969734,0.9334733296144093,0.0020411244460514432
E2c_h0.01_e0.1_L2_alibi_learn_attn_cf0.2_s1,pair12_all,alibi_learn,128,20000,0.2,0.00846850872039795,0.10873087563237582,0.046622767855472376,0.9364085279213262,0.11841605603694913
E2c_h0.01_e0.1_L2_alibi_learn_attn_cf0.2_s2,base,alibi_learn,128,20000,0.2,0.0,0.05176054478343339,0.03963888956012817,0.9113595603418863,0.09789053073951175
E2c_h0.01_e0.1_L2_alibi_learn_attn_cf0.2_s2,nonprev_all,alibi_learn,128,20000,0.2,0.2057574987411499,0.4189511075702437,0.010902368938160259,0.9473197871147303,0.019141389642442976
E2c_h0.01_e0.1_L2_alibi_learn_attn_cf0.2_s2,nonprev_k,alibi_learn,128,20000,0.2,0.039141297340393066,0.08473592551527065,0.03338565991878871,0.8821390665615221,0.10494620054960249
E2c_h0.01_e0.1_L2_alibi_learn_attn_cf0.2_s2,nonprev_q,alibi_learn,128,20000,0.2,0.003420233726501465,0.03286189191404054,0.039912121627177895,0.9080116736510225,0.10224084428378515
E2c_h0.01_e0.1_L2_alibi_learn_attn_cf0.2_s2,nonprev_v,alibi_learn,128,20000,0.2,0.12905466556549072,0.12092202052370482,0.037776454668722544,0.8822412075978858,0.0433556684425899
E2c_h0.01_e0.1_L2_alibi_learn_attn_cf0.2_s2,pair01_all,alibi_learn,128,20000,0.2,0.1841200590133667,0.4162067783809369,0.012058288574399735,0.9372281460296643,0.015195984499795026
E2c_h0.01_e0.1_L2_alibi_learn_attn_cf0.2_s2,pair02_all,alibi_learn,128,20000,0.2,0.21876204013824463,0.41123961019935207,0.009736695206678843,0.924984315065972,-0.0037545178617750417
E2c_h0.01_e0.1_L2_alibi_learn_attn_cf0.2_s2,pair12_all,alibi_learn,128,20000,0.2,0.0072182416915893555,0.10243310286752028,0.04491909434101464,0.9272657929278574,0.11433012719665246
E2c_h0.03_e0.2_L2_alibi_learn_attn_cf0.2_s0,base,alibi_learn,128,20000,0.2,0.0,0.10190027745931818,0.0902797068979421,0.9182119478403771,0.03735596409865788
E2c_h0.03_e0.2_L2_alibi_learn_attn_cf0.2_s0,nonprev_all,alibi_learn,128,20000,0.2,0.08516240119934082,0.26844312199250253,0.07987538581077919,0.9658196893194552,-0.0032160256590161927
E2c_h0.03_e0.2_L2_alibi_learn_attn_cf0.2_s0,nonprev_k,alibi_learn,128,20000,0.2,0.027928709983825684,0.18701545938545017,0.08131079098359739,0.9482448842865331,0.04008872083255218
E2c_h0.03_e0.2_L2_alibi_learn_attn_cf0.2_s0,nonprev_q,alibi_learn,128,20000,0.2,0.0006997585296630859,0.09027700223050505,0.0880241285124528,0.9148447841362009,0.0382696858474186
E2c_h0.03_e0.2_L2_alibi_learn_attn_cf0.2_s0,nonprev_v,alibi_learn,128,20000,0.2,0.06925368309020996,0.16742351033341363,0.10350959011705564,0.9272559871011772,0.00021695409502300875
E2c_h0.03_e0.2_L2_alibi_learn_attn_cf0.2_s0,pair01_all,alibi_learn,128,20000,0.2,0.07618141174316406,0.17743765940097822,0.08239280898107519,0.9274131787162011,-0.005430362480027348
E2c_h0.03_e0.2_L2_alibi_learn_attn_cf0.2_s0,pair02_all,alibi_learn,128,20000,0.2,0.08770370483398438,0.2748660000158839,0.07876644052360549,0.9668848183129054,-0.008800810149737761
E2c_h0.03_e0.2_L2_alibi_learn_attn_cf0.2_s0,pair12_all,alibi_learn,128,20000,0.2,0.0039904117584228516,0.17519236380642855,0.10112147859668834,0.9473982896405954,0.038652079871722624
E2c_h0.03_e0.2_L2_alibi_learn_attn_cf0.2_s1,base,alibi_learn,128,20000,0.2,0.0,0.10487355739298376,0.08972883988657215,0.9209838851717489,0.044010997244289904
E2c_h0.03_e0.2_L2_alibi_learn_attn_cf0.2_s1,nonprev_all,alibi_learn,128,20000,0.2,0.08868205547332764,0.2692805255478318,0.08279690730943272,0.967025519335213,0.0025099745818546525
E2c_h0.03_e0.2_L2_alibi_learn_attn_cf0.2_s1,nonprev_k,alibi_learn,128,20000,0.2,0.02628779411315918,0.19247154387883203,0.0829245821787362,0.9503444220464073,0.050372790864535735
E2c_h0.03_e0.2_L2_alibi_learn_attn_cf0.2_s1,nonprev_q,alibi_learn,128,20000,0.2,0.0011104345321655273,0.08048538689247187,0.08758931554429891,0.9148918909259011,0.04645987834249221
E2c_h0.03_e0.2_L2_alibi_learn_attn_cf0.2_s1,nonprev_v,alibi_learn,128,20000,0.2,0.08425676822662354,0.17007256515290237,0.10435964280385367,0.9263148585304601,0.0034922982965196725
E2c_h0.03_e0.2_L2_alibi_learn_attn_cf0.2_s1,pair01_all,alibi_learn,128,20000,0.2,0.08690941333770752,0.18471832555421042,0.08287921185487136,0.9278068916159881,-0.005201851470129826
E2c_h0.03_e0.2_L2_alibi_learn_attn_cf0.2_s1,pair02_all,alibi_learn,128,20000,0.2,0.0753551721572876,0.26353643796109727,0.08515884382896777,0.9635371338931428,0.004130335365022928
E2c_h0.03_e0.2_L2_alibi_learn_attn_cf0.2_s1,pair12_all,alibi_learn,128,20000,0.2,0.0073239803314208984,0.1731768323748759,0.10081198195849893,0.9467807991036656,0.04123280005795612
E2c_h0.03_e0.2_L2_alibi_learn_attn_cf0.2_s2,base,alibi_learn,128,20000,0.2,0.0,0.0931556284606404,0.09334159262175834,0.9171249843284919,0.0404018170067242
E2c_h0.03_e0.2_L2_alibi_learn_attn_cf0.2_s2,nonprev_all,alibi_learn,128,20000,0.2,0.07483458518981934,0.2587630660915411,0.085724053861821,0.9689393703223284,0.003624943750245207
E2c_h0.03_e0.2_L2_alibi_learn_attn_cf0.2_s2,nonprev_k,alibi_learn,128,20000,0.2,0.02665889263153076,0.17401599945442225,0.08591227122341188,0.946069388168916,0.0478772523147719
E2c_h0.03_e0.2_L2_alibi_learn_attn_cf0.2_s2,nonprev_q,alibi_learn,128,20000,0.2,0.0001468658447265625,0.0849273735579742,0.09207671416408954,0.9146983066136156,0.040947044747216325
E2c_h0.03_e0.2_L2_alibi_learn_attn_cf0.2_s2,nonprev_v,alibi_learn,128,20000,0.2,0.059046030044555664,0.15680127957100876,0.10847608167354139,0.9291235958603556,0.001235259856496545
E2c_h0.03_e0.2_L2_alibi_learn_attn_cf0.2_s2,pair01_all,alibi_learn,128,20000,0.2,0.059377193450927734,0.18191558045221634,0.08954989421656692,0.934700866694553,0.003769469261169399
E2c_h0.03_e0.2_L2_alibi_learn_attn_cf0.2_s2,pair02_all,alibi_learn,128,20000,0.2,0.07810163497924805,0.2628619994336311,0.08519028133357105,0.969710207416823,-0.0017487964459827992
E2c_h0.03_e0.2_L2_alibi_learn_attn_cf0.2_s2,pair12_all,alibi_learn,128,20000,0.2,0.004715681076049805,0.15497843548717338,0.10496032200507703,0.9435636269332449,0.03945405355521609
E3_h0.01_e0.1_L2_alibi_learn_attn_d256_s0,base,alibi_learn,256,20000,0.0,0.0,0.31588395501611455,0.05394382994819572,0.9372316550739117,-0.005231509889875166
E3_h0.01_e0.1_L2_alibi_learn_attn_d256_s0,nonprev_all,alibi_learn,256,20000,0.0,0.3819953203201294,0.3990006091650463,0.06502687960974161,0.9814570432401106,0.004141782862799458
E3_h0.01_e0.1_L2_alibi_learn_attn_d256_s0,nonprev_k,alibi_learn,256,20000,0.0,0.042653799057006836,0.31623323138998605,0.09951953881186588,0.9263171136045333,-0.01433143786021642
E3_h0.01_e0.1_L2_alibi_learn_attn_d256_s0,nonprev_q,alibi_learn,256,20000,0.0,0.030191779136657715,0.49007480515644875,0.03230195230057535,0.9635953581575459,0.025768349851880725
E3_h0.01_e0.1_L2_alibi_learn_attn_d256_s0,nonprev_v,alibi_learn,256,20000,0.0,0.3499929904937744,0.3245983379971903,0.05133313053698346,0.9202841748258938,0.014305141993931316
E3_h0.01_e0.1_L2_alibi_learn_attn_d256_s1,base,alibi_learn,256,20000,0.0,0.0,0.3129756190370233,0.05340118790366414,0.9398888997572797,-0.006497472524642945
E3_h0.01_e0.1_L2_alibi_learn_attn_d256_s1,nonprev_all,alibi_learn,256,20000,0.0,0.3236609697341919,0.4155874448823068,0.054552770206245216,0.9754799030786184,0.0029734922306878173
E3_h0.01_e0.1_L2_alibi_learn_attn_d256_s1,nonprev_k,alibi_learn,256,20000,0.0,0.03425741195678711,0.3218197900768992,0.09040854266610136,0.9183333335133438,-0.019629424810409583
E3_h0.01_e0.1_L2_alibi_learn_attn_d256_s1,nonprev_q,alibi_learn,256,20000,0.0,0.03291785717010498,0.510992507746865,0.028180936393095806,0.9644089193043262,0.0110977598599025
E3_h0.01_e0.1_L2_alibi_learn_attn_d256_s1,nonprev_v,alibi_learn,256,20000,0.0,0.2687690258026123,0.32211689552954204,0.05236250614520116,0.9248560824773843,0.005907868487494331
E3_h0.01_e0.1_L2_alibi_learn_attn_st60000_s0,base,alibi_learn,128,60000,0.0,0.0,0.3489384873793302,0.05011879656431409,0.9105205455703473,-0.0268519026892526
E3_h0.01_e0.1_L2_alibi_learn_attn_st60000_s0,nonprev_all,alibi_learn,128,60000,0.0,0.32346391677856445,0.09377482420639904,0.1030175215431111,0.8123157513525893,0.009224797146660923
E3_h0.01_e0.1_L2_alibi_learn_attn_st60000_s0,nonprev_k,alibi_learn,128,60000,0.0,0.3418617248535156,0.038176218817083996,0.07588961299385581,0.8845526633204129,0.20692650808819707
E3_h0.01_e0.1_L2_alibi_learn_attn_st60000_s0,nonprev_q,alibi_learn,128,60000,0.0,0.2582356929779053,0.4088711416716255,0.0728627638852423,0.5965958831729301,0.15598503101084912
E3_h0.01_e0.1_L2_alibi_learn_attn_st60000_s0,nonprev_v,alibi_learn,128,60000,0.0,0.14721035957336426,0.38006040934731644,0.052806955415904314,0.8744229573521125,-0.024564932073865623
E3_h0.01_e0.1_L2_alibi_learn_attn_st60000_s0,pair01_all,alibi_learn,128,60000,0.0,0.4637882709503174,0.08473058683863166,0.057198556855032855,0.6144387620476809,0.07874011482511244
E3_h0.01_e0.1_L2_alibi_learn_attn_st60000_s0,pair02_all,alibi_learn,128,60000,0.0,0.5547391176223755,-0.127075716517563,0.08968707593227977,0.8081580655458251,0.24090579383607422
E3_h0.01_e0.1_L2_alibi_learn_attn_st60000_s0,pair12_all,alibi_learn,128,60000,0.0,0.19651401042938232,0.5105087119594699,0.029077279768237287,0.8715716443920117,-0.03752959626061581
E3_h0.01_e0.1_L2_alibi_learn_attn_st60000_s1,base,alibi_learn,128,60000,0.0,0.0,0.2285502463016621,0.06406325772663608,0.9436415702241078,0.0004240359578813453
E3_h0.01_e0.1_L2_alibi_learn_attn_st60000_s1,nonprev_all,alibi_learn,128,60000,0.0,0.3419548273086548,0.34774650447999544,0.06005969042758997,0.9387480742561346,-0.011690420338085773
E3_h0.01_e0.1_L2_alibi_learn_attn_st60000_s1,nonprev_k,alibi_learn,128,60000,0.0,0.02467811107635498,0.29362080125668144,0.05842129370517264,0.9608690993717037,0.03310283039297372
E3_h0.01_e0.1_L2_alibi_learn_attn_st60000_s1,nonprev_q,alibi_learn,128,60000,0.0,0.005511283874511719,0.1487508355067283,0.07134191590224895,0.9280735323188293,0.02071008341653008
E3_h0.01_e0.1_L2_alibi_learn_attn_st60000_s1,nonprev_v,alibi_learn,128,60000,0.0,0.39806294441223145,0.28770677905174036,0.07343224537282853,0.8970162271055727,-0.01612521495137895
E3_h0.01_e0.1_L2_alibi_learn_attn_st60000_s1,pair01_all,alibi_learn,128,60000,0.0,0.4141737222671509,0.21335278887640896,0.07663602027983779,0.8837186319083711,-0.01891024666173121
E3_h0.01_e0.1_L2_alibi_learn_attn_st60000_s1,pair02_all,alibi_learn,128,60000,0.0,0.2077333927154541,0.3451440788698886,0.060102953140884756,0.9135212832586267,0.00760522399629863
E3_h0.01_e0.1_L2_alibi_learn_attn_st60000_s1,pair12_all,alibi_learn,128,60000,0.0,0.19702017307281494,0.17765152216467794,0.08190969948930019,0.8766836615212859,0.0036587446928023864
E3_h0.01_e0.1_L2_rope_attn_d256_s0,base,rope,256,20000,0.0,0.0,0.14900215377125936,0.012605222582622743,0.9369411704627332,0.0026703417301177693
E3_h0.01_e0.1_L2_rope_attn_d256_s0,nonprev_all,rope,256,20000,0.0,0.09181106090545654,0.12502605804516898,0.024217392588477025,0.6596965964233332,0.02950841784477231
E3_h0.01_e0.1_L2_rope_attn_d256_s0,nonprev_k,rope,256,20000,0.0,0.005811810493469238,0.17443276067370617,0.01025643038380451,0.9507686418040484,0.012565622159412867
E3_h0.01_e0.1_L2_rope_attn_d256_s0,nonprev_q,rope,256,20000,0.0,0.05151081085205078,0.09773373071184777,0.02086287084406172,0.7131767310424819,0.026115583521979145
E3_h0.01_e0.1_L2_rope_attn_d256_s0,nonprev_v,rope,256,20000,0.0,0.01307821273803711,0.16046790836682945,0.012414712146123622,0.9323055517129226,-0.0003017114741462098
E3_h0.01_e0.1_L2_rope_attn_d256_s1,base,rope,256,20000,0.0,0.0,0.13441412564994748,0.013671905531359711,0.9468323096199391,0.0011545300483703047
E3_h0.01_e0.1_L2_rope_attn_d256_s1,nonprev_all,rope,256,20000,0.0,1.0766533613204956,-0.0021226272465934004,0.3165751764681489,0.877935689761698,0.012844039712633428
E3_h0.01_e0.1_L2_rope_attn_d256_s1,nonprev_k,rope,256,20000,0.0,0.8868051767349243,0.009797306413666718,0.2170442299237948,0.9115666488964892,-0.04329601653984624
E3_h0.01_e0.1_L2_rope_attn_d256_s1,nonprev_q,rope,256,20000,0.0,0.07637572288513184,0.3795727891703231,0.0667255822551457,0.9710211316074346,0.008342438084738573
E3_h0.01_e0.1_L2_rope_attn_d256_s1,nonprev_v,rope,256,20000,0.0,0.01767754554748535,0.142705443196106,0.013423538869753214,0.9417148005293533,0.002180613790239606
E3_h0.01_e0.1_L2_rope_attn_st60000_s0,base,rope,128,60000,0.0,0.0,0.13641316484427024,0.023403217888153444,0.9357806201866914,-0.008473366924694649
E3_h0.01_e0.1_L2_rope_attn_st60000_s0,nonprev_all,rope,128,60000,0.0,0.24055349826812744,0.5447133919239061,0.02302471590422558,0.9448869674516197,0.012566063659531711
E3_h0.01_e0.1_L2_rope_attn_st60000_s0,nonprev_k,rope,128,60000,0.0,0.012711405754089355,0.08975275067403055,0.018026641530787178,0.9615093891733553,0.0027918100357055163
E3_h0.01_e0.1_L2_rope_attn_st60000_s0,nonprev_q,rope,128,60000,0.0,0.10713779926300049,0.5312810089742176,0.020319309483787552,0.9156273323817193,0.010827738898141004
E3_h0.01_e0.1_L2_rope_attn_st60000_s0,nonprev_v,rope,128,60000,0.0,0.025759339332580566,0.14877644933607548,0.02492050534727057,0.929849258559647,-0.007422231776373745
E3_h0.01_e0.1_L2_rope_attn_st60000_s0,pair12_all,rope,128,60000,0.0,0.11056053638458252,0.2412460554600958,0.017005921446369476,0.7933565703058924,0.02077621732439314
E3_h0.01_e0.1_L2_rope_attn_st60000_s0,pair13_all,rope,128,60000,0.0,0.1580824851989746,0.43055135074001216,0.019617457116579286,0.8377752001027968,0.015864551493099722
E3_h0.01_e0.1_L2_rope_attn_st60000_s0,pair23_all,rope,128,60000,0.0,0.0978403091430664,0.518394361418006,0.03827718869933941,0.9633955571191849,-0.0025227048567363496
E3_h0.01_e0.1_L2_rope_attn_st60000_s1,base,rope,128,60000,0.0,0.0,0.118482199604658,0.02445309376211837,0.9431451852846175,0.0034244103091103854
E3_h0.01_e0.1_L2_rope_attn_st60000_s1,nonprev_all,rope,128,60000,0.0,0.41739606857299805,0.22797581717163162,0.01989931697125592,0.8120730322633244,0.13416744151285714
E3_h0.01_e0.1_L2_rope_attn_st60000_s1,nonprev_k,rope,128,60000,0.0,0.02897191047668457,0.06386482636326396,0.01792999108737972,0.9691284469577386,0.018220293096133617
E3_h0.01_e0.1_L2_rope_attn_st60000_s1,nonprev_q,rope,128,60000,0.0,0.15647196769714355,0.2575642736024021,0.010038037993094244,0.9039979017305947,0.11692081184259477
E3_h0.01_e0.1_L2_rope_attn_st60000_s1,nonprev_v,rope,128,60000,0.0,0.041416049003601074,0.13487732364283567,0.026622613747361808,0.9280164101533133,-0.006409558653831489
E3_h0.01_e0.1_L2_rope_attn_st60000_s1,pair01_all,rope,128,60000,0.0,0.45942485332489014,0.2075228955343117,0.020128598192943895,0.8065109546883157,0.1349452331662178
E3_h0.01_e0.1_L2_rope_attn_st60000_s1,pair03_all,rope,128,60000,0.0,0.3181731700897217,0.04548925059272446,0.009929907343395848,0.5003201479128296,0.12307783769709724
E3_h0.01_e0.1_L2_rope_attn_st60000_s1,pair13_all,rope,128,60000,0.0,0.3129616975784302,-0.08913946467432177,1.0000000001045295e-05,0.41424065175465874,0.13350132725068495
E3_h0.03_e0.2_L2_alibi_learn_attn_d256_s0,base,alibi_learn,256,20000,0.0,0.0,0.2814825163780338,0.09094280972387885,0.9286009230204334,0.02445537958826335
E3_h0.03_e0.2_L2_alibi_learn_attn_d256_s0,nonprev_all,alibi_learn,256,20000,0.0,0.15062928199768066,0.350441099377909,0.08150778891979056,0.9763213845607459,0.017428849850382115
E3_h0.03_e0.2_L2_alibi_learn_attn_d256_s0,nonprev_k,alibi_learn,256,20000,0.0,0.13519787788391113,0.09756595133472912,0.19471817569081665,0.915396707848279,0.029916385880538358
E3_h0.03_e0.2_L2_alibi_learn_attn_d256_s0,nonprev_q,alibi_learn,256,20000,0.0,0.06357240676879883,0.437919981357775,0.030681582325646,0.9750597013090665,0.05736317762306754
E3_h0.03_e0.2_L2_alibi_learn_attn_d256_s0,nonprev_v,alibi_learn,256,20000,0.0,0.5037446022033691,0.30068381131186206,0.08332111028042606,0.889404415175108,0.02959884958607809
E3_h0.03_e0.2_L2_alibi_learn_attn_d256_s1,base,alibi_learn,256,20000,0.0,0.0,0.28188079454475057,0.08426747490143763,0.9422138006232772,-0.004977993028504544
E3_h0.03_e0.2_L2_alibi_learn_attn_d256_s1,nonprev_all,alibi_learn,256,20000,0.0,0.418789267539978,0.3137536948105418,0.10789145853148789,0.970000414104709,-0.0003622282828603785
E3_h0.03_e0.2_L2_alibi_learn_attn_d256_s1,nonprev_k,alibi_learn,256,20000,0.0,0.049951910972595215,0.16086841243738215,0.16751159201747484,0.9445964107526622,-0.016105485813958348
E3_h0.03_e0.2_L2_alibi_learn_attn_d256_s1,nonprev_q,alibi_learn,256,20000,0.0,0.04759359359741211,0.4239831239359816,0.04561124726037337,0.9615612037732421,0.017384212783404743
E3_h0.03_e0.2_L2_alibi_learn_attn_d256_s1,nonprev_v,alibi_learn,256,20000,0.0,0.4934800863265991,0.2968885197209985,0.08004515992295531,0.9201000064154866,0.005718031951359328
E3_h0.03_e0.2_L2_alibi_learn_attn_st60000_s0,base,alibi_learn,128,60000,0.0,0.0,0.23610473503011575,0.10335543065778836,0.956225882448125,-0.005816187603133074
E3_h0.03_e0.2_L2_alibi_learn_attn_st60000_s0,nonprev_all,alibi_learn,128,60000,0.0,1.7584054470062256,,,,
E3_h0.03_e0.2_L2_alibi_learn_attn_st60000_s0,nonprev_k,alibi_learn,128,60000,0.0,0.06560337543487549,0.18109793225501736,0.13988535419754022,0.9863935653338857,0.0013880116598946647
E3_h0.03_e0.2_L2_alibi_learn_attn_st60000_s0,nonprev_q,alibi_learn,128,60000,0.0,0.1578667163848877,0.4361692055747287,0.05976461640689315,0.9691882520202716,0.04517064158405574
E3_h0.03_e0.2_L2_alibi_learn_attn_st60000_s0,nonprev_v,alibi_learn,128,60000,0.0,0.6187994480133057,0.33853710599834463,0.08557819721648643,0.8337322593017304,0.0021403542586735267
E3_h0.03_e0.2_L2_alibi_learn_attn_st60000_s0,pair01_all,alibi_learn,128,60000,0.0,1.7359631061553955,,,,
E3_h0.03_e0.2_L2_alibi_learn_attn_st60000_s0,pair02_all,alibi_learn,128,60000,0.0,1.7931866645812988,,,,
E3_h0.03_e0.2_L2_alibi_learn_attn_st60000_s0,pair12_all,alibi_learn,128,60000,0.0,0.07639861106872559,0.2095120646402725,0.16432405699778807,0.9021640782835938,-0.021327748468944023
E3_h0.03_e0.2_L2_alibi_learn_attn_st60000_s1,base,alibi_learn,128,60000,0.0,0.0,0.23396376929670826,0.09610595908210665,0.9474973338519475,-0.014992227298872831
E3_h0.03_e0.2_L2_alibi_learn_attn_st60000_s1,nonprev_all,alibi_learn,128,60000,0.0,0.7111611366271973,,,,
E3_h0.03_e0.2_L2_alibi_learn_attn_st60000_s1,nonprev_k,alibi_learn,128,60000,0.0,0.046264052391052246,0.0910011060617042,0.1366980002260744,0.9809249600960983,0.004322017090661183
E3_h0.03_e0.2_L2_alibi_learn_attn_st60000_s1,nonprev_q,alibi_learn,128,60000,0.0,0.15655255317687988,0.40658421147419765,0.05804479484589805,0.9684495530594547,0.038404101346220285
E3_h0.03_e0.2_L2_alibi_learn_attn_st60000_s1,nonprev_v,alibi_learn,128,60000,0.0,0.36292195320129395,0.33449633473588547,0.06094689177642645,0.5119328979325526,-0.022008471829550645
E3_h0.03_e0.2_L2_alibi_learn_attn_st60000_s1,pair01_all,alibi_learn,128,60000,0.0,0.9230968952178955,0.10769679198019189,0.08076878572575737,0.8365384210405764,0.009669457163129527
E3_h0.03_e0.2_L2_alibi_learn_attn_st60000_s1,pair02_all,alibi_learn,128,60000,0.0,0.9099831581115723,0.16110719522923522,0.1658674180871757,0.8300806501769606,-0.00300508780138834
E3_h0.03_e0.2_L2_alibi_learn_attn_st60000_s1,pair12_all,alibi_learn,128,60000,0.0,0.19047307968139648,0.2657587679514517,0.11951944945361728,0.8975135035683692,-0.011848274724824083
E3_h0.03_e0.2_L2_rope_attn_d256_s0,base,rope,256,20000,0.0,0.0,0.2611752484687875,0.047135663498787915,0.9562099826989685,0.004360267094203378
E3_h0.03_e0.2_L2_rope_attn_d256_s0,nonprev_all,rope,256,20000,0.0,0.1388387680053711,0.39505774738354005,0.05121933612299747,0.9822288385600672,0.024025109410285957
E3_h0.03_e0.2_L2_rope_attn_d256_s0,nonprev_k,rope,256,20000,0.0,0.005074262619018555,0.2310122718728982,0.03252590274396282,0.9647694039223287,0.008280108656202025
E3_h0.03_e0.2_L2_rope_attn_d256_s0,nonprev_q,rope,256,20000,0.0,0.08180546760559082,0.4219564203391042,0.047973830820601845,0.9838261909372739,0.03236113701547893
E3_h0.03_e0.2_L2_rope_attn_d256_s0,nonprev_v,rope,256,20000,0.0,0.007834672927856445,0.2787305863048324,0.04742684183837973,0.9540632908542281,-6.564685276578839e-05
E3_h0.03_e0.2_L2_rope_attn_d256_s1,base,rope,256,20000,0.0,0.0,0.24447815481474255,0.04475477392290302,0.9524829643719464,-0.003644724828856349
E3_h0.03_e0.2_L2_rope_attn_d256_s1,nonprev_all,rope,256,20000,0.0,0.17204546928405762,0.3972426900118079,0.05485046796340921,0.9810024827284841,0.010672348737716636
E3_h0.03_e0.2_L2_rope_attn_d256_s1,nonprev_k,rope,256,20000,0.0,0.020466208457946777,0.17871108646969058,0.02745496546617368,0.9705291716379469,0.002514444078717894
E3_h0.03_e0.2_L2_rope_attn_d256_s1,nonprev_q,rope,256,20000,0.0,0.09521651268005371,0.430251935082419,0.04941835066192861,0.9855811009131834,0.011980088693755008
E3_h0.03_e0.2_L2_rope_attn_d256_s1,nonprev_v,rope,256,20000,0.0,0.03122234344482422,0.26095852922611074,0.04496152844639937,0.9476290610386442,-0.001711050527436416
E3_h0.03_e0.2_L2_rope_attn_st60000_s0,base,rope,128,60000,0.0,0.0,0.2313784104155009,0.06104228328953781,0.9691006728800232,-0.0038873881101608334
E3_h0.03_e0.2_L2_rope_attn_st60000_s0,nonprev_all,rope,128,60000,0.0,0.20766198635101318,0.41269065506185376,0.04902330251557205,0.9709483097300986,0.039586636636938344
E3_h0.03_e0.2_L2_rope_attn_st60000_s0,nonprev_k,rope,128,60000,0.0,0.02764308452606201,0.1326941937842756,0.031041493362335474,0.9728018827201437,0.0006824557270322303
E3_h0.03_e0.2_L2_rope_attn_st60000_s0,nonprev_q,rope,128,60000,0.0,0.17134368419647217,0.41994660751807866,0.049164493584084416,0.9866591198677305,0.03635479084083012
E3_h0.03_e0.2_L2_rope_attn_st60000_s0,nonprev_v,rope,128,60000,0.0,0.023868680000305176,0.2446869578227011,0.06007129734012808,0.9603159798995449,-0.004094710520335615
E3_h0.03_e0.2_L2_rope_attn_st60000_s0,pair02_all,rope,128,60000,0.0,0.19006431102752686,0.33106366120776964,0.05325136128348444,0.9500032456550992,0.060580730651106134
E3_h0.03_e0.2_L2_rope_attn_st60000_s0,pair03_all,rope,128,60000,0.0,0.051049232482910156,0.34786230362613335,0.05702836166760723,0.9650399502740307,0.008938189915248284
E3_h0.03_e0.2_L2_rope_attn_st60000_s0,pair23_all,rope,128,60000,0.0,0.1952601671218872,0.42584504005121226,0.04688411413984779,0.9710519229655888,0.03039239645004271
E3_h0.03_e0.2_L2_rope_attn_st60000_s1,base,rope,128,60000,0.0,0.0,0.21403599183830924,0.06908105242542881,0.9646547337519005,-0.003019874010767278
E3_h0.03_e0.2_L2_rope_attn_st60000_s1,nonprev_all,rope,128,60000,0.0,0.8856402635574341,0.41089299987769223,0.049789495367633115,0.962920681058254,0.010812834543841215
E3_h0.03_e0.2_L2_rope_attn_st60000_s1,nonprev_k,rope,128,60000,0.0,0.439200758934021,0.13229546139587844,0.08050040408968041,0.9574913529685642,-0.011399589266095883
E3_h0.03_e0.2_L2_rope_attn_st60000_s1,nonprev_q,rope,128,60000,0.0,0.27192938327789307,0.5119923415411508,0.036384814054744995,0.9790295194345213,0.03847646308796745
E3_h0.03_e0.2_L2_rope_attn_st60000_s1,nonprev_v,rope,128,60000,0.0,0.109566330909729,0.21930661567534315,0.06764296633989741,0.9569973700016349,-0.002586848820958838
E3_h0.03_e0.2_L2_rope_attn_st60000_s1,pair01_all,rope,128,60000,0.0,0.8167277574539185,0.42233714991009674,0.0508364990418904,0.9702148614608126,0.02343199998140335
E3_h0.03_e0.2_L2_rope_attn_st60000_s1,pair03_all,rope,128,60000,0.0,0.18807804584503174,0.21240051264089965,0.04838595604290624,0.8154216101634966,0.13760842350976804
E3_h0.03_e0.2_L2_rope_attn_st60000_s1,pair13_all,rope,128,60000,0.0,0.3204859495162964,0.17453010708092398,0.06353290521988844,0.8982728976048133,-0.01074394817863192
