run,head,pe,content_range,content_lse_range,content_trend,split_range,dist_range,kside.share.emb,kside.share.prev,kside.share.lnb,kside.share.other0,qside.share.emb,qside.share.prev,qside.share.lnb,qside.share.other0
E1_h0.01_e0.1_L2_alibi_learn_attn_s0,0,alibi_learn,1.242811530828476,1.2333087250590324,0.23581222891807552,9.819032929837704,10.721630483865738,0.35099033450671374,-0.4423184229396086,1.045156424361581e-09,1.0913278614168784,6.5521857732808115,0.018491246245000453,-0.8194615662878941,-4.751215806418307
E1_h0.01_e0.1_L2_alibi_learn_attn_s0,1,alibi_learn,1.7473131529986858,1.8008997403085232,0.3121874346264771,7.508346796035767,9.348876643925905,-0.0792287008002625,-0.3329314862234735,8.847674469426485e-10,1.412160263158339,6.0690446052704035,0.03700968296746921,-0.649236798145072,-4.456817582134148
E1_h0.01_e0.1_L2_alibi_learn_attn_s1,0,alibi_learn,0.5054065212607384,0.44420086964964867,0.036527823869671176,6.642982346005738,6.614004608243704,0.5432924423377401,-1.3073282906999313,6.178080672809351e-10,1.764035651534573,0.614803280684043,-0.09465565360476262,0.01078804613757761,0.46906438051899824
E1_h0.01_e0.1_L2_alibi_learn_attn_s1,1,alibi_learn,0.48755618184804916,0.5058812908828259,0.025251284773860724,7.446789110079408,7.315764434635639,0.8212094861002986,-0.7585291568838691,1.12482634874921e-09,0.9373195628729211,0.6520879398706119,-0.12646068096965046,0.010214663922833843,0.4641579308019643
E1_h0.01_e0.1_L2_alibi_learn_attn_s2,0,alibi_learn,1.6385289803147316,1.5572447329759598,0.25253273450902525,9.572065066546202,10.85110479965806,0.2654143880014536,-0.5560499085312367,1.0392298012678374e-09,1.290635503431256,3.2108542663367206,0.05218532243596967,-0.4578631487341188,-1.805176481102015
E1_h0.01_e0.1_L2_alibi_learn_attn_s2,1,alibi_learn,2.3622556887567043,2.3056148402392864,0.42039302789739197,8.570311568677425,10.4355498701334,0.19152057789777632,-0.3295741376234945,5.766201858649358e-10,1.1380536338808123,2.3447069715286264,0.08244385184653809,-0.2982399706883855,-1.1289107118552335
E1_h0.03_e0.2_L2_alibi_learn_attn_s0,0,alibi_learn,0.9241900499910116,0.917120398953557,-0.04048260136374402,15.680419746786356,14.967731297016144,0.2478975109848983,0.5297647469447291,-2.0098054149289313e-10,0.2223376486294256,2.3674714543218993,0.12551445540924303,-0.11328909170348571,-1.3796969404803403
E1_h0.03_e0.2_L2_alibi_learn_attn_s0,3,alibi_learn,0.17596723325550556,0.17644491838291287,-0.021785964111664467,14.003913105232641,13.879171557724476,0.04202653236378399,1.3525605786222061,-8.920649003172404e-10,-0.39458698396940617,1.3128210521360217,-0.02199673094727873,-0.02865299058215119,-0.2621713906354835
E1_h0.03_e0.2_L2_alibi_learn_attn_s1,0,alibi_learn,0.28447615168988705,0.291850209236145,-0.013706835465771844,12.728898892179132,12.494619630277157,-0.5217665094645793,1.9426686277841776,-1.7357202592724283e-09,-0.4209015836552446,1.476289523213265,0.06736550465246326,0.02984570491525531,-0.573500263231468
E1_h0.03_e0.2_L2_alibi_learn_attn_s1,3,alibi_learn,0.10325089562684298,0.10410983394831419,0.009504687107567284,12.573216904187575,12.564882427453995,0.11094212116382524,-0.5349806966772936,4.231306778811331e-09,1.4240382870434583,1.384987431766876,0.07197875974381783,0.00022297644998717163,-0.45718921765578985
E1_h0.03_e0.2_L2_alibi_learn_attn_s2,0,alibi_learn,1.431256540119648,1.426823116838932,-0.08209249744457847,14.731952814385295,14.06595216691494,0.14928049153462206,0.5591960599814558,-1.9241690517378363e-10,0.29152353819287397,3.2282688591138844,0.05210750455551206,-0.12512117090834815,-2.155255388802534
E1_h0.03_e0.2_L2_alibi_learn_attn_s2,3,alibi_learn,0.20588370133191347,0.20628678984940052,-0.038087513869894396,12.03070034366101,11.832291945815086,0.0419461368488137,1.0298669367527873,-6.882814371653606e-10,-0.07181322703569994,1.0899378159722972,0.09352918799858209,-0.015175779982071303,-0.1682911973088809
E2a_h0.01_e0.1_L2_learned_abs_attn_s0,0,learned_abs,7.980239361524582,8.77858504652977,-1.452122907021216,8.778584379702806,0.0,0.5145261643428309,-1.2737755942566444,1.2004017008593178e-10,1.7592493576841624,-0.5601903761085243,-0.07241012039082173,0.06271111239530826,1.5698893928005082
E2a_h0.01_e0.1_L2_learned_abs_attn_s0,3,learned_abs,7.760238811373711,8.109112340956926,-1.5464971210275376,8.109112370759249,0.0,0.3975271112146329,-0.24113147845157598,3.0004829773763434e-10,0.8436043515897932,-0.14093641144665067,-0.02726443857048409,0.032014277506441674,1.1361865575525703
E2a_h0.01_e0.1_L2_learned_abs_attn_s1,1,learned_abs,5.926634229719639,6.677696466445923,-1.2094076263053075,6.6776961870491505,0.0,0.8800883303287081,-3.972636112511948,6.755988200789996e-11,4.092547915997592,-0.47568933856016055,0.00286543138710076,0.0274913550640726,1.4453325430912916
E2a_h0.01_e0.1_L2_learned_abs_attn_s1,2,learned_abs,4.959770940244198,5.43591421097517,-1.0543334971581186,5.435914058238268,0.0,0.6777328288791598,-1.0441547353392138,1.060670982335894e-10,1.3664219127141695,-0.3417859488671697,0.1778605132361686,0.22319396797876484,0.9407314490408187
E2a_h0.01_e0.1_L2_learned_abs_attn_s2,0,learned_abs,7.993230119347572,8.726577568799257,-1.3547481455973214,8.726577710360289,0.0,0.7650817703307785,-0.08435821494151378,2.0421331289859685e-11,0.3192764292604578,-0.10227436143639924,0.09047233113083929,0.34387038366773864,0.6679316527933826
E2a_h0.01_e0.1_L2_learned_abs_attn_s2,2,learned_abs,8.50111173093319,9.000660210847855,-1.497190368175506,9.000660579651594,0.0,0.7900341054299909,-0.42657481354180127,-1.0792047500222802e-10,0.6365406828168274,-0.28876942550663,0.2525413015778323,0.3124337350678051,0.723794358147306
E2a_h0.01_e0.1_L2_rope_attn_s0,2,rope,3.209474854171276,3.5335743352770805,-0.7014606269342559,3.5335745671764016,0.0,0.2435627449725589,0.6678847009271962,0.07298537465502991,0.015567165447512344,-0.17920605944565665,0.44535818060182913,0.01728636212103468,0.7165614876363922
E2a_h0.01_e0.1_L2_rope_attn_s0,3,rope,4.749212954193354,6.800747327506542,-1.0247313807053227,6.800747577100992,0.0,0.42305664819073047,0.46568509285012505,0.11211914182749172,-0.0008608864432527716,0.20908795711424105,0.36891057607671957,0.07184029466435332,0.35016117521010787
E2a_h0.01_e0.1_L2_rope_attn_s1,0,rope,2.9958209972828627,3.311377367004752,-0.5967631971729652,3.3113768761977553,0.0,0.10033537012635607,0.7398503296384235,0.08131606376129129,0.07849817386370854,-0.8558720911457816,0.07903384580464776,-0.04524703588891645,1.8220852718782874
E2a_h0.01_e0.1_L2_rope_attn_s1,2,rope,3.9267052076756954,4.484198726713657,-0.8503647561584199,4.484198115766048,0.0,0.44407280079919464,0.3253607636257018,0.16244191687784248,0.06812450945308594,-0.47143195819153166,0.21239161176988347,0.014496892922055624,1.2445434476576944
E2a_h0.01_e0.1_L2_rope_attn_s2,1,rope,3.7203716821968555,5.212249632924795,-0.8204969275210585,5.212250329554081,0.0,0.47941521958853345,0.32189730582371084,0.12582925621067273,0.07285819225237711,0.5207923390765098,0.028500619565304388,0.0758455863233043,0.37486153217740137
E2a_h0.01_e0.1_L2_rope_attn_s2,2,rope,3.7921914607286453,4.8441868387162685,-0.7218657670276508,4.844186879694462,0.0,0.45065070609432223,0.28408151597940945,0.15580732229557545,0.10946045115423472,0.5520865525142241,-0.10234920506447338,0.06190991692727068,0.48835270767704386
E2a_h0.03_e0.2_L2_learned_abs_attn_s0,0,learned_abs,11.961841627955437,12.622412867844105,-2.3036291535411557,12.622412033379078,0.0,0.833402489125839,-0.1106694553395202,-1.7515157833202014e-10,0.2772669777613388,-0.7624318092540403,0.00019374056740638416,0.06969422861618867,1.6925438183624957
E2a_h0.03_e0.2_L2_learned_abs_attn_s0,1,learned_abs,6.711294986307621,6.757947169244289,-1.2522728510200973,6.757946379482746,0.0,0.8710850598371271,-0.05121814531531095,-6.481890085610889e-11,0.1801330860831363,-0.9328595909748442,-0.03203455981685732,0.015645755297935136,1.9492483587914013
E2a_h0.03_e0.2_L2_learned_abs_attn_s1,1,learned_abs,4.868606496602297,5.404950682073832,-0.995885735963072,5.404950261116028,0.0,0.8173613771410839,-0.5725817967019825,-1.504916097661349e-09,0.7552204860080447,-1.3523348798654127,-0.3600757602446457,-0.07509970818453696,2.7875103344707974
E2a_h0.03_e0.2_L2_learned_abs_attn_s1,2,learned_abs,8.715266663581133,9.436046976596117,-1.7526257534112248,9.43604664877057,0.0,0.011833603531269275,-0.03923213050865518,-9.763873175035507e-10,1.0273985124484075,-0.6870608349180357,0.005811789034371665,-0.07722396581071145,1.7584730230359698
E2a_h0.03_e0.2_L2_learned_abs_attn_s2,2,learned_abs,6.1792953461408615,6.085688024759293,-1.1117631401334487,6.0856880797073245,0.0,1.1631243171567733,0.5095494138908111,1.6732473767736077e-10,-0.6726736894033142,-0.5119773662005412,-0.09617368173011864,-0.1519902015624646,1.7601412242648602
E2a_h0.03_e0.2_L2_learned_abs_attn_s2,3,learned_abs,7.553040400147438,7.579141188412905,-1.3439451701939107,7.57914150133729,0.0,0.918338029272328,0.5151510789083743,1.7102100335222882e-10,-0.43348912664517636,-0.3372031910999677,-0.05729380420431382,-0.030983138182475625,1.4254801210118533
E2a_h0.03_e0.2_L2_rope_attn_s0,2,rope,5.910468120127916,6.176840595901012,-1.1881147951952045,6.176840249449015,0.0,0.229431618185268,0.681382173520219,0.09444665727310617,-0.005260484956338852,0.8997730170448214,-0.21107016276037593,0.016884935051808,0.2944121886281326
E2a_h0.03_e0.2_L2_rope_attn_s0,3,rope,8.270856536924839,9.744282253086567,-1.7232765285032137,9.74428192526102,0.0,0.24109795643477594,0.6693428721654037,0.07660058922376181,0.012958598877748952,0.9991458267995876,0.12455728235536721,0.00222072794867211,-0.12592377744370706
E2a_h0.03_e0.2_L2_rope_attn_s1,0,rope,8.90444402396679,10.612780518829823,-1.9827213644981387,10.612780973315239,0.0,0.31279453478842156,0.6374699846908547,0.13232283824914576,-0.08258732390367107,0.7363558547336198,0.20995231005431866,-0.0024101936761430766,0.056102051191573916
E2a_h0.03_e0.2_L2_rope_attn_s1,3,rope,10.76464730501175,11.859715700149536,-2.007287698984146,11.85971612483263,0.0,0.19690698064783127,0.786786428588631,0.112964417097205,-0.09665782669134937,0.8684854858611374,-0.04364092427335432,0.0177549095594274,0.15740052090144996
E2a_h0.03_e0.2_L2_rope_attn_s2,2,rope,10.487099140882492,11.49187956750393,-2.421519635404859,11.491879776120186,0.0,0.32255073076530466,0.5474134690886313,0.09525006367450392,0.03478572711229368,0.7754973932953673,0.20809593095153564,0.0289048303536456,-0.012498134436198866
E2a_h0.03_e0.2_L2_rope_attn_s2,3,rope,10.075539059937,10.72712891176343,-2.097555805316993,10.727128621190786,0.0,0.3008890697453688,0.5582934838606177,0.12770618615271967,0.013111270637288827,0.8950401960713433,0.14162421865219363,0.055734851262274496,-0.0923992475421217
E2b_h0.003_e0.05_L2_alibi_learn_attn_s0,0,alibi_learn,1.9605354964733124,1.9186115376651287,0.25399591316069875,4.4760213773697615,5.514051198959351,0.6050114439317399,-0.14864080607036895,-3.1179961049925377e-10,0.5436293652908658,1.4259632953457122,0.23480955743449772,-0.0051458688676049216,-0.6556270613738009
E2b_h0.003_e0.05_L2_alibi_learn_attn_s0,1,alibi_learn,0.5963017791509628,0.5917238276451826,0.10790800595922127,4.967147899791598,5.436986373737454,0.6286287984670531,-0.22719203603806656,5.415894759620354e-10,0.5985632950005702,1.647308282982598,0.2615983963246573,0.03430329134651946,-0.9432099159222522
E2b_h0.003_e0.05_L2_alibi_learn_attn_s1,0,alibi_learn,2.4503521509468555,2.4107926934957504,0.43504118940659914,5.350956564769149,7.615930870175362,0.09469835767476838,-0.22278213487826748,4.255957634964221e-11,1.1280838869295664,1.3323319377157095,0.02105741386184546,-0.043636343808371045,-0.30975303109604746
E2b_h0.003_e0.05_L2_alibi_learn_attn_s1,1,alibi_learn,0.8116519264876842,0.7878224179148674,0.17387407773307392,4.668856509961188,5.460566237568855,-0.0102204334682488,-0.48654765820495666,1.6178984855749614e-10,1.4967681910524584,2.8111345164708856,0.01351500002294645,-0.09822076524662934,-1.7264286631823516
E2b_h0.003_e0.05_L2_alibi_learn_attn_s2,0,alibi_learn,1.5917729772627354,1.5804951526224613,0.26832680148737764,5.9780200608074665,7.4116333313286304,0.4324077540659941,-0.37024102922186586,5.253488517937056e-10,0.9378330322604519,1.2345385140683824,0.10622428816903043,-0.3261055278624054,-0.014657240785716364
E2b_h0.003_e0.05_L2_alibi_learn_attn_s2,1,alibi_learn,0.9691857062280178,0.9678625948727131,0.0726683277104582,6.587775642983615,6.9162586107850075,0.6059851053293359,-0.18997089098702108,6.611204380177855e-10,0.583985700447787,1.221728990234775,0.16223017010204777,-0.4563089740032185,0.07234987290106713
E2b_h0.003_e0.1_L2_alibi_learn_attn_s0,0,alibi_learn,1.6910622529685497,1.6456431820988655,0.2902390740811824,4.788946986198425,6.158859763294458,0.36230228250606245,-0.16585285675577566,4.257239833763513e-11,0.8035506279738623,0.986267488897019,0.014124203609591539,-0.12910233951228797,0.12871063644763542
E2b_h0.003_e0.1_L2_alibi_learn_attn_s0,1,alibi_learn,0.7329434007406235,0.724122129380703,0.12076476546270509,5.022321990691125,5.412318516522646,0.4628281126532631,-0.11613897417415255,-6.860165590801142e-12,0.6533107658400786,1.2478730080055551,0.02501240469971131,-0.154700366281551,-0.11818510164267841
E2b_h0.003_e0.1_L2_alibi_learn_attn_s1,0,alibi_learn,1.139789454638958,1.088534452021122,0.14984028520328652,6.287762425839901,6.9658730663359165,0.15366713741713198,-0.46121711795341747,1.7020090887034623e-10,1.3075495273628293,1.5690822580711634,0.0004214544323939635,-0.24915178757670872,-0.3203520884769021
E2b_h0.003_e0.1_L2_alibi_learn_attn_s1,1,alibi_learn,1.2120964527130127,1.19129653647542,0.08537932730146815,5.724412627518177,5.889197543263435,0.8300419737627628,-0.13815038516298625,4.2570601205247445e-10,0.3081084426700877,1.4071831683895035,0.003534346047447077,-0.23602591396681746,-0.17469173909146693
E2b_h0.003_e0.1_L2_alibi_learn_attn_s2,0,alibi_learn,1.7194906510412693,1.6838936246931553,0.28576864749193187,5.464431984350085,6.913719397038221,0.37457850528650355,-0.2994878910081148,-2.411667665074876e-10,0.9249092052772576,1.1318097231731685,0.007124306740443675,-0.11429016092732569,-0.02464392633971734
E2b_h0.003_e0.1_L2_alibi_learn_attn_s2,1,alibi_learn,0.8769452963024378,0.8684470690786839,0.07618307434022421,6.394041089341044,6.545465838164091,0.14094894836755395,-0.2355947208643297,-4.411861667137512e-11,1.0946458061207822,1.1830665474600444,0.0009259106780929141,-0.17297524722408597,-0.01101722681632995
E2b_h0.003_e0.2_L2_alibi_learn_attn_s0,0,alibi_learn,1.7976097390055656,1.7492448836565018,0.28585542184965945,5.457762863487005,6.697150900959969,0.2726221712813129,-0.05226481213787315,-1.4355906899765792e-09,0.7796425684232678,1.8240453131831635,0.0044103854530608355,0.09668981264535621,-0.925145590395846
E2b_h0.003_e0.2_L2_alibi_learn_attn_s0,1,alibi_learn,1.524982511997223,1.504442598670721,0.30732517625604344,4.3567623775452375,5.704805959016085,0.2186885833454339,-0.03988687232960228,8.998270074425426e-11,0.8211982157805079,2.477719656219844,0.02426916951649774,0.2103130686625578,-1.7123018151321983
E2b_h0.003_e0.2_L2_alibi_learn_attn_s1,0,alibi_learn,2.698650449514389,2.6477078571915627,0.45922950357198716,5.900614567101002,7.478406593203545,0.10625026282324769,-0.2196016316424952,-5.254516286798087e-12,1.113351568001481,1.9442557070305593,0.06111864624956754,0.07466075592217968,-1.0800350409585913
E2b_h0.003_e0.2_L2_alibi_learn_attn_s1,1,alibi_learn,3.6877922415733337,3.664618067443371,0.5810771688818929,4.870601525530219,7.271295838057995,0.2032146125788856,-0.1126891650887882,2.380159660377526e-11,0.909474500357517,1.6206991762327327,0.055355032803754325,0.051445420402019465,-0.7274996256434645
E2b_h0.003_e0.2_L2_alibi_learn_attn_s2,0,alibi_learn,2.9088693261146545,2.8666480146348476,0.37774802520871154,5.096182592213154,7.19231615960598,0.4036923894088085,0.06052494195852105,-9.001214329054063e-11,0.5357826070807383,1.2671859572492459,0.022972048920811332,0.07420875260517092,-0.3643667241872791
E2b_h0.003_e0.2_L2_alibi_learn_attn_s2,1,alibi_learn,1.6732166595757008,1.6771445535123348,0.2805936491915158,5.328251136466861,6.039401561021805,0.3834119935806273,0.050845984773403644,-8.133765901018358e-11,0.5657421473339654,1.4486800968559457,0.036550612679481856,0.1323152198845032,-0.6175458552724946
E2b_h0.003_e0.3_L2_alibi_learn_attn_s0,0,alibi_learn,1.9901125989854336,1.9739591851830482,0.19132932850292753,7.062288564629853,6.925835970789194,0.48339132865909695,-0.14097516098697133,-4.943350059653713e-10,0.6575838876350694,1.4050604622382588,-0.0041334841909312124,0.15748885343701727,-0.5584155960767075
E2b_h0.003_e0.3_L2_alibi_learn_attn_s0,1,alibi_learn,2.9312978014349937,2.9084743168205023,0.4399952003998414,3.848708562552929,5.610619653016329,0.3829051806505095,-0.0862739670202962,-3.126606164858109e-11,0.7033688313522879,1.335799593422477,-0.010292082262404424,0.13103896968777914,-0.45654641565283255
E2b_h0.003_e0.3_L2_alibi_learn_attn_s1,0,alibi_learn,2.5633532479405403,2.526142317801714,0.32729574420622426,6.393235368654132,6.822729207575321,0.6149018262450556,-0.11321421479083493,1.1490905358114715e-10,0.4983123217941477,1.3474884968727805,0.13128814879472983,0.05989376739903418,-0.5386704774972783
E2b_h0.003_e0.3_L2_alibi_learn_attn_s1,1,alibi_learn,1.5870733335614204,1.5978661924600601,0.125799180993012,6.237057831138372,6.169535469263792,0.8107072730573832,-0.08745286572308845,1.2485349906084673e-10,0.2767454520589431,1.1690220679518395,0.09783974327561575,0.07619423453444353,-0.3430560851410003
E2b_h0.003_e0.3_L2_alibi_learn_attn_s2,0,alibi_learn,2.4132351353764534,2.39864419400692,0.29933403176920753,4.054673263803124,5.554053362458944,0.5919998924168658,0.022699457989573322,-7.190796107693283e-10,0.3853003532426895,1.6313900176405798,0.16661477397740673,0.19991402080436427,-0.9979191365317542
E2b_h0.003_e0.3_L2_alibi_learn_attn_s2,1,alibi_learn,1.034740049391985,1.0208433233201504,0.1677619402962071,4.217317177914083,4.827212102711201,0.13827088486585312,0.035783090641571404,-9.215244339640243e-10,0.8259459730361445,1.5046128664969924,0.1282760311623584,0.19718786323947618,-0.8300766712208195
E2b_h0.01_e0.05_L2_alibi_learn_attn_s0,0,alibi_learn,0.47379462979733944,0.4616806358098984,0.09830133792545112,7.92211444536224,8.254440538585186,0.2512208020278361,-1.1570887508902261,1.4723062836666355e-09,1.9058682432409295,0.8298774606059696,0.024644526256025503,-0.11755019893489865,0.2630283429919514
E2b_h0.01_e0.05_L2_alibi_learn_attn_s0,1,alibi_learn,0.39013011008501053,0.37068033777177334,0.07341524575437816,7.852525655180216,8.19110181555152,0.3681485072089466,-0.9302467720144892,2.4808957096264524e-09,1.5620978111163855,1.0837422048227678,0.06489891028142118,-0.5113903526124842,0.362749087439557
E2b_h0.01_e0.05_L2_alibi_learn_attn_s1,0,alibi_learn,1.9435161463916302,1.8394189774990082,0.35544255162988386,5.394662433769554,7.140820629894733,0.09538568099064892,-0.3918553677723289,-3.1743658073338816e-10,1.2964695206569832,0.9740985922792941,-0.005151140321002839,-0.025363129601334144,0.05641573690041885
E2b_h0.01_e0.05_L2_alibi_learn_attn_s1,1,alibi_learn,1.6251980382949114,1.560964711010456,0.28442393589232645,5.5453061340376735,6.926864359527826,-0.018694410560190406,-0.4046567251779943,-2.698725438283603e-10,1.4233509851063506,0.9811488080966897,-0.04419988335355952,-0.01819990932123185,0.08125093197388018
E2b_h0.01_e0.05_L2_alibi_learn_attn_s2,0,alibi_learn,0.6798261441290379,0.644297894090414,0.09601415182862962,9.147538006305695,9.627287574112415,0.779188468780336,-0.9207664766465672,2.0480054682929835e-09,1.141578090050617,1.1147683966470856,0.2796382927185405,-0.5950413168220753,0.200634652808444
E2b_h0.01_e0.05_L2_alibi_learn_attn_s2,1,alibi_learn,1.039450766518712,1.0004277639091015,0.11006980149873667,9.148426664993167,9.4342340528965,0.8797214174131937,-0.4838334508718204,1.3956967793582871e-09,0.6041120801428465,1.292104177104932,0.3560940926225324,-0.7791484555522429,0.13095031300023788
E2b_h0.01_e0.2_L2_alibi_learn_attn_s0,0,alibi_learn,2.3742268942296505,2.326240122318268,0.2835885771683283,9.76560813933611,11.136598691344261,0.42917145954913893,-0.403907405976942,7.296487574874021e-11,0.9747358951586705,2.241351245797474,0.18023618380551726,0.16982187200048313,-1.5914093685276047
E2b_h0.01_e0.2_L2_alibi_learn_attn_s0,1,alibi_learn,1.3207110986113548,1.298712208867073,0.230592575349978,9.332148062065244,10.217558678239584,0.3783336780721781,-0.444630976163925,7.455437621991756e-11,1.0662971756002506,2.715385940269456,0.34918065766719014,0.2564106753494674,-2.3209774807309627
E2b_h0.01_e0.2_L2_alibi_learn_attn_s1,0,alibi_learn,0.07640712708234787,0.11540593951940536,5.1148235797880704e-05,7.529953147284687,7.502131894230843,1.7701767719660833,3.5611192593417154,-1.244556833342196e-08,-4.331298272978464,0.3906725860924357,-0.04598837526077564,-0.07922070872838768,0.7345374876520991
E2b_h0.01_e0.2_L2_alibi_learn_attn_s1,3,alibi_learn,0.1676819259300828,0.17309459671378136,-0.030209984790001605,6.3221800327301025,6.182521287351847,-0.033246736750642006,1.369617546424894,-3.691346839455875e-10,-0.33637082071569735,0.9693276831122553,-0.05764791301882335,-0.028513166195748462,0.11683350103751208
E2b_h0.01_e0.2_L2_alibi_learn_attn_s2,0,alibi_learn,1.499129205942154,1.479507863521576,0.155566333340747,10.455998234450817,11.18088547885418,0.5767724827534818,-0.28210924830208484,-1.801903155334719e-11,0.7053367443028907,1.0966082232752794,0.05094891641103985,0.07467823189312436,-0.2222353897111446
E2b_h0.01_e0.2_L2_alibi_learn_attn_s2,1,alibi_learn,1.635489922016859,1.619663268327713,0.231415041323219,9.957982815802097,10.778472885489464,0.5547719233733821,-0.3030677811037128,3.254280779087618e-11,0.748295887209783,1.1672434209976843,0.08983653238664305,0.07949285073785474,-0.3365727524790338
E2b_h0.01_e0.3_L2_alibi_learn_attn_s0,0,alibi_learn,1.8831456303596497,1.8786353133618832,0.2740143121353216,9.576551370322704,11.036845669150352,0.5881209038158832,-0.6331583068403539,-1.3325635566885093e-09,1.045037439309551,1.559503792444359,-0.009495578891082762,0.2627513347642412,-0.8127594917890237
E2b_h0.01_e0.3_L2_alibi_learn_attn_s0,1,alibi_learn,1.299862839281559,1.303927157074213,0.07546285742095547,11.04939603433013,10.88059090077877,1.0281694240686634,-0.14435480565947545,3.028802131074817e-10,0.11618536318818916,1.2611596816341872,0.002126241013734318,0.24091819192705238,-0.5042040020025715
E2b_h0.01_e0.3_L2_alibi_learn_attn_s1,0,alibi_learn,2.6937078684568405,2.6618098691105843,0.44070336456809717,11.244690954685211,12.766173787415028,0.8460151657064654,-0.4098557942170848,6.269630501120702e-10,0.5638405504860001,0.808343627239059,-0.017659041827349658,0.007807828531315921,0.2015074872723196
E2b_h0.01_e0.3_L2_alibi_learn_attn_s1,3,alibi_learn,0.07233067508786917,0.0724626425653696,-0.009049418728266439,8.41854915395379,8.365028092637658,0.31581550697999644,1.852844420612611,2.108933630820913e-09,-1.1686593478277512,0.6921764368809316,0.0805814035408418,-0.04656330040680166,0.27380578527540395
E2b_h0.01_e0.3_L2_alibi_learn_attn_s2,0,alibi_learn,1.7607878111302853,1.7654570192098618,0.09426667296460693,11.591298891231418,11.982547879219055,0.6649962133255202,-0.1960019083167271,1.1074390981839988e-10,0.5310058553394351,1.4436779579104044,0.17918353650498817,0.15967175848729825,-0.7825329986074858
E2b_h0.01_e0.3_L2_alibi_learn_attn_s2,1,alibi_learn,3.7149243988096714,3.715416431427002,0.39981559621436236,11.978258430957794,13.99048101902008,0.29095618215192137,-0.47441683991935346,2.0948231733204676e-10,1.183460636029631,2.043279019445949,0.29555720914916395,0.16076346788277246,-1.4995997000491104
E2b_h0.03_e0.05_L2_alibi_learn_attn_s0,0,alibi_learn,0.8247680850327015,0.7660934962332249,0.07005516104400168,15.979994992725551,15.894188478589058,0.4420486039928306,-0.3343395957873115,5.367510368213578e-11,0.8922911427150478,1.26270195475174,0.0517626813393074,-0.08465796005146756,-0.22980647746829982
E2b_h0.03_e0.05_L2_alibi_learn_attn_s0,1,alibi_learn,0.8275831006467342,0.7834551371634007,0.05682947816593313,19.6969569446519,19.590517051517963,0.11739919226377496,-0.47391559293516117,-1.6407907484251604e-10,1.356516569858705,1.2556701679367355,0.045387952092111696,-0.11802216226022032,-0.18303576345111144
E2b_h0.03_e0.05_L2_alibi_learn_attn_s1,0,alibi_learn,0.5069784373044968,0.4830923806875944,-0.0014099052974155426,12.141531717963517,11.951695539057255,-0.28111169868293207,0.007013164509324095,-3.3544707983843776e-10,1.2740986284622433,0.5601631571627312,0.050211217538207426,-0.06179718661181299,0.45142306568886686
E2b_h0.03_e0.05_L2_alibi_learn_attn_s1,1,alibi_learn,1.210046797990799,1.1303017511963844,-0.012534885108470796,18.20021470542997,17.718297839164734,0.24483891978575242,0.09932614335573221,-1.938742381942116e-10,0.6558350677116721,0.4431035622635523,0.026172535412150276,-0.06575050182183195,0.5964743586282577
E2b_h0.03_e0.05_L2_alibi_learn_attn_s2,0,alibi_learn,0.762890474870801,0.7299317494034767,-0.05209221366260722,14.083267716690898,13.696810141205788,0.1109565112181736,0.49206291174249706,-4.4734250724186933e-10,0.39698061733513157,1.2116261890533064,0.37056118642211955,-3.571246408613487,2.9890591282543792
E2b_h0.03_e0.05_L2_alibi_learn_attn_s2,1,alibi_learn,0.618769058957696,0.5771437808871269,0.030363930761814147,14.574411762878299,14.407877773046494,0.1760414945822408,-0.3140775566655246,-3.881823516227454e-10,1.1380361113163353,1.0026163867995448,0.26270897040272184,-1.7780440767483419,1.5127189884880123
E2b_h0.03_e0.1_L2_alibi_learn_attn_s0,0,alibi_learn,1.4163561761379242,1.3706462942063808,0.06344916405422353,15.965870507061481,15.6098663918674,0.24768492446997017,-0.09732539788510426,1.6489017084973082e-10,0.8496405462765548,1.8157747622546074,0.14384200825560506,-0.0715985558665457,-0.8880181507264298
E2b_h0.03_e0.1_L2_alibi_learn_attn_s0,3,alibi_learn,0.04913718719035387,0.050200726836919785,-0.0026125350834003474,16.141581064090133,16.134977482259274,0.33326117507381187,1.6583960139206964,-9.124221564788121e-10,-0.9916570952050483,1.0651045523784048,-0.09019571934098987,-0.010528125366385057,0.03562038156824076
E2b_h0.03_e0.1_L2_alibi_learn_attn_s1,0,alibi_learn,0.48087680898606777,0.4956750366836786,-0.0316294001681464,12.147240223363042,11.736336007714272,-0.17308023228470668,1.2638811429474137,7.389489131307178e-10,-0.09080063375073759,0.4618064028589951,0.09439978067822226,-0.06850508721468364,0.5122989248121183
E2b_h0.03_e0.1_L2_alibi_learn_attn_s1,1,alibi_learn,1.0265443697571754,1.0145873837172985,0.010340791195631121,15.25020255614072,14.961299128830433,0.19661005560027045,0.3472168884336678,-4.087709113736077e-10,0.4561732290883387,0.6347973869500438,0.10136591599836968,-0.03714498159397694,0.30098169712764783
E2b_h0.03_e0.1_L2_alibi_learn_attn_s2,0,alibi_learn,0.8670617621392012,0.8480105306953192,0.004134960898331274,12.110772369429469,11.83026122301817,0.17785077114527845,-0.005326686522297896,3.089407878294063e-10,0.8274758827689883,0.5148998678221243,0.010960649068972823,-0.08473798552661721,0.558877464129951
E2b_h0.03_e0.1_L2_alibi_learn_attn_s2,3,alibi_learn,0.14680751785635948,0.15019395388662815,0.02215517268383078,15.958254991099238,16.01579412445426,0.06677814770280874,-1.6907143022576803,-1.4177348533994566e-09,2.623935859112901,0.9293198420651916,-0.061719139267311804,-0.014293537037524246,0.1466926057311111
E2b_h0.03_e0.3_L2_alibi_learn_attn_s0,0,alibi_learn,0.5221513044089079,0.5151797998696566,-0.007722116421375984,13.042978903278708,12.996051780879498,0.7228373872782313,-0.25987963667818226,5.235857618157782e-10,0.5370420650622497,1.4289146500807917,-0.03356022490187883,0.3204350030076058,-0.7157894145684158
E2b_h0.03_e0.3_L2_alibi_learn_attn_s0,1,alibi_learn,0.8893300537019968,0.8879684824496508,0.09076391644775873,12.401587466709316,12.813237570226192,0.6354201388558827,-0.4280770331810132,-3.1770532346735627e-10,0.7926567773470444,1.357021598701224,0.0416748565031321,0.2626187518522328,-0.6613151092786888
E2b_h0.03_e0.3_L2_alibi_learn_attn_s1,0,alibi_learn,0.7449862603098154,0.7604629136621952,-0.13968296540634975,11.78313652984798,11.055338740348816,0.4252774810489053,0.9631832693257575,1.852317713990187e-10,-0.388460714466531,0.5728269273153626,0.05276324106816779,0.007727686809718865,0.3666820187493882
E2b_h0.03_e0.3_L2_alibi_learn_attn_s1,3,alibi_learn,0.15360917523503304,0.15708958636969328,-0.026631053510521138,10.782741601578891,10.65536130964756,0.12946102678247617,1.6316521101198465,-4.273139225049018e-09,-0.7611130663507086,0.8712016896482448,-0.10456342224394666,-0.026724639636222097,0.26008652348838934
E2b_h0.03_e0.3_L2_alibi_learn_attn_s2,0,alibi_learn,0.5900859944522381,0.6166340671479702,-0.029012500494718544,13.24985484778881,13.044434405863285,0.2165911016741391,0.5718663272805238,-2.8636057059329606e-10,0.21154292752380904,1.677820287160672,0.04413498445684157,-0.08111793765680325,-0.6408374068002735
E2b_h0.03_e0.3_L2_alibi_learn_attn_s2,1,alibi_learn,0.5389380324631929,0.5385410860180855,-0.08058368185801162,13.000349186360836,12.760696396231651,-0.05397233497725241,2.397737232902852,-1.5221460115038679e-09,-1.3437648343516715,1.4462860717988872,-0.08895822759476645,-0.09538142215551332,-0.26194641253821704
E2c_h0.01_e0.1_L2_alibi_learn_attn_cf0.2_s0,0,alibi_learn,0.5397043656557798,0.537980230525136,-0.021691951155662553,2.0998844960704446,1.7584482925012708,1.4046214363194418,0.17724593628848684,3.2307077522957627e-10,-0.5818672058092266,0.4231879402455139,0.23965145912081653,-0.014459328264289556,0.3516200612580347
E2c_h0.01_e0.1_L2_alibi_learn_attn_cf0.2_s0,1,alibi_learn,1.0371772032231092,1.0078512504696846,0.15930205051388063,2.4059366853907704,2.942958440631628,0.9132279280486203,-0.8450557373386051,6.340216096633341e-11,0.9318276325847281,0.48982430539480926,0.23123931186526503,-0.008380998888488325,0.2873173046396702
E2c_h0.01_e0.1_L2_alibi_learn_attn_cf0.2_s1,0,alibi_learn,0.42128842137753963,0.4169406574219465,0.0232601539897067,1.6965504940599203,1.8492868412286043,0.9269420707654706,-1.006167181959905,-6.23010835779093e-10,1.079224887669242,0.6151073016795221,0.14790911513783567,-0.012362643501007055,0.24934631851283365
E2c_h0.01_e0.1_L2_alibi_learn_attn_cf0.2_s1,1,alibi_learn,0.8210391942411661,0.807980353012681,0.16461939295487746,2.3985249660909176,2.924995133653283,0.5989932155179817,-1.1950538451263302,1.6818302743656215e-10,1.5960605946976143,0.6533526499847899,0.1272848119346671,-0.0075166797191151685,0.22687916037695985
E2c_h0.01_e0.1_L2_alibi_learn_attn_cf0.2_s2,0,alibi_learn,0.18149183504283428,0.19248117320239544,0.022021732000367975,1.654020570218563,1.8390438361093402,0.1648515939299611,-2.8456440346552423,8.218618190267509e-10,3.6807917911588404,0.6780584607276413,0.21074849444347013,-0.008449801904441768,0.11964256649462601
E2c_h0.01_e0.1_L2_alibi_learn_attn_cf0.2_s2,1,alibi_learn,0.612388676032424,0.5942430011928082,0.12147915903478859,2.3579803183674812,2.8641807679086924,0.46401714446618547,-1.642596639235331,-1.4174509354587632e-10,2.1785791934739143,0.5495892083611522,0.2645835641023293,-0.0043157809353306315,0.19014291614934928
E2c_h0.03_e0.2_L2_alibi_learn_attn_cf0.2_s0,0,alibi_learn,0.303609661757946,0.3039876203984022,0.02230946613209589,5.643148855771869,5.797921616584063,1.0705752260295796,-0.9936064701636077,6.445683585749848e-11,0.9230309529134479,0.4983154457240658,0.18767945303768951,-0.00392310242835224,0.3179280235682497
E2c_h0.03_e0.2_L2_alibi_learn_attn_cf0.2_s0,1,alibi_learn,0.7034841310232878,0.6971537638455629,-0.02487906882805478,7.481687369756401,7.137782219797373,0.6319058162729985,0.4989669055698137,5.02782018173676e-10,-0.13087264171763674,0.5373276198519696,0.19212530154352392,-0.013332897336042964,0.2838798579166464
E2c_h0.03_e0.2_L2_alibi_learn_attn_cf0.2_s1,0,alibi_learn,0.4424148704856634,0.43797192722558975,-0.08155534996518067,6.180704573169351,5.840061087161303,1.1176109370202307,1.9102635198954032,-1.939191241413131e-10,-2.0278745879269433,0.20675953790106463,0.12969146029544826,0.010846591784364942,0.6527024177523878
E2c_h0.03_e0.2_L2_alibi_learn_attn_cf0.2_s1,1,alibi_learn,0.66195372864604,0.6534571032971144,0.1266071651663099,6.856047857552767,7.324744164943695,0.6781797373697334,-0.9686802519244975,3.7502768142465607e-10,1.2905004796450745,0.5846794544391369,0.14253008770340364,0.0051954146691640495,0.2675949918679352
E2c_h0.03_e0.2_L2_alibi_learn_attn_cf0.2_s2,0,alibi_learn,0.29003474675118923,0.2905501611530781,-0.002561072765716469,6.006452599540353,6.006764855235815,0.6083557897410011,0.6252810730036793,-4.0929672450234445e-11,-0.23363690517965024,0.4531752522221218,0.3425717679846404,0.012881040044001292,0.19137167431334542
E2c_h0.03_e0.2_L2_alibi_learn_attn_cf0.2_s2,1,alibi_learn,0.5206663068383932,0.5108732469379902,-0.04145675679402689,7.70776616409421,7.362102702260017,0.5287513619565628,0.9614722917603143,-1.3220958450782796e-09,-0.4902238070701211,0.4429560041967944,0.3677294786513048,0.008395987903779548,0.18091841118713553
E3_h0.01_e0.1_L2_alibi_learn_attn_d256_s0,0,alibi_learn,0.8858108650892973,0.9540572129189968,0.15125259384512899,9.209338866174221,10.187828592956066,0.05563158501222858,-0.6188159317938807,3.19321214545609e-10,1.5631842904359636,0.9323728582793965,0.11747967438534754,0.01366493464913288,-0.06351756921619474
E3_h0.01_e0.1_L2_alibi_learn_attn_d256_s0,1,alibi_learn,1.4956613965332508,1.5201789028942585,0.3035761125385761,10.877331856638193,12.32836427539587,0.2594580954100446,-0.5913205413953371,-5.229466151002901e-10,1.331862451768881,0.8984248492434215,0.09205315685995244,0.030364402695954616,-0.02084254893434425
E3_h0.01_e0.1_L2_alibi_learn_attn_d256_s0,2,alibi_learn,1.3433384131640196,1.3505867309868336,0.17799460430230404,10.983668178319931,11.628398001194,0.5437462248306327,-0.4872307466188568,4.733262463000622e-10,0.9434843458991813,0.981906510700131,0.10899800113914326,0.07851363661155811,-0.169418271400744
E3_h0.01_e0.1_L2_alibi_learn_attn_d256_s0,3,alibi_learn,1.507279708981514,1.547014158219099,0.2209019185709102,11.708433847874403,12.852770447731018,0.4277983698112617,-0.49768979010215897,1.4431203413737062e-10,1.0698914922996512,1.0094340303692084,0.10209836921380658,0.1076200157821706,-0.21915241046211315
E3_h0.01_e0.1_L2_alibi_learn_attn_d256_s1,0,alibi_learn,1.3532946277409792,1.3487511277198792,0.2957470453743424,9.71977280266583,10.975936397910118,0.41285156422470715,-0.5344324158867957,6.246818795012365e-11,1.1215808862653356,1.1286773989119498,0.09767831132607381,0.025285409048565667,-0.2516409758107051
E3_h0.01_e0.1_L2_alibi_learn_attn_d256_s1,1,alibi_learn,0.920716367661953,0.8868139535188675,0.10159823862569668,9.591600165702403,10.209084816277027,0.7131523090587063,-0.3801244920295367,9.412863937295917e-11,0.6669722990692463,1.1436394716509803,0.0924109807089876,0.012606569196383885,-0.24865698330709554
E3_h0.01_e0.1_L2_alibi_learn_attn_d256_s1,2,alibi_learn,1.6920853331685066,1.669436164200306,0.23941568412951064,9.531792122870684,10.712312288582325,0.6974781684653159,-0.4222740340961153,6.318673882074473e-12,0.7247957480634615,1.1726374616702695,0.11149782801387736,0.029137696002800046,-0.31327307128087667
E3_h0.01_e0.1_L2_alibi_learn_attn_d256_s1,3,alibi_learn,1.3887841124087572,1.4039074294269085,0.2552487183362246,10.69848795980215,12.083754137158394,0.14823496503264635,-0.6207577703606378,-6.371851697930239e-13,1.47252305247796,1.0281695517700928,0.10549777738511003,-0.06101834486489354,-0.07264887732248358
E3_h0.01_e0.1_L2_alibi_learn_attn_st60000_s0,0,alibi_learn,5.162341870367527,5.168513052165508,1.0185481981507367,7.2889308631420135,12.439880073070526,-0.054699025205435785,-0.11722961598370467,9.939625976163415e-10,1.1719286268539697,2.8563792651337967,0.00021659396009509067,-1.2884146250789115,-0.5681812435877984
E3_h0.01_e0.1_L2_alibi_learn_attn_st60000_s0,1,alibi_learn,3.753524549305439,3.7858796641230583,0.6759589068591594,6.486686613410711,10.15134847164154,-0.0029543147375855955,-0.10651737845108779,-2.5023060015846905e-10,1.1094717287231517,3.4249014349266305,0.002422670293097646,-1.272136895646346,-1.1551872477984848
E3_h0.01_e0.1_L2_alibi_learn_attn_st60000_s1,0,alibi_learn,1.9325053505599499,1.8742865920066833,0.37374504336288994,7.045155126601458,8.803121829405427,0.3105185716834124,-0.7500679434871942,4.1686459233167467e-10,1.439549305851929,0.6162846682879195,0.5445092121387537,0.6921183248148358,-0.8529122598938577
E3_h0.01_e0.1_L2_alibi_learn_attn_st60000_s1,1,alibi_learn,2.473419539630413,2.374844864010811,0.47339933280433916,8.714528191834688,10.928272299468517,-0.06680550795546872,-0.8308259416482309,1.94394765552491e-09,1.897631558512983,0.6437116058547737,0.4086948505693357,0.43843504094737384,-0.4908415334992519
E3_h0.01_e0.1_L2_rope_attn_d256_s0,1,rope,5.652126194909215,6.426260955631733,-1.1518815056021725,6.42626067250967,0.0,0.4260295006533909,0.2392990266660478,0.11567288084328577,0.2189985878224486,0.3227650445407707,-0.6905088694182328,-0.22115263054456838,1.5888964247036486
E3_h0.01_e0.1_L2_rope_attn_d256_s0,2,rope,5.448308486491442,6.00656278245151,-1.092328832298517,6.006562924012542,0.0,0.39450001626110676,0.1992957825979899,0.12558916617580976,0.2806150819099373,0.5182715870897691,-0.8453129514911204,-0.2128046282327907,1.5398460183690215
E3_h0.01_e0.1_L2_rope_attn_d256_s0,3,rope,6.893932417035103,8.472854100167751,-1.5169769629836083,8.472855113446712,0.0,0.4673012088125814,0.30724360540722695,0.10011672420615732,0.12533846422142433,0.003005282419071199,-0.07086743904199,-0.3228310891204224,1.390693271649677
E3_h0.01_e0.1_L2_rope_attn_d256_s0,5,rope,5.002464175224304,5.698297360911965,-1.0865811001509427,5.698297277092934,0.0,0.39935548379506813,0.30799157743900096,0.10074595145022695,0.19190696882702296,0.39502429971305075,-0.630441672874527,-0.2557246807839229,1.4911420687782613
E3_h0.01_e0.1_L2_rope_attn_d256_s1,0,rope,4.5536264181137085,5.383416881784797,-0.944392234299864,5.383416867814958,0.0,0.38483519870105903,0.09559943607385732,0.08568003995856842,0.4338853297229614,1.206864857069876,0.675235525374359,-0.005117894229021072,-0.8769824698887047
E3_h0.01_e0.1_L2_rope_attn_d256_s1,2,rope,3.7281646989285946,4.092553136870265,-0.7782335859856435,4.092553444206715,0.0,0.3234560068378441,0.09220051874928374,0.11040045947340055,0.47394294418468585,1.097415072320682,0.5470355899127539,-0.029781891815257523,-0.6146687948776172
E3_h0.01_e0.1_L2_rope_attn_d256_s1,3,rope,8.706676974892616,10.547021236270666,-1.773930252024105,10.547021422535181,0.0,0.648696825983855,0.05810294076521478,0.1124917969611561,0.1807084617669302,1.1321699494748454,0.9416584714386637,-0.044173848231541496,-1.0296545683603755
E3_h0.01_e0.1_L2_rope_attn_d256_s1,6,rope,3.638442285358906,4.01975167170167,-0.760128204258425,4.0197514295578,0.0,0.35834831292322467,0.09004747998685966,0.1305307065807572,0.4210734998110093,1.223392269588512,0.5474508974705123,-0.015322895022398279,-0.7555203157327565
E3_h0.01_e0.1_L2_rope_attn_st60000_s0,1,rope,5.507022634148598,6.0396365858614445,-1.0765157870948314,6.0396361304447055,0.0,0.45092859462787305,0.29470441603813907,0.2630638941070318,-0.00869691482506784,0.12021402853326402,-0.10502246453189225,-0.34842297630747326,1.333231443204996
E3_h0.01_e0.1_L2_rope_attn_st60000_s0,3,rope,7.510198682546616,8.445586264133453,-1.334448378426688,8.445585399866104,0.0,0.46820078571100443,0.2527228410409608,0.3334505915919911,-0.054374192487983884,0.41853983696354374,0.01316349233358287,-0.34686796016916144,0.9151646994078281
E3_h0.01_e0.1_L2_rope_attn_st60000_s1,0,rope,3.868342585861683,4.1813884153962135,-0.7754790141114165,4.18138830922544,0.0,0.19598766913347232,0.42068999627866266,0.27999103307483664,0.10333128073587565,-0.8464154488497168,-0.1848476597859444,-0.8168823228767116,2.848145437505694
E3_h0.01_e0.1_L2_rope_attn_st60000_s1,2,rope,4.385001644492149,4.652088385075331,-0.9445784576769385,4.652089066803455,0.0,0.45969849239907384,0.1159506806056811,0.43561149045996345,-0.011260638118713376,-0.653351271312293,-0.21608726844520118,-0.552156435902699,2.421594968921567
E3_h0.03_e0.2_L2_alibi_learn_attn_d256_s0,0,alibi_learn,0.38448105100542307,0.3840776365250349,0.06661784436021531,3.899518880993128,4.289252202957869,0.4484802328699968,-1.140582165163566,-3.581306865951942e-11,1.69210175453848,1.3371648346259903,0.022518567497885677,-0.09356853779818788,-0.2661149577443172
E3_h0.03_e0.2_L2_alibi_learn_attn_d256_s0,1,alibi_learn,1.1429823134094477,1.090602109208703,0.21476400829851627,19.295965529978275,20.014727726578712,0.4571381073208964,-0.8494515208096289,-1.1542348779935389e-10,1.3923134249942315,1.8547477464634288,0.14150551183724047,-0.05366110850647095,-0.9425921732034969
E3_h0.03_e0.2_L2_alibi_learn_attn_d256_s0,2,alibi_learn,0.6665167473256588,0.6293769981712103,0.06278817887817109,20.18746054917574,20.240061730146408,0.5569008115661751,-1.0148044735009,1.3351468397045495e-10,1.4579037182801533,1.648077150461333,0.11098031393237745,-0.02216918792643576,-0.736888258234233
E3_h0.03_e0.2_L2_alibi_learn_attn_d256_s0,6,alibi_learn,0.0775406388565898,0.0756257614120841,-4.717635789087292e-05,18.82901757908985,18.851184643805027,0.06958823451476837,1.3485011899597783,5.954952753057201e-11,-0.41808925126554475,-1.1596214298313259,0.3341060108379768,-0.04108582401225377,1.8666010178199077
E3_h0.03_e0.2_L2_alibi_learn_attn_d256_s1,0,alibi_learn,0.5333653995767236,0.5140039604157209,0.05111201692904744,14.904772348701954,14.936708137392998,0.33424882098968034,-0.9721690765340544,7.774537660308229e-10,1.6379201148156357,1.1982116350402054,0.09349107457694998,0.11493747319230539,-0.4066402235471019
E3_h0.03_e0.2_L2_alibi_learn_attn_d256_s1,1,alibi_learn,1.0629133768379688,1.059041265398264,0.15463440263909944,14.50218364968896,15.365120962262154,0.737905067854234,-0.590367455381364,4.0843315899860266e-10,0.8524624016378596,1.1825812920322527,0.0461739192650909,0.16813020089835398,-0.39688542220895723
E3_h0.03_e0.2_L2_alibi_learn_attn_d256_s1,2,alibi_learn,1.4371918272227049,1.3993242178112268,0.1639044581779412,17.71272061392665,18.474566653370857,1.1648492685695677,-0.5479535783240421,1.1260155605519196e-09,0.3831043779250778,1.493949076333899,0.07056582647297499,0.2867611148381217,-0.8512761295740267
E3_h0.03_e0.2_L2_alibi_learn_attn_d256_s1,3,alibi_learn,1.5446270257234573,1.5263944435864687,0.20435945530022906,17.90880725160241,18.76355616003275,0.7944635915176959,-0.6103737160788041,1.816795398705078e-10,0.8159100414951216,1.0806782360823846,0.07907118638306652,0.1699550918848881,-0.3297045754163173
E3_h0.03_e0.2_L2_alibi_learn_attn_st60000_s0,0,alibi_learn,0.8192290272563696,0.8222685940563679,-0.028263498363750344,15.072573613375425,14.487034156918526,0.3509417230179137,0.5077821774907632,2.627908669611739e-10,0.1412762230633493,1.7438827917280837,0.009620034523231406,-0.3740614377753686,-0.37944129155661666
E3_h0.03_e0.2_L2_alibi_learn_attn_st60000_s0,1,alibi_learn,0.7060629650950432,0.6940343268215656,-0.02405738532543175,14.567934229969978,14.374583460390568,0.5158136355014125,0.8287332957692756,-4.1264909264408955e-10,-0.3445471377061757,2.1592940542691315,-0.015791536594769985,-0.45161966515822394,-0.6918828179584126
E3_h0.03_e0.2_L2_alibi_learn_attn_st60000_s1,0,alibi_learn,0.33905066922307014,0.33691441267728806,0.04043267225580555,13.788988839834929,13.79266256839037,0.24770057312326008,-1.396672341440531,-1.6461786947293834e-10,2.148972427949126,5.171171525901308,0.30115614285085285,-0.4821335457152759,-3.990193804927062
E3_h0.03_e0.2_L2_alibi_learn_attn_st60000_s1,3,alibi_learn,0.14998180326074362,0.15065499627962708,-0.02752432672839079,13.774589412845671,13.633104138076305,-0.09205780974687446,0.8250281854512439,-9.887690007364976e-10,0.26702969982029845,0.8754262373387365,-0.281203518033172,-0.24513613550046637,0.6509133272094555
E3_h0.03_e0.2_L2_rope_attn_d256_s0,1,rope,5.371358640491962,5.903802942484617,-1.0948309274656431,5.903802961111069,0.0,0.35888997384506394,0.5344343223072126,0.10174169573146538,0.004934004618725531,1.2306766399288114,-0.05954737753257936,0.13136399983360908,-0.30249320069990937
E3_h0.03_e0.2_L2_rope_attn_d256_s0,2,rope,5.460744768381119,6.625154227018356,-1.0738969177007678,6.625154688954353,0.0,0.2776177447941141,0.6194074511514778,0.13914326126089369,-0.036168505764558836,1.2390942426137297,0.13107089478210465,0.1328427769987399,-0.5030078772192413
E3_h0.03_e0.2_L2_rope_attn_d256_s0,4,rope,7.500762060284615,7.972073972225189,-1.1866099642855776,7.972074255347252,0.0,0.23715995886711216,0.6105624667507962,0.11688871281316066,0.035388901945009515,0.7668926025325893,0.15744206222623935,0.053269390946293016,0.022395956169206338
E3_h0.03_e0.2_L2_rope_attn_d256_s0,7,rope,4.422389037907124,4.653125666081905,-0.9123738369771413,4.653125534765422,0.0,0.2411409197785002,0.5870041411814848,0.11292023652839207,0.058934682914671646,1.08561089275791,-0.22018498741391623,0.12029041770003987,0.014283691286604954
E3_h0.03_e0.2_L2_rope_attn_d256_s1,0,rope,3.6428002268075943,4.161992430686951,-0.6514707088470462,4.161992385983467,0.0,-0.07650045473021018,1.1433594842530301,0.0217904051346795,-0.08864945124781023,1.2999074170438267,0.37301893196287356,0.07273904693127617,-0.7456653751472525
E3_h0.03_e0.2_L2_rope_attn_d256_s1,2,rope,3.691615842282772,3.989426827058196,-0.7918136745691301,3.9894273756071925,0.0,0.24489753769900816,0.5449283130829493,0.09929071609526141,0.11088340781775761,1.3626086544360718,-0.7565053164432785,0.11717437567272068,0.27672223842220556
E3_h0.03_e0.2_L2_rope_attn_d256_s1,4,rope,4.4553586058318615,4.815346140414476,-0.9220157051725046,4.8153463043272495,0.0,0.34357988716316384,0.38514790045374653,0.11593700493920935,0.15533519209025967,1.155279581361919,-0.36233444657680586,0.1391141973702016,0.06794067134898148
E3_h0.03_e0.2_L2_rope_attn_d256_s1,7,rope,5.294373512268066,5.717389289289713,-1.0607940988881246,5.717388913035393,0.0,0.1827406326143552,0.6708589154603829,0.08355927016893325,0.06284118971296075,1.2597665890007474,0.11873250018487956,0.055084709575403186,-0.43358374262257177
E3_h0.03_e0.2_L2_rope_attn_st60000_s0,1,rope,2.9047184363007545,3.796861607581377,-0.5927921565515654,3.796861454844475,0.0,-0.01928198996772478,1.079718415787762,0.021372137079617902,-0.08180859832034977,1.6073620513717897,-0.196812160335011,-0.32219334921646614,-0.08835656280574676
E3_h0.03_e0.2_L2_rope_attn_st60000_s0,3,rope,4.907794192433357,5.44100496172905,-0.9331595450639727,5.441005364060402,0.0,0.15874579402990338,0.8734632531829547,-0.05572236759715551,0.02351337055332583,1.6602044956753712,-0.8909020230857535,-0.3580524100478016,0.5887499534686399
E3_h0.03_e0.2_L2_rope_attn_st60000_s1,0,rope,6.983532175421715,8.323611453175545,-1.233492894257818,8.323611110448837,0.0,0.30905491652542705,0.5661212121852229,0.2595100565561262,-0.13468621102677045,0.7590850702414137,0.4645053374244943,0.06136126417746113,-0.2849517319713719
E3_h0.03_e0.2_L2_rope_attn_st60000_s1,3,rope,10.59552163630724,11.475836165249348,-1.9338515994804244,11.475835978984833,0.0,0.1883063460255785,0.7687598520333926,0.1893921507554098,-0.1464583613033516,0.8525609444595253,0.06223124289668101,0.05136104432314097,0.03384677978248105
