run,exp,h,eps,arch,seed,lambda_hat,var_y,bayes_true.r2,bayes_true.rmse,bayes_true.cv_rmse,bayes_true.cv_r2,bayes_true.sign_agree,bayes_free.r2,bayes_free.rmse,bayes_free.cv_rmse,bayes_free.cv_r2,bayes_free.sign_agree,counter_exp.r2,counter_exp.rmse,counter_exp.cv_rmse,counter_exp.cv_r2,counter_exp.sign_agree,counter_pow.r2,counter_pow.rmse,counter_pow.cv_rmse,counter_pow.cv_r2,counter_pow.sign_agree,additive.r2,additive.rmse,additive.cv_rmse,additive.cv_r2,additive.sign_agree,cexp.lam,cexp.gamma,cexp.kappa,cexp.Z0,cpow.alpha,cpow.kappa,add.lam_c,add.lam_w,add.g_c,add.g_w,bfree.h,bfree.eps,bfree.offset,bfree.scale,btrue.scale
E1_h0.01_e0.1_L2_alibi_learn_attn_s0,E1,0.01,0.1,L2,0,0.0864647626876831,7.0233921053540325,0.7250239599006676,1.3896994456338987,1.5316020765737761,0.6660011450625315,0.8365384615384616,0.9369704241351395,0.6653430885889433,0.8383909890963099,0.8999202322675308,0.9519230769230769,0.644828837605443,1.5794006261906277,1.8949651929913613,0.48872382051524677,0.7596153846153846,0.48663982992533383,1.8988232581537476,2.279861060055103,0.2599350320775561,0.7403846153846154,0.5422405692647326,1.793048792414036,2.1451530188109533,0.3448064119037555,0.7596153846153846,0.04338549922251429,3.0987810816015497,-1.9999999999992788,0.5881738546752803,1.167129492593951,-1.999999996605523,0.048234274267860165,0.0001234098040867442,1.9303230741642539,0.9045366089762615,0.058308735408943387,0.21948217816785487,0.6113154343798355,1.5601275686657927,1.0390771451663743
E1_h0.01_e0.1_L2_alibi_learn_attn_s1,E1,0.01,0.1,L2,1,0.05899810045957565,6.2330397140284175,0.5647096386099715,1.64717397674861,1.8789869600626847,0.43356818533668773,0.7454545454545455,0.9475809157080779,0.57160321392077,0.6303806907631818,0.9362462243914953,0.9636363636363636,0.7181400044576725,1.3254601261491048,1.6088061978977986,0.5847519827975589,0.8,0.5255369157023025,1.7196939399986153,2.104604685463765,0.2893738712899465,0.7363636363636363,0.5399058087054607,1.6934536800670548,2.106758332227095,0.28791875649068666,0.7363636363636363,0.03573577683169764,4.103423382128014,-0.258543274442595,6.15309317960919e-06,1.0774965699952554,-1.999999881958763,0.0403944529392113,0.00012340988599217386,1.8444931862845984,0.5056386302610854,0.06727586843582539,0.3249339075411878,0.1433795679471581,2.347903289730874,0.8638944873107202
E1_h0.01_e0.1_L2_alibi_learn_attn_s2,E1,0.01,0.1,L2,2,0.0875089094042778,7.121349247440773,0.7059343941802134,1.4471157108894066,1.60547472974776,0.6380532651470581,0.8288288288288288,0.9394642501807258,0.6565791775701935,0.8832581240995147,0.8904498450110199,0.9369369369369369,0.6277473136252416,1.6281711789528432,1.9517041237443877,0.4651085272907016,0.7477477477477478,0.4675188795472305,1.947301729679494,2.3362278888378643,0.2335777169550738,0.7207207207207207,0.5212953252546944,1.8463540221863908,2.2104769286002894,0.313864819418856,0.7297297297297297,0.04217527841719322,2.9821509157967263,-1.9999999999994218,0.5168158428625855,1.1575962263416717,-1.999999999978944,0.04750165869392709,0.00012340980408733678,1.9236322337627632,0.8547948794020325,0.05952167295798662,0.23384829118619369,0.679923106336592,1.659130484272606,1.032432028541135
E1_h0.01_e0.1_L2_alibi_learn_mlp_s0,E1,0.01,0.1,L2+mlp,0,0.43377575278282166,8.344645484304717,0.7236595587679397,1.5185397640687204,1.7413218355355966,0.6366290526522345,0.8691588785046729,0.937313697539682,0.7232530475243452,1.3092786869816149,0.7945735761443039,0.9626168224299065,0.6172592555450807,1.7871306121476318,2.150947276358135,0.445563721745338,0.7570093457943925,0.46920975478362903,2.1045798684910446,2.515968783594317,0.24141787306276496,0.7663551401869159,0.5101893681299188,2.0217062292526857,2.4261504254469033,0.29461282711561065,0.7476635514018691,0.03486537238865381,3.4490287157339994,-1.9999999999999998,0.8448164885487477,1.027773083651651,-1.9999999999995404,0.03830717868193724,0.016314779460050582,1.64169407391927,1.2436566935166407,0.048344591255200776,0.23994224113948381,0.4203876035458301,1.8943263539116442,1.1315382841857802
E1_h0.01_e0.1_L2_alibi_learn_mlp_s1,E1,0.01,0.1,L2+mlp,1,0.39810940623283386,8.67367142423896,0.7513740238542472,1.468502647126975,1.656108373562853,0.6837907719999151,0.8363636363636363,0.9449916658365118,0.6907417868703432,1.1774354977203216,0.8401652214519364,0.9181818181818182,0.6518199630027448,1.7378145002829144,2.081459632456464,0.5005028448001261,0.7909090909090909,0.5048004257681276,2.072486042488656,2.477655639130975,0.2922515546343575,0.7454545454545455,0.5462170162574969,1.9839265356593327,2.375574070742296,0.34936984702780816,0.7545454545454545,0.03687484139293493,3.646894852052241,-1.9999999999999305,0.8437235547853976,1.0468794897517952,-1.999999999984734,0.04060168825503845,0.008944859595947199,1.7936274751411336,1.2156326978793275,0.051399851910945156,0.2270989375130511,0.3755609424828988,1.8185067059737607,1.1755137865244587
E1_h0.01_e0.1_L2_alibi_learn_mlp_s2,E1,0.01,0.1,L2+mlp,2,0.417185515165329,8.475451779203414,0.7508339572833869,1.453201562089579,1.64158693788166,0.6820455422522664,0.8333333333333334,0.9408171340675513,0.7082383259648758,1.20481557641632,0.8287311861372162,0.9444444444444444,0.6383488540198821,1.7507589350473538,2.0935474840682593,0.48286637901673257,0.7685185185185185,0.4949097167708215,2.0690259398212234,2.4681248661955726,0.2812606910135177,0.7592592592592593,0.5343029833799853,1.9867039558227657,2.3745378504332315,0.3347339882252254,0.75,0.03645666386623167,3.6222507113508997,-1.9999999999999951,0.9018233689160506,1.039421299891746,-1.9999999999995353,0.04019852867896196,0.012925360622956898,1.722675556215006,1.2661113504853334,0.05001729979483264,0.22679073343555037,0.47577085782468276,1.7983545913586862,1.1615864492611798
E1_h0.01_e0.1_L3_alibi_learn_attn_s0,E1,0.01,0.1,L3,0,0.05684323236346245,7.900702236852729,0.9161530347527937,0.8139102566511347,0.8871918553603635,0.9003747559873473,0.9523809523809523,0.9598252801467173,0.5633901836292169,0.6459468011521714,0.9471885843295703,0.9714285714285714,0.8627321022738739,1.0413994366298056,1.1637786766200338,0.8285746295009089,0.8857142857142857,0.8128976325598315,1.2158289735628858,1.3396836754204982,0.7728363509490873,0.8761904761904762,0.8628133484053754,1.0410911992327987,1.1901665884219124,0.8207125815236243,0.9142857142857143,0.04309318713609768,16.619726329327857,-1.9999999999999998,11.73816531123931,0.8901734751657605,-1.9999999999999998,0.043208506098466784,0.00012340980408859947,1.1950458588669268,1.9936279620846806,0.018910490420860984,0.06551459446080464,0.41423854211203803,0.9775280779502439,1.2388394162606324
E1_h0.01_e0.1_L3_alibi_learn_attn_s1,E1,0.01,0.1,L3,1,0.055408693850040436,7.384947233206582,0.9249056417547802,0.7446931402614504,0.7889100130503071,0.9157232964519375,0.9444444444444444,0.9627441295427289,0.5245308736901263,0.6509144754815392,0.9426279374771593,0.9537037037037037,0.8025036355046306,1.2076838288842149,1.396646125110344,0.7358653573021172,0.8611111111111112,0.7040997246164618,1.4782448782250952,1.728490347659215,0.5954366649341909,0.8148148148148148,0.766499028098542,1.3131612073141363,1.532666532857713,0.6819115117871863,0.8425925925925926,0.04371218005481885,6.031648506347945,-1.9999999999999878,2.7535724840971088,1.030458618947845,-1.999999999886159,0.04557403913879568,0.0001234098040866881,1.589123905064344,1.5857499129901451,0.03169860510983767,0.11578198803271941,0.4482121304811659,1.159395534216899,1.203429263759859
E1_h0.01_e0.1_L3_alibi_learn_attn_s2,E1,0.01,0.1,L3,2,0.057137347757816315,7.106487598938972,0.9023059050168514,0.8332237841584409,0.8718280413326222,0.8930436276611022,0.944954128440367,0.9447644615061633,0.6265226806167249,0.6807775482666248,0.9347838065188332,0.9541284403669725,0.8270267416577767,1.1087074976553,1.2675834714851533,0.77390126489178,0.8899082568807339,0.7426134563139053,1.3524475150034458,1.5715992252259205,0.652440943526098,0.8348623853211009,0.7882550513298129,1.2266877564656191,1.415381937544361,0.7181018046909796,0.8532110091743119,0.041241071729584695,6.103185556849933,-1.9999999999999998,2.9482464060049187,0.9811388753348392,-1.9999999999999998,0.04270331925522969,0.00012340980408685843,1.478000040787887,1.5962162021832216,0.032233805189605017,0.10508923683721347,0.5473457331728668,1.0815791445930174,1.1660107555954702
E1_h0.03_e0.2_L2_alibi_learn_attn_s0,E1,0.03,0.2,L2,0,0.12070751190185547,3.5567703636445214,0.7985635668418031,0.8464414543341644,1.1227704145178563,0.6455735752293876,0.9532710280373832,0.9521790108603975,0.4124176001723311,0.4499164477825246,0.943087467199365,0.9532710280373832,0.7102732449217801,1.0151312900394251,1.1434344194621924,0.6324074545337973,0.822429906542056,0.5508704133644173,1.2639030038659433,1.4912938453414,0.37472563427617134,0.7663551401869159,0.6016525652583926,1.190306830326857,1.4009850103962127,0.4481625748411564,0.7757009345794392,0.057042560133578064,2.1777610897606667,-1.9999999999997253,0.28214567826725906,1.2832221445896477,-1.9999999996259819,0.06258037404960928,0.00012340980408759238,2.010269277732982,0.5535640144599645,0.0999316783032956,0.23228417112354938,0.28023120193128537,1.177840043220309,1.079279516073423
E1_h0.03_e0.2_L2_alibi_learn_attn_s1,E1,0.03,0.2,L2,1,0.11084307730197906,3.5787332001370635,0.7931424700629435,0.8603998547675904,1.1052425385279407,0.6586610399107423,0.9351851851851852,0.9515814043746119,0.41626582332517686,0.44355916051963135,0.9450239182755102,0.9722222222222222,0.746630962576913,0.9522290617875363,1.0758567539465078,0.6765705375947035,0.8425925925925926,0.5789188832784344,1.2275736117896379,1.4508795061442548,0.4117886906828443,0.7777777777777778,0.6203244384342759,1.1656575558267277,1.379737647526283,0.4680587041446812,0.7870370370370371,0.05293430095469021,2.0476895681719216,-1.9999999999995244,0.14627721190741885,1.22682206811632,-1.9999999984598933,0.057154560283355395,0.00012340980411425478,1.9842415654698933,0.46028274856276136,0.10543920105956639,0.2630821288401451,0.27472465465446416,1.317605178801454,1.0789257020666212
E1_h0.03_e0.2_L2_alibi_learn_attn_s2,E1,0.03,0.2,L2,2,0.11343509703874588,3.6104874070223536,0.8006258873113424,0.8484325094836087,1.0865693116164292,0.6729990342438851,0.9245283018867925,0.9501773915645723,0.42412722188173396,0.46262308425267773,0.9407226521086339,0.9622641509433962,0.6960053139007212,1.0476492666742814,1.19051332171243,0.6074430376302962,0.8113207547169812,0.5255573619692759,1.3088044811828825,1.5530209806938045,0.33198100572679445,0.7547169811320755,0.5724800772875913,1.242399008855175,1.472768804515799,0.39923680461088884,0.7641509433962265,0.053703523542568916,2.017521262864816,-1.9999999999998845,0.16917885595987606,1.2580669636178314,-1.9999999999445492,0.059294248446985734,0.00012340980409269626,1.966597666720672,0.46157464381459967,0.10245785274799427,0.26882995888365335,0.27163016892209374,1.3481286428872243,1.0888022421631163
E1_h0.03_e0.2_L2_alibi_learn_mlp_s0,E1,0.03,0.2,L2+mlp,0,0.46028757095336914,4.552567544711009,0.8848407821437647,0.7240649954849365,0.9611708135578978,0.7970707026831833,0.9038461538461539,0.9670954022086731,0.38704057148645865,0.44207038519509356,0.9570734045025698,0.9903846153846154,0.662663152441594,1.2392533170540736,1.432615962256641,0.5491800011409158,0.8076923076923077,0.5021325548511784,1.5055149193391324,1.7800094665650508,0.3040336755152252,0.7403846153846154,0.5537567448684092,1.4253254226169807,1.6903410788981041,0.3723864753352536,0.7596153846153846,0.04443543778127675,2.362733306371841,-1.9999999999998488,0.3977947284103017,1.149968996486814,-1.9999999999434404,0.04902043967055513,0.00012340980408667978,1.7025255629625928,0.6339340492993222,0.07993467135236011,0.25761507208820256,0.22326342347836314,1.4517878774756077,1.2853222911975433
E1_h0.03_e0.2_L2_alibi_learn_mlp_s1,E1,0.03,0.2,L2+mlp,1,0.48587021231651306,4.570007953019331,0.8785874231901422,0.7448868649785825,0.9392703483197475,0.806952461286238,0.8773584905660378,0.966337064865831,0.3922242742170941,0.4550503964759981,0.95468916783916,0.9528301886792453,0.6272712710643582,1.3051334244262804,1.5185148088714067,0.4954303693851776,0.7830188679245284,0.4634685932963578,1.565871257696588,1.8580699247296553,0.24454751924361406,0.7169811320754716,0.5129207664575584,1.4919637968260218,1.7781209841660872,0.3081600148544862,0.7169811320754716,0.04317988297876909,2.2043706024032947,-1.9999999999999967,0.3071188894848055,1.1509148087818355,-1.9999999993892799,0.048250208076776144,0.00012340980408672404,1.6686233722056514,0.5599815929343532,0.07965437338757632,0.27991665243605324,0.24285733294066708,1.5940970526372815,1.2832233217934779
E1_h0.03_e0.2_L2_alibi_learn_mlp_s2,E1,0.03,0.2,L2+mlp,2,0.4519549310207367,4.26738877841371,0.880886109361874,0.7129553143517038,0.912736261366837,0.8047781615239684,0.8773584905660378,0.9659545317855791,0.38116302157221416,0.4474477325363562,0.9530838450050129,0.9622641509433962,0.6320465690061592,1.2530763513856369,1.4588427976679255,0.5012823019376522,0.7924528301886793,0.46835128835652584,1.5062376127707966,1.7875982949044493,0.25117962532273863,0.7264150943396226,0.5207685811377569,1.4300583131872688,1.7028830547961236,0.3204718742805275,0.7358490566037735,0.043602955291018625,2.1620166681232367,-1.9999999999988487,0.3285353408845039,1.1544062136533244,-1.999999999945078,0.04843831057214696,0.00012340980409250422,1.620189922486428,0.5559421751335034,0.0797857109878641,0.2758260963935724,0.2700694669586482,1.5131165891884164,1.2416301828168945
E1_h0.03_e0.2_L3_alibi_learn_attn_s0,E1,0.03,0.2,L3,0,0.11107861250638962,4.066402969646544,0.8810073022584263,0.6956092721223525,0.9385739688997577,0.7833660112704437,0.9907407407407407,0.9634340493638988,0.3856058742480346,0.40381901448706686,0.959898269384876,0.9907407407407407,0.7744102210905794,0.9577781302990661,1.0901839947789937,0.707726668669143,0.8796296296296297,0.6396791838914616,1.2104584406947752,1.4185538649465481,0.5051412556071144,0.8240740740740741,0.6850383578064807,1.1317070986525088,1.3286158196005526,0.5659013606695543,0.8425925925925926,0.045626256734628175,2.81680676574858,-1.9999999999978109,0.8073614521051549,1.1303852834105106,-1.9999999999999998,0.0494834702626296,0.000123409804596547,1.5924475923920929,0.8504443883350014,0.06498047598438324,0.17962381273770014,0.11607579243198057,1.0504083161468245,1.2121217272720777
E1_h0.03_e0.2_L3_alibi_learn_attn_s1,E1,0.03,0.2,L3,1,0.11867240816354752,4.101173682158054,0.8886072546501445,0.6759001373073994,0.9700980972682299,0.7705314645859537,1.0,0.9763531027905719,0.31141617250875636,0.35645529343063953,0.9690185332146519,1.0,0.7475685915920083,1.0174797534658597,1.1689161515749027,0.6668356243099428,0.8611111111111112,0.6165279446017071,1.254067582486101,1.47516577861211,0.4693923634945417,0.8240740740740741,0.6703416002031445,1.162749480046842,1.3669571671025966,0.5443811841419244,0.8425925925925926,0.050037340513374245,2.9931302426315494,-1.9999999999999998,0.962113375405567,1.1845284350515564,-1.9999999999827978,0.054692265724489,0.00012340980408668173,1.6550638466750593,0.8921832996333174,0.06407061290782094,0.17372525934861646,0.11597990438168032,1.0431651977710097,1.2225321337771333
E1_h0.03_e0.2_L3_alibi_learn_attn_s2,E1,0.03,0.2,L3,2,0.10923667997121811,3.8157234433203895,0.8907002890078437,0.6457998680558197,0.9009030871962389,0.7872942353983998,1.0,0.9800749419211835,0.2757326807269324,0.32032278154565175,0.9731095070433469,1.0,0.7717254443317427,0.9332912587059383,1.078639514935154,0.6950871255577383,0.8785046728971962,0.6428678438833444,1.1673549333676883,1.37629724341669,0.5035819208668649,0.8130841121495327,0.7026787432515222,1.0651270767249545,1.2555512544191743,0.5868649874945359,0.8504672897196262,0.05264745279459026,3.013046202006287,-1.9999999999999998,0.9982863597261573,1.2072026049451994,-1.9999999999750298,0.056975962827172294,0.0001234098040868205,1.6854848574078225,0.8873580420728494,0.06109046004360524,0.16307748580561823,0.15269885067934197,0.975784074873041,1.1806074429080984
E2a_h0.01_e0.1_L2_learned_abs_attn_s0,E2a,0.01,0.1,L2 learned_abs,0,,4.266058832535867,0.5516442711451148,1.3830082852967436,1.5845252431079957,0.4114660991315937,0.7924528301886793,0.9516859451552082,0.4539940532718974,0.6058319154785359,0.9139645456801595,1.0,0.7178694803509967,1.0970803959950084,1.3412984290860677,0.578280200416428,0.839622641509434,0.529272233227301,1.4170929211454542,1.72454024231978,0.3028602829622695,0.7735849056603774,0.5490865396201956,1.3869474937295128,1.7277969332599348,0.30022478363058613,0.7641509433962265,0.037424177355546234,5.949345241827317,0.7079939466439493,6.1442123538201504e-06,1.111374851745437,0.06273195498381345,0.042050613246724586,0.00012340980432307046,1.6323883456947148,0.34931423071627776,0.06688336233486368,0.3315186832414397,0.3355196344927202,2.0227435868210812,0.706384452485489
E2a_h0.01_e0.1_L2_learned_abs_attn_s1,E2a,0.01,0.1,L2 learned_abs,1,,4.526209882069842,0.6259047958041946,1.301243024982647,1.4674263590750352,0.5242509350177352,0.7870370370370371,0.9465086618999046,0.49204981771543327,0.5750136121683017,0.9269497741391445,0.9722222222222222,0.7690510518666047,1.02241058841104,1.2283634310688583,0.6666357155101155,0.8518518518518519,0.5945118319935344,1.3547415078505791,1.6474822304997285,0.4003376399834214,0.7962962962962963,0.6140324429220241,1.3217299917171776,1.6234898770711697,0.4176762789119175,0.7962962962962963,0.04201404529886,3.9728302987663735,-0.08289259530584502,6.144597924463619e-06,1.1582118081642436,-1.9999999999999998,0.04866751747323288,0.00012340980408675605,1.9450788887872301,0.4753264635583161,0.07070857179742109,0.26050052010522023,0.35539567470498407,1.4561811469106198,0.7750320089384245
E2a_h0.01_e0.1_L2_learned_abs_attn_s2,E2a,0.01,0.1,L2 learned_abs,2,,5.812355167647629,0.6955098371403294,1.3303401713829717,1.4578829925218935,0.6343267473200902,0.8490566037735849,0.9213383569884663,0.6761726164624983,0.7078754963840067,0.9137892121303895,0.9433962264150944,0.8004151175844918,1.0770599902940057,1.2490252795076358,0.7315951789159996,0.8773584905660378,0.6435716570313037,1.4393360000882989,1.7183815697060094,0.4919726799316778,0.8301886792452831,0.6663029109787668,1.3926830220123803,1.6745582179160412,0.5175543915832248,0.8301886792452831,0.039204440655076174,2.6715558578654144,-1.9999999999992149,0.22849751945802335,1.0773185324597765,-1.9999999999998772,0.043044339056584585,0.00012340980408670607,1.9023928495743219,0.7775653047468486,0.06563746651655877,0.2063222635044441,0.45661786425412715,1.335934927611957,0.9258185241259318
E2a_h0.01_e0.1_L2_rope_attn_s0,E2a,0.01,0.1,L2 rope,0,,7.637513890917172,0.9005841937772443,0.8713722516829572,0.9394341862830458,0.8844471377778003,0.9339622641509434,0.9474345829352574,0.633615895487026,0.6779742055132598,0.9398169312807446,0.9433962264150944,0.8694039595743106,0.9987137091529198,1.1077326791546298,0.8393362413485917,0.9056603773584906,0.8298644747815297,1.1399177326432623,1.2601975446361264,0.7920661259424289,0.8962264150943396,0.8626653398669666,1.0241559326930791,1.1688133806578829,0.8211296583788139,0.9056603773584906,0.047385398914928586,17.728107702317242,-1.9999999999999998,12.256204156536032,0.9236355382115399,-1.999999999999921,0.04342095091113463,0.017029405350284108,1.111884232894171,2.4314878476615425,0.01525355102871158,0.0572668633941006,0.20472593315561838,0.9129239040325149,1.2076367541343513
E2a_h0.01_e0.1_L2_rope_attn_s1,E2a,0.01,0.1,L2 rope,1,,7.535642623341971,0.9199866380520494,0.7764999038840028,0.8102482351194649,0.9128803958297247,0.9905660377358491,0.9549989371517718,0.5823331755059125,0.6436197204642383,0.9450283983362854,0.9811320754716981,0.8364494353833604,1.1101615223906813,1.278260794737081,0.7831703623655608,0.9150943396226415,0.7714660323915313,1.3123072457286173,1.5252189567379013,0.6912946934629223,0.8867924528301887,0.8081641648820325,1.202333687376079,1.4069317688041196,0.7373207434308473,0.8962264150943396,0.04826453262364989,8.4332693277896,-1.9999999999986589,4.455337517444671,1.0261579723420433,-1.9999999999999998,0.04699644099315624,0.018046101289182968,1.456182502179903,2.184530068652102,0.025313195167409524,0.08651680983350168,0.20970228987322412,1.0453875403463946,1.212408750627648
E2a_h0.01_e0.1_L2_rope_attn_s2,E2a,0.01,0.1,L2 rope,2,,7.729525584082536,0.9282184419428764,0.7448740762490279,0.7711918641993959,0.9230564819356979,0.9439252336448598,0.9457734401409843,0.6474145362648611,0.758146029039558,0.925637686932286,0.9532710280373832,0.8245490565369331,1.164539632751584,1.3435615072221991,0.7664594671364358,0.8878504672897196,0.77262224868761,1.3257157108597133,1.4978645827642532,0.7097366088133807,0.8598130841121495,0.8154752090290805,1.1942734580937502,1.3794581041367515,0.7538135244694416,0.897196261682243,0.04174829067007758,12.754005570124967,-1.9999999999999887,8.840050852968654,0.8852868774974836,-1.9999999999997302,0.04036347989553334,0.0001234098040866938,1.1401749140594868,1.8984281255589082,0.01816869905737503,0.08113485699035042,0.14512292467879853,1.0365516315173162,1.2333878654171033
E2a_h0.01_e0.1_L3_learned_abs_attn_s0,E2a,0.01,0.1,L3 learned_abs,0,,1.2343816602867952,0.3875103007633296,0.8695090866991103,0.9844737166337678,0.2148388704045362,0.8181818181818182,0.6408999426526152,0.6657826409554009,0.9163534739012217,0.31973739067401485,0.9494949494949495,0.5713615398253439,0.7273949780780504,0.9498108203696253,0.2691558668478451,0.8585858585858586,0.4560844226161166,0.819389659116448,1.0178197518752876,0.16074818620783904,0.8282828282828283,0.4760055258333773,0.8042444709184527,0.9666591680812291,0.2429975450069558,0.8585858585858586,0.022765529528863925,1.6919035798155828,-0.1885627266709317,6.144212353630067e-06,0.8926473844467614,-1.9999999999973042,0.035417602343465034,0.20612924230097246,0.6681791426455406,2.4519640450986695,0.007478171656690223,0.43985838194588517,-5.982636476253291,29.99999999407009,0.3184670547408975
E2a_h0.01_e0.1_L3_learned_abs_attn_s1,E2a,0.01,0.1,L3 learned_abs,1,,1.7167912976826245,0.4405859903884288,0.9799985221942376,1.1610491145386166,0.21479387262125405,0.8691588785046729,0.8409844890111017,0.5224906175830304,1.4113306423205847,-0.1602191743642325,0.9719626168224299,0.5096507720810142,0.917511464406145,1.1064422963841003,0.2869170778765001,0.9439252336448598,0.37170837290569936,1.0385786430513348,1.2434532223493255,0.0993803858057789,0.8504672897196262,0.3854359336002309,1.0271700156564005,1.2472177014426042,0.0939189889350539,0.8878504672897196,0.030187063226071092,3.1940948324652845,0.7226978484128683,6.144212353328221e-06,1.008217678218948,-0.3257398504092269,0.03756797632288727,0.00012340980410371994,0.7727377315698105,0.22652316569204062,0.052005922477243685,0.3732110774444953,1.0589906769280386,1.685728747097085,0.4004720849284763
E2a_h0.01_e0.1_L3_learned_abs_attn_s2,E2a,0.01,0.1,L3 learned_abs,2,,1.9153129770179937,0.48332228993921833,0.9947861694934019,1.2383840803077544,0.19929789608203796,0.8440366972477065,0.924924025039845,0.37920177887697565,0.4698141093845893,0.8847575826899641,0.9908256880733946,0.5328747727979097,0.9458810757979262,1.3091087259445837,0.10522944453054228,0.944954128440367,0.3717328242394172,1.0969632057497138,1.4067496241383313,-0.03322252225033839,0.8715596330275229,0.37667743496920103,1.092637999371993,1.3991163256729726,-0.02204000925862748,0.8990825688073395,0.027612422527830933,1.9394798724644908,-0.2745766403360139,6.144348250136055e-06,1.045577775610574,-1.999999999999999,0.037272538694707424,0.08290791760587485,0.7773574599620234,0.71781452400107,0.0363799956373652,0.3718586914194335,0.6667267205059404,2.2018247074681656,0.4430333741391277
E2a_h0.01_e0.1_L3_rope_attn_s0,E2a,0.01,0.1,L3 rope,0,,6.875690968365712,0.8740402832812995,0.9306234934820165,1.0424175107085754,0.8419599904022235,0.9207920792079208,0.9421632190698843,0.630609096255789,0.9094226508256545,0.8797139717826291,0.9405940594059405,0.6346725761911777,1.5848906802611442,1.8725021286983956,0.49004918369485273,0.8118811881188119,0.5340405702110333,1.7899142557745147,2.1089222446550853,0.3531482065637128,0.7821782178217822,0.5879376729287052,1.6832151438980876,1.9818429011725511,0.42875540756573405,0.8316831683168316,0.04527102411060883,4.982260328174652,-1.999999999358172,2.4879094179195986,1.0980865297962537,-1.9999999999992555,0.04868600939461436,0.00012341060588306647,1.4331835210923733,1.3280202175906013,0.01887334783418577,0.16934340247500554,-0.2998486914266918,1.6208523362484055,1.1288131354206319
E2a_h0.01_e0.1_L3_rope_attn_s1,E2a,0.01,0.1,L3 rope,1,,7.0226491038246035,0.9668891255390456,0.4822095528502839,0.49404210121728925,0.9652442270478434,0.9902912621359223,0.9741658752912216,0.4259389542342842,0.49247097682500496,0.9654649321887816,0.9611650485436893,0.8054225296410321,1.168952222223331,1.381577699053301,0.7281998701199686,0.912621359223301,0.7297937206485214,1.3775209201806848,1.6013975386441206,0.6348281056248688,0.8737864077669902,0.7883010013537957,1.2192980698431917,1.4376301740798476,0.7056978802629816,0.912621359223301,0.041786832102432336,8.920742216553961,-1.999999999999996,5.782155784557532,0.956465125063322,-1.9999999999914195,0.042246474011234346,0.00012340980408672865,1.2290459815676629,1.7154218761342517,0.01772721132216226,0.10721663493879137,0.026563173271554982,1.1595423081526233,1.1998776884995694
E2a_h0.01_e0.1_L3_rope_attn_s2,E2a,0.01,0.1,L3 rope,2,,5.940815265357853,0.9849478511856616,0.2990351742732947,0.3242759746669389,0.9822995829613869,1.0,0.9876349871296002,0.2710318380132076,0.34556114051764464,0.9798996439878925,1.0,0.774605735360232,1.1571627751081701,1.3730049485509148,0.6826794800811322,0.8557692307692307,0.7048665110600064,1.3241350144199937,1.5231585163093337,0.6094792108190723,0.8269230769230769,0.7720237514853793,1.1637717891900776,1.3800398586666258,0.6794194186420506,0.8942307692307693,0.046535911166117855,9.923267954563386,-1.9999999999999998,7.3648466728649575,0.9739910408650218,-1.999999999999974,0.04961860979993582,0.0001234098040867074,1.174236580600701,1.5950139784635275,0.013801880394042586,0.10935883433659847,-0.05047612432372112,1.1307883919599344,1.1138527922581347
E2a_h0.03_e0.2_L2_learned_abs_attn_s0,E2a,0.03,0.2,L2 learned_abs,0,,0.8981854771222052,0.6941234669801251,0.5241506078895095,0.6503703383472703,0.5290710128634234,0.967741935483871,0.9192772264890715,0.2692657104804491,0.2909079408796573,0.9057795608786847,1.0,0.8684216339637568,0.3437757662739234,0.39541080900163783,0.8259271477242366,0.9354838709677419,0.7550686211390837,0.4690349745854692,0.5634289409814972,0.6465627872845915,0.9032258064516129,0.7577570519743566,0.4664537467444142,0.5626474773206797,0.6475425267956625,0.9247311827956989,0.07564147560789643,1.2285803510145243,-1.9999999999999731,0.14974951581702292,1.4978502608776436,-1.999999999996982,0.08671152881078376,0.053250761044835226,1.7364759548241262,0.4717348106150323,0.10820395096024284,0.17071568511159974,0.4115639243849537,0.5031988864756178,0.5056530754448285
E2a_h0.03_e0.2_L2_learned_abs_attn_s1,E2a,0.03,0.2,L2 learned_abs,1,,1.9310632546495274,0.9078274808381378,0.4218897543694935,0.6080873003340882,0.8085147320072071,0.9711538461538461,0.962508417648631,0.26906991105918054,0.3876331118015874,0.922188240595851,0.9711538461538461,0.7164774879707141,0.7399323650481053,0.8609333949639945,0.6161667367552119,0.8557692307692307,0.6011264055081333,0.8776389585548375,1.0214042429936405,0.45974497464364183,0.7980769230769231,0.6814963417677138,0.7842516884800564,0.9206510336417149,0.5610716926518338,0.8461538461538461,0.04845664640869229,2.1276951226784346,-1.9999999999965645,1.187998290589649,1.1630270128148883,-1.99999999999995,0.054557269500866985,0.0001234098040867098,1.1030957921511493,0.6425498792470855,0.047376576839622556,0.15923646334186634,0.240739921650083,0.6790551024343352,0.8479127925902438
E2a_h0.03_e0.2_L2_learned_abs_attn_s2,E2a,0.03,0.2,L2 learned_abs,2,,1.030359701799913,0.8060412602303915,0.44704280474077746,0.5018607673266781,0.7555569871941362,0.9117647058823529,0.914765828886251,0.29634752425475935,0.41575831003278574,0.8322382250981271,1.0,0.7050986712248409,0.5512299385711656,0.6561393681470412,0.5821664320913034,0.8333333333333334,0.5536377427207518,0.6781693610780292,0.8133500108716215,0.35795408241486926,0.7647058823529411,0.5794843775804674,0.6582418638451936,0.7939735188244169,0.38818070282329054,0.7843137254901961,0.05626363098070989,1.9968413318818206,0.021925435228908684,6.144212353349394e-06,1.3927249725260042,-1.9999999663350945,0.06701416811389892,0.00012340980446281564,1.3065409500221334,0.15045131298643,0.09522514418398889,0.30871687509496815,0.28730241281229607,0.8367054645801311,0.5836121760341048
E2a_h0.03_e0.2_L2_rope_attn_s0,E2a,0.03,0.2,L2 rope,0,,4.485595045196569,0.8626739891017526,0.7848495869029863,1.1268999126098782,0.716892987386359,1.0,0.9655543277524641,0.39307675683257093,0.47096896694318713,0.9505502022388175,1.0,0.7530901849045604,1.0523960486444754,1.1955094746784594,0.6813705005367168,0.8518518518518519,0.6296501723074933,1.2888907448216513,1.4996682680251077,0.4986161498172269,0.8148148148148148,0.6826474165295056,1.1931115522010423,1.3863875386447126,0.5715015760578729,0.8333333333333334,0.05062626923128459,3.233521930784199,-1.9999999999999656,1.0454445590716457,1.1631344611368923,-1.99999999996723,0.05440545133215379,0.0001234098090479278,1.718606795662303,0.9546276249519717,0.06708322159030108,0.16791230642342037,0.17668991838540468,1.06953085661356,1.2597508455912794
E2a_h0.03_e0.2_L2_rope_attn_s1,E2a,0.03,0.2,L2 rope,1,,4.338536351034716,0.8674288562548216,0.7583961538910289,1.079854453916052,0.73122602940408,1.0,0.9639116735565293,0.3956899242121347,0.45695367662898134,0.9518716346504865,1.0,0.7256702892151514,1.0909580296275865,1.248334911265184,0.6408143381553552,0.8627450980392157,0.5932162212630119,1.3284751450673384,1.5545293147767627,0.4430007737692516,0.8137254901960784,0.6428208198308856,1.2448433062022228,1.4555323816883745,0.5116845076938992,0.8235294117647058,0.05194747529890307,2.937286120042924,-1.9999999999949225,0.8262872436039126,1.2020742448567494,-1.999999999996259,0.056788782606486565,0.00012340980419725712,1.812720271021323,0.8410623090892733,0.07554976718172828,0.19078215959668976,0.2285463355734246,1.1290883064690485,1.2423381678806298
E2a_h0.03_e0.2_L2_rope_attn_s2,E2a,0.03,0.2,L2 rope,2,,4.327442269680588,0.8715878129716853,0.7454504182629842,1.0688261770808445,0.7360127933266286,0.9902912621359223,0.9640597563680203,0.3943720698473048,0.47316403792302436,0.9482640800659031,0.9902912621359223,0.7215940813077775,1.0976272321138814,1.25892663490921,0.6337568075285243,0.8543689320388349,0.5901446153083586,1.3317753249594344,1.558050813362916,0.43903992572498907,0.8058252427184466,0.642387030655893,1.2440054178843742,1.4526583329808436,0.5123640938751471,0.8155339805825242,0.05233661111691528,2.9623907268408587,-1.9999999999702442,0.8577489193894546,1.2029165731971956,-1.999999999996679,0.05706832791364532,0.00012340980409760217,1.8081351315692988,0.8462691492802216,0.07633500211124546,0.192269216067005,0.22130063078404918,1.1333263816893775,1.2437196358423892
E2a_h0.03_e0.2_L3_learned_abs_attn_s0,E2a,0.03,0.2,L3 learned_abs,0,,2.7484644535878373,0.9526508480143793,0.36074570148514107,0.41367798467337563,0.9377363331805024,1.0,0.9725493199411497,0.2746765704761921,0.4508973738084838,0.9260283532348438,0.98,0.6579228711696345,0.9696323163837139,1.2247812684499373,0.4542082748832261,0.78,0.5037539634067421,1.167867540353108,1.4417567096999122,0.24370045708568755,0.76,0.5439237806631594,1.1196022851772125,1.3850198912790757,0.3020538807643718,0.78,0.03777223711477368,1.9243231233831766,-1.9999999999999998,0.613817098423766,1.122198845685242,-1.999999999920831,0.04233446736331819,0.009154570176746955,1.0471219611525813,0.6765836513791996,0.04720357008697718,0.23479195654403992,0.16622886413396004,1.0875951579630505,1.0362468335920465
E2a_h0.03_e0.2_L3_learned_abs_attn_s1,E2a,0.03,0.2,L3 learned_abs,1,,3.1151161964870306,0.8715766704127988,0.6324979003948411,0.9094537575521262,0.7344862647311766,0.9807692307692307,0.9622655777763485,0.3428514398890242,0.4286410321578525,0.9410188503862077,0.9807692307692307,0.7564940930386208,0.8709472973238143,1.0092633041280914,0.6730098163887887,0.8653846153846154,0.6495547483248847,1.0448338047149535,1.2282255081933378,0.5157362345976093,0.8365384615384616,0.6907615394943376,0.9814854746240028,1.152099459901658,0.5739057287806637,0.8557692307692307,0.05016726066242368,2.915476562827574,-1.999999999992676,1.3268587316917795,1.1630031096906972,-1.9999999999498608,0.05378778044824201,0.00012340980427470464,1.33431804104268,0.8579546548872639,0.05704512187024984,0.1554627890593845,0.15058414768418638,0.8524790981504801,1.0552155899648288
E2a_h0.03_e0.2_L3_learned_abs_attn_s2,E2a,0.03,0.2,L3 learned_abs,2,,3.250942215847306,0.9241277203077584,0.49664514199182774,0.7120593275175304,0.8440364508993375,0.9801980198019802,0.9740302798924575,0.2905616275961925,0.40529519644680345,0.9494718191353517,0.9900990099009901,0.7073060729641109,0.9754645271475038,1.1681514329933345,0.5802516071333106,0.8712871287128713,0.5751826543483516,1.1751836635195116,1.4097516353812158,0.38866964052080866,0.8118811881188119,0.6220446037927929,1.108472441352199,1.3258492744218764,0.45927174899758916,0.8415841584158416,0.047243550864952216,2.5049878173618656,-1.9999999999999998,0.9044493216674155,1.1856906760593684,-1.999999998846243,0.05277300416858444,0.0001234098533092071,1.395460480039462,0.751670701944239,0.055599763942537996,0.1860682309302724,0.1753427632451204,0.9641403633662216,1.1099972400585756
E2a_h0.03_e0.2_L3_rope_attn_s0,E2a,0.03,0.2,L3 rope,0,,4.0443705517586395,0.9292457376767511,0.534935935371287,0.7386775234909456,0.8650854374672838,0.9809523809523809,0.9539340782339188,0.43163370747701824,0.826394627015504,0.8311410710714595,0.9142857142857143,0.6368257689909826,1.2119451988643954,1.4368493532427267,0.48952845999328465,0.7523809523809524,0.498043981687986,1.424814422561454,1.6902015106689485,0.2936401078715789,0.7047619047619048,0.5540453542318478,1.3429839301959912,1.5944723306009874,0.37138746795922506,0.7238095238095238,0.04205490503363687,2.5611004591362794,-1.999999999999915,0.8864439945083296,1.1158835737942105,-1.999999999918177,0.04706344847059774,0.00012340981056609834,1.3517633579313828,0.7777653136587201,0.054000191836443216,0.21010348092605993,0.14008190402495713,1.1609108539344415,1.2414865923149707
E2a_h0.03_e0.2_L3_rope_attn_s1,E2a,0.03,0.2,L3 rope,1,,3.0484620920633794,0.9627922758026661,0.33678826693862385,0.36698138705379985,0.9558218753008096,0.9603960396039604,0.9845814521907229,0.21680142645113737,0.23821252821834313,0.9813856276094395,0.9702970297029703,0.6233363770022351,1.0715618396377964,1.3336414399015168,0.41655843618552935,0.7821782178217822,0.4689220011004759,1.2723879705396763,1.5542844242518832,0.20753481640414562,0.7128712871287128,0.5208371076788209,1.20859832581572,1.4805265754784636,0.28096237561729387,0.7623762376237624,0.041421695580826735,1.9361363458817362,-1.9999999999999956,0.5148649655324875,1.187073023512465,-1.9999999998623836,0.04771422124977739,0.0001234098040866813,1.244356148666093,0.5758203999382704,0.04785296459509042,0.23980154709763596,0.05967229387414501,1.1750037893841605,1.0971297034226657
E2a_h0.03_e0.2_L3_rope_attn_s2,E2a,0.03,0.2,L3 rope,2,,4.047549393446906,0.9542778535471033,0.43018908184949656,0.666904894605614,0.8901156983608385,1.0,0.9775369970202983,0.30152962389371923,0.6391584153491228,0.8990689327786803,0.97,0.6786567110901189,1.1404616758643944,1.3585662490764794,0.5439951255152125,0.82,0.5470135749960527,1.3540623803076464,1.6112568844421895,0.3585875068342371,0.79,0.6060995198657171,1.2626684637884809,1.508442674290054,0.4378328513289389,0.81,0.04334962899403267,2.8489879285445823,-1.9999999999999878,1.1158532349970882,1.1233367807916614,-1.9999999999111289,0.04766410264008976,0.00012340980408667978,1.3536290114729452,0.8708596211852899,0.049479768786374036,0.1920890972139346,0.06856547979504345,1.1083838515847837,1.258591447345382
E2b_h0.003_e0.05_L2_alibi_learn_attn_s0,E2b,0.003,0.05,L2,0,0.04446815326809883,8.446415535228285,0.6332908110952505,1.7599369846889519,2.0402802203437047,0.5071585857735985,0.7924528301886793,0.949500083390547,0.6531028098070139,0.9459898290720528,0.8940501147527802,0.9811320754716981,0.6275367273126495,1.7736909462272188,2.2063293146786975,0.4236739804586226,0.839622641509434,0.48680935640894785,2.0819753659832925,2.5347851146605596,0.23930624171794412,0.7641509433962265,0.5302425748959676,1.991925303114436,2.4270887716118383,0.3025728037277945,0.8113207547169812,0.03766612888065328,3.711658381761616,-1.999999997376909,1.0006343064120773,1.1059854857208202,-1.9999999999894083,0.04206365394337968,0.010480026614203192,1.6654169599274813,1.3271793658170585,0.041230071958914795,0.21099476990517133,0.8408817946613475,1.745797177494006,0.784566374843803
E2b_h0.003_e0.05_L2_alibi_learn_attn_s1,E2b,0.003,0.05,L2,1,0.279781311750412,8.920647842554434,0.526610931416746,2.0549786308733378,2.4194385905568727,0.3438051589087704,0.7570093457943925,0.9342888408881609,0.7656279186150269,1.2873591590675453,0.8142182458398077,0.9252336448598131,0.5541797003012539,1.9942431884488387,2.4882048419653646,0.3059737986689718,0.7663551401869159,0.40017052348134396,2.3131942256556637,2.8126876465145543,0.1131572575798262,0.7383177570093458,0.44972709846745507,2.2155791053068867,2.7061873990388654,0.17904502363814156,0.794392523364486,0.03434973904916225,3.232390153822245,-1.9999999991695256,0.707367950447497,1.0841169766743959,-1.9999999999971267,0.038063101202665046,0.00012840202696479702,1.594011707237427,0.9883457701606079,0.04052915335819712,0.2530478489528758,0.8077427150354637,2.1698326462581083,0.7352499585103522
E2b_h0.003_e0.05_L2_alibi_learn_attn_s2,E2b,0.003,0.05,L2,2,0.2611929774284363,9.567060880419692,0.5814614411481984,2.0010456949650863,2.308652133002641,0.44289320013359945,0.7818181818181819,0.9307492163488412,0.8139572858617393,1.2858564921109117,0.8271750395476478,0.9636363636363636,0.5630321051824458,2.044626726937797,2.4752516906291038,0.35958691926987496,0.8,0.4215583634793969,2.3524426352968115,2.821483750977405,0.16789799327792088,0.7727272727272727,0.47222059212012524,2.247064246215185,2.69656221637224,0.23994966921885208,0.8,0.04001647257521528,3.6647529622732,-1.9999999999924574,0.8873833596623852,1.1455175239627187,-1.9999999999932516,0.04493693709752373,0.00012341800723053171,1.846106260562734,1.1076779416610831,0.046673721274337845,0.22999173814384377,0.9090639577481866,1.9483172464188354,0.8000950896639432
E2b_h0.003_e0.1_L2_alibi_learn_attn_s0,E2b,0.003,0.1,L2,0,0.04966822266578674,4.670190882961424,0.6818501566982371,1.2189423684504115,1.4617098635707448,0.5425035552497236,0.8272727272727273,0.9383268882125773,0.5366797968933453,0.8413771705915628,0.8484182850479622,0.9545454545454546,0.5428150832224133,1.4612121099149713,1.830564516760185,0.282477625861716,0.8181818181818182,0.4016589757546781,1.671635964058055,2.0314660982262422,0.11634136341218138,0.7909090909090909,0.4492019526074721,1.6038491260980685,1.9601436180589282,0.17730065007947082,0.8272727272727273,0.030882522158937727,2.542859129542118,-1.9999999967410247,1.0886764240168723,1.00076930064153,-1.999999999987929,0.03341579908950753,0.00012395087308588427,0.9786527753321692,0.7990943596534783,0.024464975427600063,0.24636500358639637,0.1703464782215611,1.9293187087934678,1.02177628567336
E2b_h0.003_e0.1_L2_alibi_learn_attn_s1,E2b,0.003,0.1,L2,1,0.05617639422416687,4.823196839519814,0.6139399684983764,1.3645671562087192,1.6765957500378879,0.41719705776615956,0.8165137614678899,0.9319229506712452,0.5730174597394782,0.869776896798333,0.8431513630118702,0.963302752293578,0.4839170753059917,1.577710217788515,1.9886305938659925,0.18007666482599416,0.8165137614678899,0.3414208455167962,1.7822617362433104,2.1694520956641954,0.02419027214109304,0.7889908256880734,0.3903959491576354,1.7147129005700543,2.1059237671343776,0.0805030230897692,0.8348623853211009,0.030285420259821578,2.2864304039127568,-1.9999999785172653,0.8596307521893789,1.019939104921613,-1.9999999996417341,0.03297637654013168,0.0001355719915903847,0.9715106682103833,0.701299724010261,0.024321365745006738,0.2718577472739978,0.0576728767383232,2.329748317493722,0.9853136010224698
E2b_h0.003_e0.1_L2_alibi_learn_attn_s2,E2b,0.003,0.1,L2,2,0.05575580149888992,5.171042280040898,0.6493818509799391,1.3464996371081632,1.6224245687994283,0.49096113725390156,0.8198198198198198,0.935217627477856,0.5787852687425333,1.0108213209355157,0.8024073895505377,0.954954954954955,0.5213576931128958,1.5732385724770181,1.9669778579096164,0.2517945737090157,0.8018018018018018,0.376941803293105,1.79495411587522,2.178423725133756,0.0822875410355185,0.7747747747747747,0.42633759650816505,1.7223334586909005,2.1055417170321915,0.14266685861872197,0.8198198198198198,0.031063544684696315,2.507838482128938,-1.9999999921865974,0.9206148620929516,1.0165959580056028,-1.9999999988268113,0.03381836035263517,0.00012348637075734617,1.0560720119966471,0.7719318514424935,0.025690260746449246,0.25651132426009793,0.11871844010339014,2.1000453738640608,1.0492600762423119
E2b_h0.003_e0.2_L2_alibi_learn_attn_s0,E2b,0.003,0.2,L2,0,0.2595353424549103,1.4012176393084608,0.7075714509009158,0.6401218956066236,0.9944888458317884,0.2941795501718454,0.9541284403669725,0.8733394505950052,0.4212825607959337,0.7433516956716975,0.6056488814038217,0.9724770642201835,0.34777336851356233,0.9559871656385014,1.2177487163407381,-0.05830236113882559,0.9541284403669725,0.2269641148629139,1.040764871655704,1.2587546100443125,-0.13077592221133139,0.9174311926605505,0.2783992363457345,1.0055444886084417,1.2450223554594388,-0.10623833308205888,0.926605504587156,0.024993041206529606,1.0287548020516806,-1.9999995046563739,0.8668993749596509,0.9519112921412857,-1.9999999999121105,0.025629458635857496,0.0004978949283470067,0.38555130849998537,0.31732166312095234,0.015053892506082134,0.33259869339569836,-0.7733725535101017,3.3183027765528132,1.9076156087203213
E2b_h0.003_e0.2_L2_alibi_learn_attn_s1,E2b,0.003,0.2,L2,1,0.24924999475479126,1.5689937668443126,0.7409514327319762,0.6375308520797084,1.0181105550556147,0.33935422547889194,0.954954954954955,0.8785300510192247,0.43656109859873354,0.7935476939534943,0.598648537753309,0.963963963963964,0.3382181709957387,1.0189855566780692,1.2868794670271042,-0.05549097622405674,0.918918918918919,0.22802698044997372,1.1005547945677097,1.323317879193631,-0.11611036729331636,0.9099099099099099,0.27805811739070097,1.0642942797167703,1.3095381958368704,-0.0929873161987198,0.8918918918918919,0.0251868832674864,1.167795587948082,-1.9999992929316617,1.1956506370083855,0.9409006461306781,-1.99999991848748,0.026176586720613446,0.00043167932194668044,0.38822350358769475,0.36624355408736603,0.012165101682674482,0.3251121668565372,-1.433736129749976,4.109148976387094,2.0656579022924255
E2b_h0.003_e0.2_L2_alibi_learn_attn_s2,E2b,0.003,0.2,L2,2,0.05800255015492439,1.4003863853508756,0.6957007463464258,0.652791338705484,1.051193645452661,0.21092629020155163,0.9541284403669725,0.86661873861799,0.43218665238562537,0.8231432177758848,0.5161587087261851,0.9724770642201835,0.3255118913912174,0.9718765170415437,1.2388692810554283,-0.09598116034114446,0.963302752293578,0.2112683877155559,1.050965751839222,1.271669895481954,-0.15478437950530233,0.8990825688073395,0.26031999014450546,1.0177611779380447,1.2606216385372289,-0.13480603080135767,0.9357798165137615,0.02422575640366184,1.0064658016764958,-1.9998824281702559,0.9172947325765899,0.9289744194952428,-1.999999879767335,0.02471652856201768,0.0001462396894884853,0.363460064184661,0.3089466163595782,0.01387358558745104,0.3368935300179672,-1.0311004494445757,3.8260382782500186,1.8909850403357398
E2b_h0.003_e0.3_L2_alibi_learn_attn_s0,E2b,0.003,0.3,L2,0,0.2421075403690338,0.3648925324395888,0.8231593261431428,0.25402330861941,0.4350236115552981,0.4813663591705698,0.9724770642201835,0.8542219683608535,0.23063676016382698,0.43408823623729925,0.4835942638239493,0.963302752293578,0.3391156791612868,0.4910720451017913,0.620631852550641,-0.055609151070284524,0.9357798165137615,0.22628556414653123,0.5313403992579898,0.6399172359515112,-0.12223197918038342,0.9174311926605505,0.2770712519911861,0.5136061736723162,0.6334036450524151,-0.0995022969731727,0.9174311926605505,0.023332117390707924,0.5425224628381878,-1.9999999796009622,1.0602029972782678,0.8957370520464548,-1.9999999690295471,0.023606176362312464,0.00016647457133860897,0.18117396343780515,0.17107643084509716,0.012102925090677357,0.331896850810378,-0.5641369958539404,2.1405265659932637,5.477407555822818
E2b_h0.003_e0.3_L2_alibi_learn_attn_s1,E2b,0.003,0.3,L2,1,0.24081766605377197,0.5092369922177216,0.8515715044329024,0.2749277735005873,0.4971071104240293,0.5147338410001543,0.9903846153846154,0.8793200249356876,0.24790060008531664,0.4870783085412856,0.5341161732610209,1.0,0.3296459211722843,0.5842679991434644,0.7412301818238491,-0.07891255121488494,0.9711538461538461,0.22352106957026163,0.6288177757128638,0.7581784095356328,-0.1288152853597373,0.9230769230769231,0.26972216578074926,0.6098233250549565,0.7532896678766111,-0.11430499433758112,0.9519230769230769,0.02389390850266342,0.6557738004417194,-1.999999929704547,1.207066974862176,0.9062277700656035,-1.9999999987135861,0.024724299370003183,0.00019216493695747172,0.2092782965700529,0.2079318591491449,0.011137504183083537,0.331400375801984,-1.00610356187574,2.8060570851055378,6.581443384126796
E2b_h0.003_e0.3_L2_alibi_learn_attn_s2,E2b,0.003,0.3,L2,2,0.24484945833683014,0.30773068299250944,0.8436221883423052,0.21936784355574182,0.36633443649423314,0.563901402172451,0.9724770642201835,0.8777100005217875,0.193990682927258,0.36686122752104444,0.5626462757971926,0.9724770642201835,0.37659498474732134,0.43799640537870005,0.5583699135292429,-0.013148761452049573,0.9357798165137615,0.2578349471784911,0.4778984814769082,0.5790124072835283,-0.08944407014632016,0.9174311926605505,0.3083456516813522,0.4613493957976281,0.5720694191604503,-0.06347347997970343,0.9174311926605505,0.0235852238836301,0.5343433383445606,-1.9999999989543658,1.1293737850003076,0.893729310751286,-1.9999999999891906,0.023810016696041797,0.0002614957267309387,0.17247838961487405,0.17086524833483344,0.012360218554097503,0.33017779187190105,-0.4383258437308068,1.903082602599778,5.0922534900413385
E2b_h0.01_e0.05_L2_alibi_learn_attn_s0,E2b,0.01,0.05,L2,0,0.06656806915998459,8.375272171472641,0.7346699780733286,1.4907082708896056,1.6594776909504736,0.6711908400848903,0.8623853211009175,0.9543783117411252,0.6181375705214446,0.6636067262134826,0.9474197520916692,1.0,0.776460966708933,1.368283685775932,1.6021998411445624,0.693497204818325,0.8715596330275229,0.644931793652266,1.724468865360834,2.071024605548026,0.4878801752383901,0.8532110091743119,0.686421357393242,1.6205883126175338,1.9385903143208627,0.5512823547896878,0.8532110091743119,0.05725894079016977,4.059787262658913,-1.9999999999464892,0.6295786945355151,1.2892982303820788,-1.9999999999999998,0.06379475972062511,0.007887517642212058,2.9399267690190842,1.303319929444544,0.07028071272826898,0.15567385730479813,0.6414806635222778,1.4120656754841832,0.8018092771798322
E2b_h0.01_e0.05_L2_alibi_learn_attn_s1,E2b,0.01,0.05,L2,1,0.057587265968322754,7.381268569772049,0.6696000501294029,1.5616564172166996,1.7508193100328544,0.5847098330851568,0.8598130841121495,0.9290574630057279,0.7236338290708304,0.800675090039498,0.913147639359022,0.9532710280373832,0.8693968141524825,0.9818437710798894,1.1457130692624695,0.8221635719292942,0.9158878504672897,0.7341372863850363,1.4008583411182014,1.7018700569312362,0.6076065159665941,0.8598130841121495,0.740415473856266,1.3842193121120347,1.6936342168465242,0.611395137115039,0.8411214953271028,0.046738641310151416,3.331988856112503,-1.9999999999812013,0.29627941130815727,1.1678369489766045,-1.99999999999985,0.05225681769245969,0.00012340980412343263,2.590094504702363,0.9889128404282983,0.07193844604574692,0.17061970536896354,-0.04533324734777762,1.3624725777780176,0.718619021014164
E2b_h0.01_e0.05_L2_alibi_learn_attn_s2,E2b,0.01,0.05,L2,2,0.07763941586017609,9.102633208875922,0.7455877742750281,1.5217822362704088,1.6829518517519209,0.6888453186762008,0.8411214953271028,0.9493793251136492,0.678808836327436,0.7265708183973423,0.94200522617655,1.0,0.7559188278402877,1.49056411581735,1.742127561205502,0.6665790689498055,0.8691588785046729,0.6317979418383853,1.8307398182697554,2.188031095378137,0.4740554777409456,0.8317757009345794,0.6764392640562953,1.7161744375469237,2.0415924036606894,0.54209958294038,0.8504672897196262,0.05991498091458514,4.330613288408351,-1.999999999999998,0.6862823652540707,1.3085781273379091,-1.9999999998939575,0.06702947328278869,0.00012340980692382157,3.119564264624773,1.2726473336492403,0.06882784954397135,0.14499904681757292,0.6619790257760649,1.4269919320211975,0.8420897408516629
E2b_h0.01_e0.2_L2_alibi_learn_attn_s0,E2b,0.01,0.2,L2,0,0.0898112803697586,3.3107111695773748,0.8211639772505314,0.7694637210677703,0.8351289196935936,0.7893382186529972,0.8942307692307693,0.9353489396953021,0.46264563920541146,1.0000937400904655,0.697893462238866,0.9711538461538461,0.5401312493555278,1.2338932730581875,1.523023588219638,0.2993647795106429,0.7596153846153846,0.38260663235502346,1.4296891684157134,1.734955093456745,0.09080888602682002,0.7115384615384616,0.43105496638713503,1.3724476957821332,1.6725971204812897,0.1549908813702331,0.7596153846153846,0.03441154466044721,1.8512635404655275,-1.9999999997247833,0.557603489084671,1.0746090928379821,-1.9999999999793239,0.03821155669993847,0.025738485547025815,1.0064572534844145,0.7191919542293036,0.04805973722204002,0.279090459449414,0.3374318894138383,1.4355572698562031,1.7325571582370345
E2b_h0.01_e0.2_L2_alibi_learn_attn_s1,E2b,0.01,0.2,L2,1,0.060501065105199814,2.9311696119928237,0.7306945217360287,0.8884706152881741,0.9902868213736181,0.6654345812764024,0.8761904761904762,0.955521506777888,0.3610734104304597,0.6980772821958958,0.8337483133271506,0.9619047619047619,0.627803300711473,1.0444958854100679,1.397583331110424,0.33363147618409084,0.7714285714285715,0.4360928962831936,1.2856544506210013,1.6386174267371498,0.08396052544322974,0.6952380952380952,0.45387351401254783,1.2652230475417543,1.6189197343355555,0.10585143367421013,0.6857142857142857,0.030709971806662652,2.3849856806286613,-0.4809192964749765,6.147258425204813e-06,1.0620828678853427,-1.9999999999273048,0.035583030239159666,0.030014186798498606,1.016995485729224,0.5457438361891624,0.04797060214942001,0.3368865742819848,-0.06726635245621573,1.8930599645515507,1.5378018529417392
E2b_h0.01_e0.2_L2_alibi_learn_attn_s2,E2b,0.01,0.2,L2,2,0.09016843140125275,3.1168291743669383,0.8123329100364081,0.7648047208713268,0.8322538711351918,0.7777720666516168,0.8761904761904762,0.9265402023353093,0.4784993631180716,1.0740348420468047,0.6298960329884608,0.9523809523809523,0.5121077534552152,1.2331572438169482,1.5255089378088231,0.2533509572890601,0.7619047619047619,0.35622217540833534,1.4165258576876674,1.7201984413321825,0.05061121029750004,0.6952380952380952,0.4044182936311286,1.3624707109254648,1.6626558482189573,0.11306513287556585,0.7333333333333333,0.0331077739831979,1.7278353354035452,-1.9999999783956666,0.5360345190836587,1.056403885389775,-1.9999999936345165,0.0366838737916555,0.01651974095540269,0.9210138315726167,0.6038310403523125,0.046589724751877705,0.2866809973269107,0.316051530459503,1.4538132300606261,1.6719970376976905
E2b_h0.01_e0.3_L2_alibi_learn_attn_s0,E2b,0.01,0.3,L2,0,0.3499689996242523,1.1837706025357224,0.8565561674674573,0.4120735275009561,0.47136043729017396,0.8123110496523085,0.9903846153846154,0.92110567528531,0.3056023270594608,0.4670943823850872,0.8156930391848263,0.9711538461538461,0.46215148788735183,0.7979281028116075,1.012488864367144,0.1340098341084346,0.7403846153846154,0.3177015535795522,0.8987128813076626,1.1012023163044125,-0.02439318803544066,0.7403846153846154,0.36019006729402003,0.8702805234794686,1.074841261388293,0.02406451494227413,0.7692307692307693,0.03074046679165303,1.0316679969034694,-1.9999999879237669,0.620229824579512,1.047966584140057,-1.999999999998994,0.03395986955060717,0.03542451755734635,0.49324696683772334,0.466578210166606,0.029462272968006006,0.28781792755888813,-0.03603607152211257,1.115886743822349,3.1490744371531205
E2b_h0.01_e0.3_L2_alibi_learn_attn_s1,E2b,0.01,0.3,L2,1,0.3380945026874542,0.9318078994909563,0.69065103587412,0.5368927346051905,0.7923729544092786,0.3261970635553919,0.9489795918367347,0.9507075991919485,0.21431530150182188,0.9045594443892574,0.12189219593352107,0.9897959183673469,0.481281242712444,0.6952310663762636,1.0483130796672937,-0.17938505737275268,0.7755102040816326,0.305755330840181,0.8043025966031719,1.077519141151688,-0.24601594404012683,0.7040816326530612,0.30899394285985815,0.8024243906059207,1.0799624010565396,-0.2516729986223154,0.7244897959183674,0.02634228879195679,1.5209075346895768,0.07436687473489849,6.538574710774595e-06,1.016229899746858,-0.08724441741735527,0.02796003963868166,0.0844869085835675,0.42118923180108536,0.3809012970463579,0.026201249236698764,0.45433721612170547,-0.13384538876010643,4.75177229805979,2.5087867983703647
E2b_h0.01_e0.3_L2_alibi_learn_attn_s2,E2b,0.01,0.3,L2,2,0.36960849165916443,1.2692766801014004,0.8554510745751506,0.42833699370411354,0.4734752949443304,0.8233806242270902,1.0,0.9153342192734725,0.3278174813501562,0.4777022448744988,0.8202130092393212,0.9622641509433962,0.4491397666170961,0.8361782395088591,1.0646630499649745,0.10696585879906984,0.7452830188679245,0.3091166581320026,0.9364411965006518,1.1484809032547203,-0.03918113821755953,0.7547169811320755,0.3503046402219214,0.9080986561692537,1.1230159507868547,0.006390926822234855,0.7830188679245284,0.03032362796441233,1.0538496880684136,-1.999999893019194,0.6267028914033542,1.0481889288441462,-1.9999999999517613,0.03376845413895605,0.029128145121403597,0.5003415529094558,0.44550349373228915,0.02787578262340825,0.291644611222775,-0.08083204600113567,1.2285772060117766,3.258719403598318
E2b_h0.03_e0.05_L2_alibi_learn_attn_s0,E2b,0.03,0.05,L2,0,0.157988041639328,5.625839794905779,0.8488223865346793,0.9222261294997475,1.026443746672011,0.8127236459815115,0.9636363636363636,0.9629330500221764,0.4566538319789088,0.5122322608128986,0.9533612938542827,1.0,0.880378180518551,0.8203494330940756,0.9076298349074583,0.853569965152565,0.9363636363636364,0.7962912672066412,1.0705291661223928,1.2733319812587125,0.7117987014197598,0.9181818181818182,0.822822824509221,0.9983838964171194,1.2021325854080618,0.74312763861345,0.9090909090909091,0.10267421295007172,4.268432636042752,-1.9999999999999913,0.46734188434643337,1.612644311141964,-1.999999999997143,0.10649977652071937,0.062190136903856226,4.9632925347926715,2.0487163022337866,0.12202030031150748,0.09662199157929693,0.3646288367586591,1.209936204082627,0.7654970908796005
E2b_h0.03_e0.05_L2_alibi_learn_attn_s1,E2b,0.03,0.05,L2,1,0.14288949966430664,4.926909541958602,0.7709820198472163,1.0622386133514616,1.1976513443314631,0.7088704936911113,0.9272727272727272,0.9370646625057817,0.5568453239694566,0.6103986733639205,0.9243772313513352,0.9636363636363636,0.9317780022952894,0.579761685059315,0.6166145154366636,0.922829218314399,0.9454545454545454,0.8385768038684533,0.8918057441584306,1.0667223564951553,0.7690445549779208,0.9272727272727272,0.8506985719911748,0.8576681352858612,1.0298538775464483,0.7847334114691634,0.9090909090909091,0.09212976778427405,3.410789458930529,-1.9999999999999998,0.23468234546703803,1.5345369787376826,-1.9999999999371452,0.09440344777102744,0.04946243246780286,4.633979979775218,1.2568573718620206,0.14676381055634707,0.13864990380630732,-0.0752802821899233,1.2432822099588752,0.6827329622739757
E2b_h0.03_e0.05_L2_alibi_learn_attn_s2,E2b,0.03,0.05,L2,2,0.110458143055439,5.558812029774363,0.8547619324089719,0.8985271934149736,1.0028740186918168,0.819069921418462,0.9724770642201835,0.9688432005108144,0.41616678364539483,0.4656510685284442,0.9609932992048873,1.0,0.8889636712217118,0.7856399176179437,0.8681613118893092,0.8644127451289336,0.9357798165137615,0.802324723104853,1.048255554334782,1.2523229149769204,0.7178690923571398,0.9174311926605505,0.8248759993371956,0.9866516110495188,1.1855851437022729,0.7471380349904377,0.908256880733945,0.09986644372654774,4.199569704607045,-1.9999999999999991,0.46821078927304566,1.6057247682625855,-1.9999999999941251,0.10380300442986773,0.07593154044422419,4.795419330721907,2.3601882902313425,0.1221346251548375,0.10479828707773958,0.2733760296360895,1.2125942065786157,0.7635808571920376
E2b_h0.03_e0.1_L2_alibi_learn_attn_s0,E2b,0.03,0.1,L2,0,0.13081179559230804,5.8277542998801115,0.8388739195996077,0.969021778845148,1.0920746922828768,0.7953539095583911,0.9519230769230769,0.9591039724522729,0.4881925853485305,0.5350482822102074,0.9508770189055529,1.0,0.8010821969472727,1.0766819781454675,1.1755552960064237,0.7628708790970856,0.9134615384615384,0.6757157466502055,1.374717771705406,1.5999313610630617,0.5607604184401253,0.875,0.7293207872836851,1.2559665384856666,1.4632125223898567,0.6326216282449432,0.8846153846153846,0.07781332213260175,3.579766243340655,-1.9999999999986262,0.4500666844698168,1.4400519582820102,-1.9999999999998364,0.0832950548596615,0.00012340980429634054,3.571350745731846,0.9296099129648154,0.1095096087569004,0.1527738198493898,0.4702889396101376,1.2689866027049026,0.9066892170142241
E2b_h0.03_e0.1_L2_alibi_learn_attn_s1,E2b,0.03,0.1,L2,1,0.12065564095973969,4.911578619419279,0.7924704837055396,1.009602662006344,1.137582664828306,0.7365217133649634,0.9158878504672897,0.948358279961889,0.5036291969388014,0.5447464272486517,0.9395818141183991,0.9906542056074766,0.8875458787766829,0.743187229078937,0.8028688013743097,0.8687594433138821,0.9439252336448598,0.7686805562571627,1.0659003865949577,1.242821263271347,0.6855176691395377,0.9065420560747663,0.7997488637521327,0.9917404899011848,1.1562415985236685,0.7278075466672187,0.8878504672897196,0.07266178540317243,3.083130279713672,-1.9999999999999996,0.2759992999718315,1.3668799807770522,-1.9999999999328266,0.07457180862637068,0.00012340980419407206,3.3502214748166566,0.7069233300211278,0.13355420659958667,0.1846516779544831,0.1573025082069368,1.296775707695844,0.8090243359839988
E2b_h0.03_e0.1_L2_alibi_learn_attn_s2,E2b,0.03,0.1,L2,2,0.130711168050766,4.744392660893878,0.7916718897075505,0.9941782322749717,1.0997552519301923,0.745075565916551,0.9433962264150944,0.9303831471768796,0.5747083483024598,0.6294210427590049,0.916497036104682,0.9905660377358491,0.8974200064073738,0.697624375115575,0.7556303368182514,0.8796522027726753,0.9433962264150944,0.7755002914221303,1.0320439766548999,1.2097184319650558,0.6915477302925693,0.9056603773584906,0.7909617854795743,0.995871161755911,1.1818209259964236,0.7056102222239136,0.8962264150943396,0.06523914849149613,2.8947817408280994,-1.999999999999981,0.25015670092200804,1.3208001076886897,-1.9999999999999982,0.0691279347928787,0.010684158288048985,3.012746705152323,0.7833375790437611,0.11346368623918339,0.1777383768492697,0.08085588857426819,1.1932199314207186,0.7947351337815824
E2b_h0.03_e0.3_L2_alibi_learn_attn_s0,E2b,0.03,0.3,L2,0,0.4335747957229614,1.4106999798712754,0.7113359379055302,0.6381366519690194,1.142926981104703,0.07401849948540684,0.9805825242718447,0.96618176311978,0.21842020530667117,0.23850917621788692,0.9596748933495229,0.9805825242718447,0.6986019603745628,0.6520599730338048,0.7507924508843699,0.6004187195378035,0.8155339805825242,0.5278646169131163,0.8161135799735131,0.9771124435027956,0.3232092288431708,0.7572815533980582,0.5695265137834777,0.779274623185412,0.932525271000426,0.383566035682677,0.7572815533980582,0.052392458990875676,1.2546528672766275,-1.999999999995029,0.16655302333279295,1.262286888047514,-1.9999999999760911,0.05830944470036898,0.0024224428858963558,1.2084127936740352,0.29341559480490415,0.09665972602040797,0.277745027479097,0.14012170035142502,0.8773965178208426,1.1453418231007568
E2b_h0.03_e0.3_L2_alibi_learn_attn_s1,E2b,0.03,0.3,L2,1,0.4028036594390869,1.3798013857292004,0.7241755107673824,0.6169141046055072,1.0693897363874159,0.17118911452145136,0.98,0.9631750663496655,0.2254131639459358,0.2865625034189739,0.9404855878425202,0.98,0.711836893744509,0.6305615380970816,0.7291846532400738,0.6146472499447105,0.84,0.5320805053841673,0.8035147584709524,0.956095359273756,0.33750005944390515,0.78,0.5647742279182889,0.7749355608199988,0.9377978159691642,0.3626149728993402,0.75,0.049418881032457306,1.7996478322196194,-0.494000302639436,6.175581453961066e-06,1.220724710422149,-1.9999993337115403,0.053762999189467676,0.007654676426155585,1.1804385602629828,0.2036858803891824,0.10810785486397402,0.3659135357240978,0.10462631199141703,1.3607533272037444,1.1429062819962021
E2b_h0.03_e0.3_L2_alibi_learn_attn_s2,E2b,0.03,0.3,L2,2,0.4434356987476349,1.5629581314188934,0.7068741794686597,0.676862899506461,1.203905519021759,0.07266325975395216,0.9807692307692307,0.9633079185479823,0.23947481509360322,0.28034644407436926,0.9497145015434331,0.9615384615384616,0.6741453293033062,0.7136506198597626,0.8189855974390027,0.5708538857636529,0.7980769230769231,0.4999740938082722,0.8840359472343089,1.0502785879436842,0.294232462073971,0.7307692307692307,0.5418402083348521,0.8462178040387883,1.0123744589045076,0.34425495831307884,0.7307692307692307,0.052465714421251204,1.2361877494811417,-1.9999999998823816,0.08134668951292676,1.2668412166248961,-1.999999929164035,0.05830133021988192,0.00012340992302637256,1.2882027694498261,0.2447235691868078,0.10495046502255247,0.3169288629766363,0.12392131779974629,1.1017363531480286,1.201780479489944
E2c_h0.01_e0.1_L2_alibi_learn_attn_cf0.2_s0,E2c,0.01,0.1,L2 enriched0.2,0,0.023733535781502724,2.556628958863127,0.8005429846524779,0.7140991398159519,0.8033360499819236,0.7475782291508067,0.9191919191919192,0.9209860778292132,0.4494544265831532,0.6290962976563667,0.8452015689046508,0.9797979797979798,0.8482712214948076,0.6228275756734797,0.8744617844229148,0.7009016854928589,0.9191919191919192,0.7577040126991752,0.7870584080928309,0.9978861900754713,0.6105117854934499,0.9090909090909091,0.7511125593957415,0.7976921951142394,1.0173487545586977,0.5951706309145567,0.9191919191919192,0.035629153748827434,2.2677653236936917,-1.9999999999999956,0.8773391537366482,1.0953777855049678,-1.999999999999991,0.04336262604955592,0.03831182943919073,1.1471479434116503,1.1622799132744055,0.03930412780429505,0.15469603284103253,0.22805783231486162,0.7607280474774005,0.6587556231860561
E2c_h0.01_e0.1_L2_alibi_learn_attn_cf0.2_s1,E2c,0.01,0.1,L2 enriched0.2,1,0.023588670417666435,2.7163772629115854,0.8061513861834559,0.7256486525986174,0.8042251254341494,0.761896824417417,0.9292929292929293,0.9203005856841103,0.46528881021904334,0.6243220750613128,0.8565081298791779,0.9797979797979798,0.8641178481940903,0.6075419225050016,0.8481840936932808,0.7351559863878494,0.9393939393939394,0.7771393456459981,0.7780575905964859,0.9834839194400709,0.6439225754818556,0.898989898989899,0.7725488741401421,0.7860299400845744,0.9991538489053999,0.6324853593007826,0.9393939393939394,0.036596778978073834,2.4189802830033704,-1.9999999999999993,0.9468599688704825,1.097590608770506,-1.999999999999999,0.04374454587223691,0.035840614359216844,1.1972330268615072,1.1934314306441622,0.04017853009228862,0.14561067083192805,0.15653050092454138,0.7570884576336631,0.6813990147910925
E2c_h0.01_e0.1_L2_alibi_learn_attn_cf0.2_s2,E2c,0.01,0.1,L2 enriched0.2,2,0.023098232224583626,2.837055993040979,0.8029974542825401,0.7476009985092644,0.8295746747566309,0.7574266624678389,0.9306930693069307,0.9183357139143029,0.4813378774383331,0.6517707933628849,0.8502654977121037,0.9702970297029703,0.8595391127650248,0.6312649221347877,0.8903407047371104,0.7205883237919146,0.9207920792079208,0.7722833744216877,0.8037691318482065,1.020133889645774,0.6331855432686258,0.900990099009901,0.7653117963077372,0.8159801313642119,1.0398855146505253,0.618843658273766,0.9108910891089109,0.036095499811501175,2.447256508913355,-1.9999999999999996,0.9296807372012588,1.0961272671661166,-1.999999999992644,0.043618427995830246,0.04090942072346376,1.2123243239084214,1.290549586335372,0.03976254270834599,0.14611677123507175,0.09438497018617031,0.7747927891702072,0.6950070232837976
E2c_h0.01_e0.1_L3_alibi_learn_attn_cf0.2_s0,E2c,0.01,0.1,L3 enriched0.2,0,0.049588389694690704,3.6865510448851455,0.9264714808594263,0.5206406045119217,0.5655703570618064,0.913233310784936,0.9711538461538461,0.967404405655091,0.34664870170083806,0.47144058562021746,0.9397116103740649,0.9903846153846154,0.8285783637913808,0.7949557296358121,1.0122381661559208,0.722063768398296,0.9038461538461539,0.7665389699160525,0.9277208655602928,1.1272031895093753,0.65534533091493,0.875,0.7907259614358757,0.8783504002025084,1.084313230798471,0.681074487191524,0.9230769230769231,0.04434746639001024,4.663122417302327,-1.9999999999999998,3.1501286641301793,1.0726142018402607,-1.9999999999997946,0.04903634801536714,0.0046966144711009135,1.1438570569429283,1.2359769708586898,0.02762374783464434,0.10606366793299779,0.6716084351227076,0.7958576926748779,0.8509897102798238
E2c_h0.01_e0.1_L3_alibi_learn_attn_cf0.2_s1,E2c,0.01,0.1,L3 enriched0.2,1,0.051309939473867416,3.8500938729414385,0.9174900071137154,0.5636232944688554,0.5940264545336563,0.9083483571229815,0.9509803921568627,0.9619749864303775,0.3826223618176527,0.4855227748015233,0.938772307213675,0.9803921568627451,0.8541794025184326,0.7492816485891286,0.9552960330338547,0.7629692831273727,0.9313725490196079,0.8001965926541663,0.877075751811106,1.0662078420410863,0.7047346896086444,0.9117647058823529,0.8162725576377305,0.8410516631754408,1.0379827606692564,0.7201605345213465,0.9215686274509803,0.04447128153468211,5.066493567242363,-1.9999999999999998,3.4244528539594152,1.0664656835087685,-1.9999999999999964,0.047522139559136665,0.021271003871956472,1.1321498739528613,1.5798189185922882,0.027699973274938963,0.09611327773774636,0.6217435334929436,0.7786100287446333,0.8654350621039097
E2c_h0.01_e0.1_L3_alibi_learn_attn_cf0.2_s2,E2c,0.01,0.1,L3 enriched0.2,2,0.044708725064992905,3.8606387661039867,0.9340784438665203,0.5044792514373726,0.5336099336776725,0.9262454794218319,0.9705882352941176,0.9708207536496494,0.33563451792963983,0.4418922428005395,0.9494206098841128,0.9803921568627451,0.8458886569457622,0.7713418342677525,0.9699685080242296,0.7562996790015115,0.9215686274509803,0.7917424522767359,0.896664464598762,1.0839745514323635,0.6956460059228071,0.9117647058823529,0.8155235595530897,0.8439175892361855,1.037813180220881,0.7210160643630732,0.9411764705882353,0.04688415741865739,5.551283880732241,-1.9999999999999998,3.9125518766844087,1.0725809533574455,-1.9999999999998392,0.05008111371700594,0.01098540835612619,1.1364779534041074,1.424134139298679,0.0255325403419204,0.0946711114456459,0.605985323190794,0.7804857369410002,0.8744186542602226
E2c_h0.03_e0.2_L2_alibi_learn_attn_cf0.2_s0,E2c,0.03,0.2,L2 enriched0.2,0,0.05756276100873947,1.772837910122569,0.7919382617823115,0.6073382394994702,0.6964841767292517,0.7263764466765686,0.9,0.9260411786627922,0.36210081780435677,0.5327456403681786,0.8399075765975252,0.98,0.8159054036454878,0.5712879129353179,0.6683325628360036,0.7480489265281678,0.87,0.6453142459078878,0.7929693254060385,0.9474220652977297,0.493688303545496,0.8,0.6502161881272226,0.7874706356653818,0.967104578600326,0.47243272461098795,0.82,0.04535044485867894,2.674411705093002,-0.012110116711155687,6.144212353328221e-06,1.1807999587848472,-0.28370139848258585,0.05035095364390964,0.00012340980489319246,1.3478452364910662,0.22997983890894338,0.0907421057760336,0.3184593743882914,0.15208696119340467,1.1596339076803008,0.7588072174881315
E2c_h0.03_e0.2_L2_alibi_learn_attn_cf0.2_s1,E2c,0.03,0.2,L2 enriched0.2,1,0.059070516377687454,1.7516875479147476,0.7896614036188501,0.6069987645182866,0.7026786924861718,0.7181247617693824,0.8910891089108911,0.927242444110292,0.35699930625802734,0.5199210476488044,0.8456814423839323,1.0,0.8169738321535727,0.5662196209591658,0.6585011372069414,0.7524537134382033,0.8712871287128713,0.6466697772940881,0.7867173262461495,0.9397522469540486,0.49583800678009715,0.801980198019802,0.6531877216554448,0.7794271931618121,0.9553719939245844,0.47893923898586854,0.8118811881188119,0.04636668705718813,2.656810349639611,-0.020472257951716914,6.144212353328221e-06,1.1890925686846368,-0.3486368002130373,0.05133484295082144,0.0001234098042499113,1.365453035517874,0.23137587933898393,0.09197602137416382,0.3121933315450115,0.1568606181663453,1.1174577238568355,0.7531822076293123
E2c_h0.03_e0.2_L2_alibi_learn_attn_cf0.2_s2,E2c,0.03,0.2,L2 enriched0.2,2,0.05937179550528526,1.7460972779270527,0.7860261195136036,0.6112439858720782,0.706880590688852,0.7138302797849642,0.9108910891089109,0.9240274665861373,0.3642189366180288,0.5202585404014539,0.8449863290652475,0.9900990099009901,0.8251106932061574,0.5526063178532054,0.6394706764036705,0.7658075806259567,0.8910891089108911,0.6583804181174135,0.7723347862240585,0.9204987233765732,0.5147361430264483,0.8316831683168316,0.6623368273114594,0.7678494296980841,0.9387961575778035,0.4952525059032432,0.801980198019802,0.046862897573815204,2.6183652721387793,-0.06001282303805769,6.144212353328232e-06,1.1926553091412904,-0.3010863676778082,0.052016244614233244,0.00012340987335911435,1.3902902439902198,0.23186368706511468,0.09355995246182854,0.3070873375580024,0.0868024377785205,1.0862638876752337,0.7502465061256255
E2c_h0.03_e0.2_L3_alibi_learn_attn_cf0.2_s0,E2c,0.03,0.2,L3 enriched0.2,0,0.05032334476709366,2.0393609477546213,0.9195777541813146,0.4049814655676841,0.4407532729987793,0.904742979474514,0.9489795918367347,0.9585612895008423,0.2907034363699398,0.37950934619331356,0.9293762371949638,0.9897959183673469,0.7500884791746678,0.7139046126515419,0.8899890563830443,0.6116035656396781,0.8673469387755102,0.6074920589254916,0.8946873010783848,1.0895749245210071,0.41786983934743827,0.8061224489795918,0.6098072714742431,0.8920447369124764,1.096418714403975,0.4105339721157062,0.8367346938775511,0.03905395499179203,1.5354791250862567,-1.9999999999999982,0.2347654691201884,1.1464905777420638,-1.9999999999986726,0.04887345032121197,0.0001234098040869904,1.2031518659479898,0.4347361285301856,0.054816293613469055,0.22973937499411337,0.19970193632600855,0.8902322571434894,0.8769857823169309
E2c_h0.03_e0.2_L3_alibi_learn_attn_cf0.2_s1,E2c,0.03,0.2,L3 enriched0.2,1,0.04799879714846611,2.062639656709627,0.9315558305620594,0.37573349352067265,0.4112171154107133,0.9180179070752186,0.9587628865979382,0.9642539765703416,0.2715348329325078,0.3537431165991807,0.9393329842494551,0.9896907216494846,0.7510368398751258,0.7166039960349889,0.8968001104841603,0.6100867955543131,0.865979381443299,0.6106199754407268,0.8961867440363785,1.0935567256629724,0.42022528833252604,0.8144329896907216,0.6188341830671453,0.8866835567370289,1.0902998735831209,0.42367353867727997,0.845360824742268,0.03971934778964939,1.6285910494923117,-1.9999999999996125,0.35157454222178275,1.1529336537365658,-1.999999999999992,0.04890447782284693,0.00012340980408802226,1.1727578350929004,0.4858545636704293,0.05241796432660567,0.2157667741222818,0.21773005180736027,0.8542289320600912,0.8877024140508062
E2c_h0.03_e0.2_L3_alibi_learn_attn_cf0.2_s2,E2c,0.03,0.2,L3 enriched0.2,2,0.048986148089170456,2.0276333989555377,0.9237923274766985,0.39309187483960073,0.44019191310466693,0.9044359199929535,0.9583333333333334,0.961048997443407,0.28103087678500827,0.3428152795158038,0.9420396626283449,0.9895833333333334,0.7578645095924733,0.700686811223659,0.8725096627247741,0.6245509114516256,0.875,0.6190441107757477,0.8788850234927774,1.0688597349389022,0.4365543921489172,0.8229166666666666,0.6248713919780129,0.8721371993723701,1.069973999713913,0.4353790183898557,0.84375,0.039471360308873826,1.597977950326398,-1.9999999999148623,0.3178841790405125,1.1475547327705515,-1.9999999999999976,0.04870257848394946,0.00012340980408755795,1.1769742665680352,0.47209882952253557,0.05432704501756319,0.21806206172401787,0.15854791742953012,0.849839373360112,0.8764621556516341
E2u_h0.0_e0.2_L2_alibi_learn_attn_uniform_s0,E2u,0.0,0.2,L2 uniform-typo,0,0.01361036580055952,10.204155461868927,0.9283072865220244,0.855314909148957,0.8556409390971889,0.9282526202785792,0.978494623655914,0.9350796888048052,0.8139145827841379,0.8142575861748541,0.9350249592804747,0.978494623655914,0.987670158782886,0.35470497120788996,0.3540693085003283,0.9877143115184429,1.0,0.9877288925348415,0.35385913618808407,0.3550949297739663,0.9876430333090903,1.0,0.8958637969535806,1.0308355858692557,1.0329308489644666,0.8954400349221023,0.978494623655914,0.0001234098060713948,10.26099724776118,0.4639232343369196,6.6908467322970986e-06,0.00012340980408853,0.44115815426341204,0.00019224765398372695,0.09710515901086464,0.9730036652703992,4.263866899723433,0.0,0.4999999999137994,0.04068428475073044,0.8918789448681563,0.6567561363194635
E2u_h0.0_e0.2_L2_alibi_learn_attn_uniform_s1,E2u,0.0,0.2,L2 uniform-typo,1,0.009367001242935658,9.610118351206141,0.9228228160046262,0.8612095402446227,0.8615576443746792,0.9227604127802147,1.0,0.929114521580653,0.8253592169424134,0.8257224127253815,0.9290521221529543,1.0,0.9912768840345482,0.28953441387732737,0.2899454314230554,0.9912521001166911,1.0,0.9912671093487767,0.28969658732266396,0.29071289923433297,0.9912057285152347,1.0,0.8925249755093568,1.0162911517640303,1.0201884802181427,0.891699092858812,0.9230769230769231,0.00012340980408829914,6.060482375852889,-0.5285055437052448,6.144212353334224e-06,0.0001234101158040502,-0.34465519234007475,0.0002780258375862462,0.10218463823492115,0.9278948563317386,4.5904060988294555,0.0,0.49999999997680455,-0.014061681660845142,0.8627642389393805,0.6354673712642279
E2u_h0.0_e0.2_L2_alibi_learn_attn_uniform_s2,E2u,0.0,0.2,L2 uniform-typo,2,0.009898489341139793,9.487913389764456,0.9229758350079583,0.8548675958085082,0.8552794161506331,0.9229016065344661,1.0,0.9293105859634977,0.8189597291390669,0.8193897041776824,0.9292363389365785,1.0,0.9913090101078831,0.2871573773520772,0.2877698046027854,0.9912718996222645,1.0,0.9913007858234743,0.28729321374840544,0.28851817639777094,0.9912264441408479,1.0,0.8922368799111472,1.0111612878338558,1.0157036573876348,0.8912665116922796,0.9239130434782609,0.00012340980425194062,6.0071866792481865,-0.534707410181439,6.144212353921381e-06,0.00012340980828358467,-0.34641759256915144,0.00026185511829732275,0.10071001432127623,0.9209530109243083,4.488953855983717,0.0,0.49999999997687516,-0.026470738212888343,0.8573515349267823,0.6314664007367574
