kind,seed,var,kappa,lam_min,lam_max,r2_bayes_free,h_eff,eps_eff,r2_counter,r2_counter2
single,0,0.29455552124510953,0.0,0.032615826903156564,0.032615826903156564,0.6588542664898012,0.06840986677625566,0.1661311158977889,0.9683038606459622,0.9692894147246917
single,3,0.2233775005052499,0.2368105065960997,0.33488632343627656,0.33488632343627656,0.879493391304487,0.4036026165343668,0.048175005966342166,0.9513286991910811,0.9521327982763585
single,4,3.2720640025828707,0.0,0.09399447918485473,0.09399447918485473,0.7812240796696686,0.17374755269952616,0.1574126580922422,0.99718700210178,0.9972794764202699
single,5,0.20548661833409687,0.0,0.3448133143881452,0.3448133143881452,0.9287394380655936,0.4211611570891181,0.05766894920868739,0.9616512301834401,0.962065866454382
single,6,1.1472097815426192,0.0,0.04500651186551954,0.04500651186551954,0.7332166826991149,0.08717003615872708,0.16203304817217504,0.9918389361954116,0.99208876350188
single,7,0.14344365343766366,0.0,0.5098924727988706,0.5098924727988706,0.9352687645970041,0.5184189482158925,0.06032404608177475,0.948020622269629,0.948756471564151
single,8,0.4792596968428815,0.9872768433379255,0.04041433205917691,0.04041433205917691,0.6164836595363891,0.09586164643517148,0.23344894356337728,0.9781681430945625,0.9783073112341468
single,9,1.3839762276446501,0.0,0.03514301021217435,0.03514301021217435,0.7092197513673182,0.06847767708915914,0.14759683359394057,0.9928186326377031,0.992937992680116
single,10,3.8421789655285017,0.0,0.02484489543367391,0.02484489543367391,0.6176413633544433,0.05262346470863321,0.1625814319179136,0.9981412431249062,0.998202999877051
single,11,0.08070718874110325,0.49927786244011496,0.13954217939475513,0.13954217939475513,0.7555003774554577,0.2654689911595362,0.13364229697163446,0.8984842577216765,0.899790837431616
single,12,0.15284225346523098,0.9467529428594246,0.022924175686644316,0.022924175686644316,0.5487001350427969,0.04832456327995106,0.17966676073852247,0.9494572046851024,0.9502894107157375
single,13,0.22628760203583706,0.0,0.4243435956368482,0.4243435956368482,0.9536489896859819,0.4409187884997164,0.042540333587140926,0.9619474822230588,0.9641742619142796
single,14,1.080253106281346,0.0,0.04863108817372615,0.04863108817372615,0.7935915975308996,0.09047917488067403,0.1392000166179968,0.9919771610636787,0.9923230042367468
single,15,0.1512584889201161,0.0,0.35692204760573276,0.35692204760573276,0.8810302818274319,0.44106137253395417,0.07158523673168644,0.9288023444709161,0.9311225838746854
single,16,0.3196061831054638,0.0,0.06603054323470271,0.06603054323470271,0.7327561399106568,0.127412038641125,0.15069860683713665,0.9682695849095289,0.9696317027547345
single,17,2.0243810491254304,0.0,0.020246328449195602,0.020246328449195602,0.5737491218132835,0.0470132092461511,0.14950824101758603,0.9947428535336429,0.994816989341236
single,18,0.055107600938960784,0.7174146792882161,0.03423198346495725,0.03423198346495725,0.5786691367257415,0.0695702219513058,0.18035203845311165,0.8431094544952098,0.846695450376665
single,19,0.10562509687232945,0.9258693448167037,0.03320467483862304,0.03320467483862304,0.6024994222064184,0.07214804311773883,0.1801902131526344,0.8987798050582851,0.8997226634802429
single,20,1.0861675493109053,0.46114670980294215,0.017046825996355285,0.017046825996355285,0.527577066273301,0.04247028998001196,0.1342467318615765,0.9881477764224045,0.9886248928519001
single,21,1.3216066112262423,0.0,0.14222679239835398,0.14222679239835398,0.8224435970416686,0.2554322646237533,0.12447278692730297,0.9939584320730511,0.9941048487232322
single,22,1.8903330432471626,0.1992953793750829,0.014741258209792388,0.014741258209792388,0.5163922156264951,0.04016983417570069,0.1300089791361948,0.9942838886184471,0.9943274640188404
single,23,0.18799709081639684,0.0,0.1662465790053761,0.1662465790053761,0.8304119622294819,0.26289370492607406,0.07837153527011047,0.9404839915519067,0.944380157745636
single,24,0.4281983126810623,0.40517731563914383,0.12410171669084999,0.12410171669084999,0.8407916872034354,0.21003172029965286,0.1197306291212314,0.9746290543376315,0.9747665836141265
single,25,1.2741756883381772,0.000312035171003644,0.025834875257564772,0.025834875257564772,0.638190755335077,0.05341618018573751,0.16228480751322844,0.9931439475850367,0.9935879561079694
single,26,1.3945080076252445,0.23439952394791652,0.01344818415813388,0.01344818415813388,0.48567489388511065,0.03637287612838759,0.12291672560308547,0.9927147652590763,0.9927862149119624
single,27,0.4372531175304878,0.0,0.039556403584244955,0.039556403584244955,0.6771294906761655,0.0818494497232795,0.16384000744173052,0.978633083617382,0.9796132311323331
single,28,0.21788105579619726,0.0,0.48309319560072567,0.48309319560072567,0.9319363143474138,0.43667081133580543,0.022577529356606767,0.9538458091130091,0.9546579847314425
single,29,0.3132405565954236,0.5063222985714494,0.09730812014724155,0.09730812014724155,0.7454820293394138,0.1791103008785025,0.16588459073202216,0.9626890784379937,0.9643654921049305
single,30,0.9146656172407656,0.42910699866581115,0.014983175064361533,0.014983175064361533,0.503206657067201,0.040009343141512665,0.1382315640737571,0.9894703514873064,0.9897193059823457
single,31,2.378950315388322,0.0,0.01345233963195095,0.01345233963195095,0.4966931184360375,0.037983720366404676,0.11839457244774487,0.9970788806491826,0.9971740203326965
single,32,0.3350144668440344,0.5722294954720839,0.05220629781121655,0.05220629781121655,0.7036941260346988,0.11032397341771559,0.165072536183152,0.9746059926890587,0.9750149666895788
single,34,0.7848274823953763,0.8721769142705423,0.02897080795732493,0.02897080795732493,0.6207367866492569,0.06249007418343945,0.1812043577082331,0.9908940352760736,0.9911046017252693
single,35,0.09644544477223752,0.4584955561033529,0.6017307084192435,0.6017307084192435,0.8779442559574403,0.5602080036000345,0.07079954132076122,0.8929285640164648,0.8962011923441037
single,37,0.05361274893443874,0.0,0.18164151572879225,0.18164151572879225,0.8061855445584132,0.3276469288346698,0.1215066737407062,0.8282530199114957,0.8311253254681115
single,39,0.2727333686604035,0.0,0.10626831910127033,0.10626831910127033,0.7776492100491971,0.18266319838572187,0.13408224785767048,0.9715101122525824,0.9719543267607847
single,40,1.2679573127490826,0.0,0.20875219999656355,0.20875219999656355,0.8653945385117454,0.32064792730471275,0.08608704300973075,0.9933346756024906,0.9933979426037921
single,42,1.9056987652875101,0.0,0.06842663198615488,0.06842663198615488,0.823767690872778,0.12797811795017602,0.14371713515835538,0.9969188690629013,0.9972031014159879
single,43,0.1323401720974477,0.0,0.012114580499378521,0.012114580499378521,0.4451751138008484,0.03170979402154944,0.11037070097268523,0.9198504855337781,0.9225952231226469
single,44,3.2104661628338005,0.258113074772773,0.05918589360977537,0.05918589360977537,0.7433546727774034,0.11275603960447245,0.16458754752260196,0.9971325408694358,0.9972210384539357
single,45,0.696321363842338,0.0,0.1013365714492838,0.1013365714492838,0.8876505516048977,0.17561417878998442,0.11453322612238039,0.9868739531013613,0.9873491487760249
single,46,0.6861853444539142,0.0,0.014027153091805506,0.014027153091805506,0.4985187355050096,0.03914092913968426,0.11359686415405204,0.9865512040233063,0.9868740244753026
single,47,0.2970196321620066,0.0,0.2718313734063991,0.2718313734063991,0.8698105737768521,0.392141309783849,0.07712231178791087,0.9757100916374183,0.9758898786940626
single,48,0.6080653016929833,0.59577349002934,0.09501860992191002,0.09501860992191002,0.8051308411502354,0.1752041641415114,0.14404752662059284,0.9850806694572601,0.9854037259864593
single,49,0.7808582912097563,0.5932172601697323,0.055707866194911665,0.055707866194911665,0.7528881429256796,0.10953588289679615,0.1719514376373682,0.9885765578887549,0.9888963457498535
single,51,0.8160593053718969,0.0,0.038415981983725554,0.038415981983725554,0.6721688708595143,0.07515148056466107,0.18044782793309247,0.9852436842748107,0.9854011991698265
single,52,1.0154461862468736,0.0,0.12382385293059672,0.12382385293059672,0.8185391894511318,0.21683097338967483,0.13367594675171907,0.9917952836474436,0.992242419937541
single,53,1.8482015504537939,0.7189106537677009,0.04267414631231718,0.04267414631231718,0.697213073921243,0.08441360474983635,0.17680600474899413,0.9937405317861023,0.9937814438572738
single,54,1.119076793649556,0.5185799708829537,0.014177141579108826,0.014177141579108826,0.49573700581162716,0.04022134738491431,0.12751835969863556,0.9919592882949955,0.9922102167591744
single,56,3.303345376718386,0.0,0.01076880658935175,0.01076880658935175,0.4506189487542782,0.032155802865152995,0.09950091040138163,0.9972005231076998,0.9972193381287628
single,57,2.785801227854904,0.0,0.07784663016285678,0.07784663016285678,0.7734555831050782,0.15242565547206077,0.16052257061446618,0.9975199281193081,0.9976003103562459
single,58,0.14052876633715813,0.8798336092307709,0.029015155908631286,0.029015155908631286,0.511487530601796,0.0715286842518779,0.19130628710959416,0.9354115147106713,0.9362643321335918
single,60,2.4305466872288086,0.027146391895004562,0.012709801649764329,0.012709801649764329,0.4900423335544182,0.03381126652288736,0.10754572886497489,0.9960367430195999,0.9961560858243345
single,61,0.27619764104608413,0.7719356181922665,0.18934145934565547,0.18934145934565547,0.8589587335283553,0.3139454925135047,0.10992962878497901,0.9696592622000116,0.9704668165657274
single,62,0.5794887744711339,0.0,0.2648987368561368,0.2648987368561368,0.9188329197405589,0.3655491646838083,0.07591854965608406,0.9855517174329557,0.9860424638032517
single,64,0.2090481907080557,0.0,0.09907461834329025,0.09907461834329025,0.7797056913043006,0.1787950190015654,0.1408855716091469,0.9569681711968553,0.9580233877250642
single,65,0.11538775111519471,0.5182221775395868,0.05168798220210758,0.05168798220210758,0.6972739909231833,0.11879300494814435,0.15641537495724234,0.9002463072259139,0.9013890480522112
single,66,0.05250892312729582,0.0,0.20820696240456055,0.20820696240456055,0.7607674802646396,0.30265779586445174,0.08986535069325884,0.810035234216216,0.8119829510397902
single,67,0.38380014635433884,0.12693830220007574,0.0950954581508513,0.0950954581508513,0.8200767436716111,0.18505884605532236,0.1393866689883434,0.9783555860100459,0.9784947762372692
single,69,1.2042185009073816,0.0,0.10061131701193712,0.10061131701193712,0.8851034734426422,0.18054391989513682,0.12998016436007273,0.9937658234540759,0.9939572993447545
single,70,1.2594405459068894,0.7238058509120044,0.041035079646135,0.041035079646135,0.6867559445432463,0.09096876023906386,0.17645911269467704,0.9932346966222245,0.993333699233699
single,71,0.22476077246165943,0.5275388356464258,0.2806893276238245,0.2806893276238245,0.909345345600779,0.3790265889320158,0.06141038058644815,0.9738485340788077,0.9745030137898751
single,72,0.65942860290579,0.0,0.01029682564943818,0.01029682564943818,0.4355630135772124,0.034784761752751615,0.10110646800674518,0.9884289355182599,0.9886551320689058
single,73,3.6195238175798434,0.3033675378614302,0.03244207733586462,0.03244207733586462,0.6580409048428753,0.06525840572064423,0.1725004140564115,0.9973065836128575,0.9973244359591762
single,74,1.0309652375834075,0.0,0.09794422322954681,0.09794422322954681,0.8616926528226695,0.18043290057370873,0.1347342104506864,0.989579076782364,0.989843638164848
single,75,0.08138403588234637,0.15312904682995265,0.18370813364964023,0.18370813364964023,0.8682774921439405,0.2539096259497625,0.09104300540681579,0.9028040675023502,0.9049218877507704
single,77,0.4281498378687662,0.0,0.11192570283180737,0.11192570283180737,0.8101510228818557,0.19448143783988134,0.1344624224085976,0.9760076417762432,0.9771354485957656
single,78,0.6670492087448023,0.9151353037895024,0.09683277141775024,0.09683277141775024,0.7768447802618124,0.17840855091917562,0.15281895640392487,0.9877710929162407,0.9879456530361083
single,79,4.086078213131129,0.0,0.01368687389452825,0.01368687389452825,0.4995321416011248,0.03926714931410216,0.1323935191466442,0.9977613322216741,0.9977766693938106
single,80,0.21371388310493084,0.0,0.010840582722620805,0.010840582722620805,0.42303799917295104,0.03755281144971185,0.09433046401802714,0.9531779741113052,0.9537881170290009
single,83,0.3537351049612648,0.04460485967624517,0.15747841194434306,0.15747841194434306,0.8423034135324732,0.2842788212696313,0.11701225233146262,0.9727271057023485,0.9732380104459228
single,85,0.25047868195237494,0.4717689954978974,0.07602401477274996,0.07602401477274996,0.7995288172322579,0.1733534165396603,0.15869128234398025,0.9539100261427855,0.9558119677894832
single,86,2.305598850247886,0.0,0.021563284110038633,0.021563284110038633,0.6012656516743503,0.0499563349034286,0.1521953905674314,0.9955389636341408,0.995619723999697
single,87,0.05067412416558067,0.0,0.30984594370178303,0.30984594370178303,0.8214823635920403,0.3901404565227916,0.06794574494671939,0.8365676388198181,0.8390484723379095
single,88,0.15770756982735137,0.703187554594811,0.20431278070504616,0.20431278070504616,0.8814391652399269,0.2991961007642118,0.08383058531005488,0.9528696628103929,0.9547823208302235
single,89,0.5084134915405292,0.0,0.29191935874501734,0.29191935874501734,0.9062601510864513,0.3660423219238804,0.05485823878043188,0.9859113581844147,0.9865730092135052
single,90,0.23597477135239586,0.6818971075342127,0.09700698462792225,0.09700698462792225,0.8119413732184428,0.20259236324888213,0.16227779965086772,0.9584447317875122,0.9587939030760394
single,92,1.0350802083593684,0.0,0.013942893650006305,0.013942893650006305,0.5004071431300339,0.040009206079110377,0.1182820247614365,0.9911527655570711,0.9915094326209745
single,93,0.8124335961970737,0.0,0.10807292056080664,0.10807292056080664,0.8211059654367379,0.18922497247552006,0.12726384434460647,0.9911132129050434,0.9912614933727791
single,96,0.2764010430776963,0.0,0.24926307910974493,0.24926307910974493,0.9379736439831344,0.3599885040290851,0.08705040629826474,0.9662004367044876,0.9673404812111311
single,97,0.30982194489775,0.0,0.06648553998087893,0.06648553998087893,0.8127734376891677,0.11617949986288509,0.11474707490996966,0.9650779124854648,0.9652713211679674
single,99,0.12636331825031497,0.0,0.11896527865223701,0.11896527865223701,0.8815645019654592,0.1735595393178581,0.09425826561176869,0.9371078769638592,0.9451750707963847
single,100,0.4601276064294343,0.0,0.1365513491574755,0.1365513491574755,0.8104934106463614,0.22724549704227995,0.12785022700497475,0.9818520640170241,0.9823023750170076
single,101,2.579442818644298,0.0,0.04830705586538951,0.04830705586538951,0.744992288250435,0.09120015303045254,0.15869183303899992,0.9955146343270272,0.9956496827139469
single,103,1.6148212028761635,0.22431822262604761,0.02220142707063059,0.02220142707063059,0.5938454230752872,0.04915825511596705,0.14545218366892748,0.9940876066989862,0.9941828163301469
single,104,0.20345961969395968,0.0,0.20759658794092237,0.20759658794092237,0.8447176011785924,0.30732574183054895,0.08152171838501132,0.9549039688791869,0.9573306167584874
single,106,0.3868273670777022,0.0,0.011936723290488714,0.011936723290488714,0.4481463434128409,0.038440729477268086,0.1140220393622074,0.9775960306427829,0.977888337016495
single,107,0.6935344850840474,0.0,0.08111185490628957,0.08111185490628957,0.8541804456291205,0.14986353062068028,0.1399999138281156,0.98528386275498,0.9858914606985213
single,108,0.16907512168023991,0.0,0.15968955733595294,0.15968955733595294,0.820846637900416,0.24873812380094093,0.07909754385095717,0.9257766355823581,0.9269176942046025
single,109,0.21059558157683142,0.0,0.39927925726536545,0.39927925726536545,0.9454198409780922,0.4170856604238189,0.04033699203963916,0.9620156405523722,0.9648943095910075
single,110,1.6030266776928157,0.0,0.09445288124378183,0.09445288124378183,0.8201173148262154,0.1742543814192112,0.14226537239675527,0.9935068509982556,0.9937749047051769
single,111,0.6658330753425712,0.16930330095896762,0.09181119089032255,0.09181119089032255,0.8573934576133605,0.17077611087124206,0.1253368948790861,0.9846135210378385,0.9857264871922298
single,113,1.8374648550111543,0.15086894988975474,0.018858040105173703,0.018858040105173703,0.5647370233583969,0.04709934876945898,0.14894308099841932,0.9943767203555347,0.9945300447296205
single,114,1.1442918536269242,0.0,0.018644107242482607,0.018644107242482607,0.5795872350732665,0.043719286295188585,0.14224969108430477,0.9921869589267238,0.9922386282974567
single,115,0.24129150793771467,0.0,0.14090055019370773,0.14090055019370773,0.907748771430088,0.21129425840070967,0.08984490791880984,0.9686937931225086,0.9697108354641092
single,117,2.248147659889186,0.0,0.01997384719246515,0.01997384719246515,0.5838639081920776,0.04666307180348358,0.15054358075543792,0.996706511658205,0.9967304349323648
single,119,0.8194263433966904,0.0,0.2473292160448022,0.2473292160448022,0.8962774948736468,0.3548824450522683,0.07699891064969809,0.9891455057761934,0.9894243459235272
single,120,0.613621298557419,0.0,0.012841308336399425,0.012841308336399425,0.4987478844067901,0.03757197889921189,0.11280492002612098,0.985920552985738,0.9863221659243959
single,121,3.115658233183672,0.0,0.0368922561183843,0.0368922561183843,0.7032660860901722,0.07386860812554874,0.16346365316651415,0.9969028958332136,0.9969741524553926
single,122,1.291066731869515,0.0,0.021588788814110003,0.021588788814110003,0.5855713259154315,0.048958014886490174,0.15860482742453455,0.9926202090682418,0.9927406388790161
single,123,0.6411543198271398,0.0,0.012659782429320506,0.012659782429320506,0.47578836325754226,0.034853853498335176,0.11638665577419977,0.9860480004360255,0.9862655973691834
single,124,0.10334202638774534,0.0,0.3130120627020118,0.3130120627020118,0.9000702559596949,0.4552986120350928,0.1167757100134093,0.9275267663867766,0.9288546894581865
single,125,0.918368838993168,0.0,0.08698819601444739,0.08698819601444739,0.7573261838590323,0.16406026554155925,0.16098654781146646,0.9914554112732962,0.9916447253274109
single,126,1.2931082351615488,0.94175810741565,0.013361253908082153,0.013361253908082153,0.4722093876829211,0.040185617374737685,0.11213172940522649,0.9901962569702694,0.9904735857412995
single,127,3.3801048541356344,0.20963279008984947,0.03712416083782562,0.03712416083782562,0.6874411933572779,0.07728236010358339,0.17131155864864633,0.9973517385487741,0.997368645389238
single,128,1.0047931974905366,0.0,0.0791552474255066,0.0791552474255066,0.7872201485344407,0.14905513762821235,0.1412900376278982,0.9904885592959032,0.9909272347309491
single,130,0.7719642676781169,0.07803383804171604,0.03821503209441358,0.03821503209441358,0.7117212881395214,0.07683028104488648,0.14690726672578586,0.9889160193950011,0.9893643576780989
single,131,0.9061901049225158,0.0,0.13932866721011142,0.13932866721011142,0.8267226741085776,0.24737258050903105,0.12002451393794449,0.9899175844575943,0.990015104588362
single,133,0.572893827561508,0.0,0.09435671431286825,0.09435671431286825,0.829679015250192,0.17887936907220162,0.14163889714488645,0.9799474931772555,0.9805157761365387
single,134,0.560600002569953,0.0,0.09112921941256062,0.09112921941256062,0.864922298087698,0.16516091541017014,0.1320252839646836,0.9801937269481782,0.9809111503095228
single,135,1.0994434598091445,0.0,0.03422083558158458,0.03422083558158458,0.7304471840368691,0.06396487378389207,0.12631426538572513,0.9902572606227681,0.9905322284139618
single,136,0.6542870373224252,0.07022444289631158,0.01665994575795374,0.01665994575795374,0.5566924753308966,0.042444149889550295,0.12741531316660135,0.9866084173729602,0.9867631602184782
single,137,1.2135175147245911,0.0,0.033376193315213465,0.033376193315213465,0.6822810080818391,0.07057002061395176,0.16255016426188404,0.9909715932181234,0.9911524557474174
single,139,0.08468866775807116,0.5780713152525765,0.018618327331141833,0.018618327331141833,0.44375122189952265,0.04166593278751518,0.15672939046563317,0.9117846765317605,0.9125694282015258
single,140,1.1899175059744198,0.0,0.1522258470535464,0.1522258470535464,0.8342644853375096,0.27073057409445456,0.12093469632889906,0.9909423124644849,0.9915066144604793
single,142,0.4571189107231226,0.10749114247229175,0.17095461052758898,0.17095461052758898,0.9252027001193428,0.25522991028758873,0.09801859275805053,0.9732598923377237,0.9744868481152859
single,143,0.2994161666517118,0.9767921005083531,0.09168636350024811,0.09168636350024811,0.7056136249781941,0.19365689686574591,0.17248984932579303,0.9600510629677526,0.9602997872363577
single,144,0.9214942857322657,0.0,0.01298944004285065,0.01298944004285065,0.4998777622037176,0.038451549818579775,0.12906062668531798,0.9892877703617952,0.989346069389605
single,145,4.053100884426764,0.0,0.03244678971656184,0.03244678971656184,0.659688958860485,0.06680629042757756,0.16876331168521808,0.9978255791255317,0.9978693159631816
single,146,1.292980749832863,0.0,0.052645098875571936,0.052645098875571936,0.7274761672472845,0.10199496871972075,0.1669594118511023,0.9933305099368201,0.9936085691980291
single,147,0.18105498150006266,0.0,0.30792360075556163,0.30792360075556163,0.9302878942107738,0.39316928093750303,0.08213994002359855,0.9375948019923054,0.9393045970898432
single,148,1.007338698037128,0.0,0.11133634513839975,0.11133634513839975,0.8809045853496521,0.19874343952520582,0.12895000434360882,0.9893575477660859,0.9900912315459285
single,149,2.233649018918975,0.26110882517474565,0.026404200008358802,0.026404200008358802,0.6316585373177375,0.05615133650647292,0.16010719381777386,0.9962119950204656,0.9962881483688985
single,151,0.3376543858635856,0.3601415031534093,0.22390879900221652,0.22390879900221652,0.9003197378973045,0.3398641068795593,0.084835561668676,0.972642407047516,0.9729478316630343
single,152,1.2445599196162698,0.2605845547195038,0.012419714709845885,0.012419714709845885,0.4645202559491204,0.03634980591861101,0.11692141049812627,0.9932311758245863,0.9934677159526858
single,153,0.07829484824737687,0.0,0.10848587560507371,0.10848587560507371,0.8068495483085879,0.16015767783495777,0.0968627066934766,0.884281441687332,0.885107184376521
single,154,0.23713312908069556,0.0,0.1798997583461562,0.1798997583461562,0.818330398893406,0.2883235015151817,0.09147377090397898,0.9651286431465143,0.966201084311891
single,155,0.8428109701334974,0.8305870247944297,0.04883365266418535,0.04883365266418535,0.6976371958001768,0.09834955425228707,0.17322857146163606,0.9852390815784926,0.9857752586793788
single,156,0.32333985310601865,0.004461287070267161,0.015316471698977081,0.015316471698977081,0.5143698397859068,0.042575901230220516,0.12629147525323622,0.9778722932380903,0.9785255148543451
single,157,0.19044501099992558,0.8619819224911905,0.056196878262783,0.056196878262783,0.6848952212738281,0.10887308679927586,0.1616722997375603,0.9487823437520145,0.9497917319130176
single,158,0.14580084502369423,0.0,0.30350104884390977,0.30350104884390977,0.8900329442639772,0.36066987495478775,0.06845891706346424,0.9130385706765276,0.9144906634363278
single,159,0.5682834671647278,0.0,0.12501014027174745,0.12501014027174745,0.8150643666191776,0.21567389642923968,0.1207665680275225,0.9871531013193094,0.9875330779215009
single,160,0.3059029225574781,0.0,0.1326461943893724,0.1326461943893724,0.8744944805430981,0.22497051501371032,0.12761477920042744,0.9712930657419581,0.9736797613323509
single,161,0.30484434041446745,0.7232745230668509,0.02834904554730164,0.02834904554730164,0.6355878779966277,0.061276982635583656,0.1648279772019313,0.9673800331627926,0.9688252995808597
single,162,1.0788187905130635,0.23336383534878535,0.16872799118240162,0.16872799118240162,0.839564015194826,0.27096237092067604,0.10320459558521046,0.9922812749179826,0.9923932229234643
single,163,1.266732923260253,0.0,0.011270264345269435,0.011270264345269435,0.4727120018641502,0.032419476556757906,0.1056440265940843,0.9913259726055441,0.9916957094838995
single,164,0.36371553411758323,0.35551090401544094,0.049834727385686645,0.049834727385686645,0.7004194619987978,0.09365594752209633,0.18366770789713394,0.9701470509312634,0.9707135776353337
single,166,2.828665833605342,0.0,0.021007841654396543,0.021007841654396543,0.5997885726491418,0.04876991312898954,0.15609334688849588,0.9965156228767598,0.9965499780605122
single,168,0.11044418851367437,0.03882002507119309,0.35909042062171453,0.35909042062171453,0.8935036078931402,0.43171765186001915,0.08210652053608937,0.8931413927247266,0.8957654011249047
single,169,0.8829640289319618,0.7622901733393407,0.07519364301064048,0.07519364301064048,0.7462230061272273,0.14284676503511295,0.16680895893664463,0.9897358149216466,0.9899549520683623
single,171,0.07657493775158943,0.7590156345888944,0.10770448999424692,0.10770448999424692,0.7064241827859536,0.18582157066782692,0.12160480601194046,0.8843122830145087,0.8913813722938675
single,172,0.1205941227450129,0.9230877777444241,0.1313715600236182,0.1313715600236182,0.7534792751130358,0.23698232802342503,0.15246874689781006,0.9253362275975467,0.9268798242955033
single,173,0.9810211249529756,0.50618775718444,0.03412013730108219,0.03412013730108219,0.6619494465141353,0.06859225997749042,0.16245714988523574,0.9881305044583232,0.9885094714469125
single,174,0.25273716863183926,0.0,0.383904995557892,0.383904995557892,0.9427792151929725,0.4253751241024232,0.054309977005989184,0.9556880892958062,0.9560127417127027
single,175,0.23179293333039586,0.0,0.1003884662299776,0.1003884662299776,0.7768849016297371,0.1926607035387844,0.15646165159539305,0.9447537396233155,0.94674870840266
single,176,2.214430138592109,0.0,0.019134270391060776,0.019134270391060776,0.5896677057777537,0.04295002564568328,0.12457935681174002,0.995441766599331,0.9956793864018928
single,177,0.18486748722195223,0.3134855982775131,0.1343555580290144,0.1343555580290144,0.8904814750494516,0.2123947965760132,0.09965034867816544,0.9529676191953116,0.9539917355266269
single,178,0.1427100899300329,0.0,0.012255263914600705,0.012255263914600705,0.43691652739732667,0.03721676359126587,0.1159340386698751,0.9268224887524429,0.9285483366325938
single,179,0.13452672595274268,0.0,0.6161033350609332,0.6161033350609332,0.9274470290327537,0.4899703931854938,0.023693701307422887,0.9384743398776332,0.939033798550575
single,180,0.6474483013749434,0.0,0.18683828423752172,0.18683828423752172,0.8665544968445,0.2933486141164781,0.10139790045737272,0.9838229728580423,0.9844929214245689
single,181,0.4815920316199822,0.0,0.13215748813762215,0.13215748813762215,0.890070560481006,0.2150744611789004,0.11623506446187179,0.9845717342524508,0.9848135726568817
single,182,0.24109336456860664,0.3184632661389769,0.08019132894522801,0.08019132894522801,0.7896794129273721,0.14644806070594796,0.16017339768230915,0.9577095767227812,0.9590393589399777
single,183,0.15181112959848386,0.0,0.522143259472204,0.522143259472204,0.9232821125163128,0.43686712656628507,0.01007133150429223,0.9447839448528308,0.946011184950957
single,185,0.6445645354536662,0.5366945061602901,0.04862208589343149,0.04862208589343149,0.7136994431284641,0.09840692101516997,0.1771603643712407,0.9869062016005713,0.9871906424147084
single,186,0.6082774719050315,0.0,0.16142714935970562,0.16142714935970562,0.938608969247511,0.2472893128612491,0.09498130385570804,0.9868854786950764,0.9873391217392357
single,187,0.15229855843714393,0.3501016105497159,0.09141310353510854,0.09141310353510854,0.808668215823455,0.17528679385584892,0.13309338341837965,0.9284146029270881,0.9297254710381826
single,189,2.478782739468499,0.14063750367630412,0.07521063281311352,0.07521063281311352,0.7604039700914165,0.1460514102566302,0.16819529237232267,0.9954973544913437,0.9955971576871488
single,190,3.7134654583268443,0.0,0.014394814867653507,0.014394814867653507,0.5160846431678934,0.03899522209039907,0.12685694040718618,0.9967879924283071,0.996850675693304
single,192,0.10554915020315665,0.0,0.14215060721932343,0.14215060721932343,0.7384960334564639,0.2703531835414698,0.13150062176883753,0.8971085533822535,0.9005194408510446
single,193,3.036370312205384,0.0,0.030151283731242266,0.030151283731242266,0.6546066859519708,0.06130589243597901,0.1666331655070094,0.996910868590768,0.9969496897841764
single,195,0.05257121475587802,0.08424107641099565,0.31006191135473116,0.31006191135473116,0.8525270255022301,0.4160026746543715,0.07595447586577661,0.8575962963290582,0.8595892377565499
single,196,0.6782340023927151,0.0,0.06218511357272898,0.06218511357272898,0.827855027426162,0.1136141854254062,0.12886255897341295,0.9855948156910976,0.9863077995609221
single,197,0.22977752944981558,0.0,0.3124204104411832,0.3124204104411832,0.9409368557319796,0.38153084110930824,0.07265974515444264,0.9610359620045891,0.9616968973888755
single,199,0.15945286824667265,0.0,0.14291273120961442,0.14291273120961442,0.7589628670747163,0.24953047133086642,0.11688547277647938,0.9338213319681307,0.9344398311900185
sum2,1000,2.098730001380464,0.0,0.10145559616814656,0.1409825536447223,0.8168248717947593,0.22087179375239824,0.13399387394442158,0.9961328074224851,0.9963791993546244
sum2,1001,1.6132319208960624,0.0,0.010712218021098476,0.013964097031126426,0.4856170574481594,0.034156740363771594,0.11038194828441693,0.9951566423193402,0.9952361402896331
sum2,1002,0.7177238775590133,0.35718933767094696,0.11376645433084001,0.2647119301824483,0.848280166808993,0.28696422664368215,0.09185734282260251,0.9853874602516226,0.9888878917442315
sum2,1003,1.1886084374547266,0.2567058102188221,0.08738145548635179,0.2377498833200584,0.8739402313728237,0.201937004602083,0.1159859199693751,0.9916038881937289,0.993202728378405
sum2,1004,1.0253300981406042,0.13015131212763142,0.01834572534307128,0.391798586460372,0.6020778283626939,0.047173199963862655,0.11346504315144218,0.9843153410866459,0.9908474550828037
sum2,1005,0.44785530728906775,0.9305620423886036,0.035214972842929654,0.722420173080989,0.5972514917580074,0.08920912949424499,0.19998857545441145,0.9804028843430608,0.9815638510050455
sum2,1006,1.5908423771844136,0.6008569437996548,0.03688075165732406,0.04341312813167882,0.699380451759104,0.08306580562181828,0.16497024020350623,0.9948125018884213,0.9948855112643038
sum2,1007,0.13585331115093896,0.8159803451779433,0.16732114015932148,0.5057165519899878,0.8552740729222115,0.3922200538505924,0.07749178228399127,0.9161646955730887,0.922321690508244
sum2,1008,0.8648611503937984,0.8130507477287792,0.025929505838879124,0.4043268745680296,0.5412025013595247,0.08762701317583674,0.16308960328117303,0.959920500532713,0.9904279375286569
sum2,1009,1.4052773249281145,0.3269155876728618,0.012441473484157322,0.14419126444021,0.7162975725380756,0.1667419515199517,0.1091780922064702,0.9301560669628242,0.9931820681020829
sum2,1010,0.10001122980346056,0.5358057312368436,0.26301517368839417,0.5577266565344067,0.8855848414604381,0.37727931742783194,0.08978831928023932,0.9180373208823225,0.9216008052469402
sum2,1011,0.6284921599703738,0.5633235355093955,0.025386170203980214,0.05712017259815518,0.6859685768841972,0.07388553847343816,0.1482306312052526,0.9808946435546134,0.9839816922780257
sum2,1012,2.562366101053613,0.7806466843779923,0.028429286657366236,0.1844640500475681,0.6892249136125652,0.10424404256587859,0.13341902804677933,0.969320964792471,0.9962700267331439
sum2,1013,3.151219692160678,0.0,0.014135300370236036,0.22657712381570122,0.5698868002269402,0.04869312498396602,0.09431938426031428,0.9793969316971445,0.9976677860575732
sum2,1014,1.787154959148204,0.5857023053004146,0.027755581444784513,0.511573256551989,0.6534111653729547,0.06532030899209573,0.13873386668009174,0.9856262161423298,0.9945611100347057
sum2,1015,0.732853935347919,0.6070678286073653,0.01901113471287422,0.16613508275697075,0.6400019940329426,0.0815048228136258,0.12342228376482899,0.959634358904912,0.988764933799609
sum2,1016,5.269946069340553,0.4426939910943114,0.047095369193319754,0.08340394308833324,0.7651456664673983,0.12444450747649273,0.15889409707704058,0.9973308192732259,0.9981325351040043
sum2,1017,1.653180503658861,0.0,0.013507738730317758,0.3656524306470979,0.597150915000761,0.04865864297368774,0.055133195650485585,0.9496454407867965,0.9953860597635081
sum2,1018,5.687825908676092,0.0,0.07342231293587978,0.1012259300793595,0.8375142654676911,0.16785723483853515,0.14095521513364093,0.9983052341798122,0.998444684416641
sum2,1019,2.8612559262637314,0.395995047893723,0.07736108961583321,0.21949354702011398,0.7834601284581175,0.17915243165739367,0.1410269586784658,0.9930758389444011,0.9968615682621547
sum2,1020,2.615979253475004,0.0,0.014754942815738064,0.0346624764383696,0.5715236559075185,0.04699183727054629,0.13100441382663308,0.9941114610061051,0.9957299471723653
sum2,1022,0.8756495844153218,0.9184167560562477,0.13257753944540424,0.25895209388160223,0.8468692141436681,0.3107166943801396,0.09850241888242373,0.9872383734324099,0.9889533375383015
sum2,1023,0.12731113043010645,0.9058987350826767,0.032309962337306215,0.5383371678873875,0.6375461232025588,0.0675027788368714,0.1502974170675571,0.916218659182054,0.9199256370837093
sum2,1024,7.429308055099453,0.2583528100229512,0.012021712247303456,0.050668343434181584,0.6336799093136548,0.06651168988869811,0.13606809973557474,0.990931272735562,0.9988379459303384
sum2,1025,3.1580597966273376,0.0,0.03245132066119499,0.15741925956914504,0.7253181127380846,0.09341214949779864,0.13668711763550018,0.9865853819830621,0.9968181677587884
sum2,1026,1.0489282181890702,0.595117264567321,0.02345764869037823,0.08608474523673953,0.7365391238420009,0.12304178898934912,0.15098161052693204,0.9863252013213222,0.9925513726236613
sum2,1028,2.6429274134530654,0.0,0.05427802398505376,0.39340108135412255,0.7284931049413559,0.1060993801708013,0.16718084832424332,0.9962343969313452,0.9968334284679458
sum2,1029,1.642963284391237,0.0,0.05027536381033794,0.36823197252497825,0.7429029473552204,0.110838529177636,0.14520858812497622,0.9879198096250477,0.9942124034918166
sum2,1030,0.3168825434174436,0.02518709788860607,0.20986904475646814,0.35226374327063076,0.8838031532941113,0.332104474063047,0.07803592426734648,0.9737657533403546,0.9746875037035763
sum2,1031,3.159656614434741,0.0,0.023861133565774278,0.6439741492997735,0.6153404175283823,0.05318116832286534,0.15431785741124016,0.9966479004466113,0.996929290608228
sum2,1032,6.067131006515646,0.0,0.02796642874464827,0.1395165418462987,0.7201349263138019,0.09244979311407613,0.13390266822755068,0.9855130128677495,0.9983401118186992
sum2,1033,1.9417872507617415,0.0,0.11397313077275684,0.4585564545337336,0.8983557430258243,0.22275912788845753,0.10775961992129264,0.9941295010220077,0.9952541960672274
sum2,1034,0.2617388172809035,0.0,0.02025801482350321,0.4032251402586556,0.673620023559316,0.1863471117459863,0.07470155732426377,0.8633237919655591,0.9703323544022436
sum2,1035,3.0686632693146163,0.38013376803602983,0.010226651967739519,0.3179013378778852,0.5431440511670309,0.04524901726515182,0.05438760646856726,0.9569467695578099,0.9965274897012469
sum2,1036,0.3135618672996051,0.8009220031097234,0.050916497480883186,0.0881524149882212,0.715411609691101,0.13070649866859016,0.15876302746238663,0.9711027258708208,0.9719651533132511
sum2,1037,0.6279084497139059,0.3090588860121162,0.1442249067126752,0.274393311889895,0.9182312149506621,0.28099559517389405,0.10528376355424154,0.9850347084497425,0.985347251908839
sum2,1038,1.5238603321900956,0.09852112885241493,0.056143609079562506,0.1532792806606898,0.8255991326136966,0.11914248809156054,0.1203720733295077,0.9910468620085007,0.9951936320887999
sum2,1039,2.14278108383417,0.0,0.0821609008155362,0.21364416021821966,0.8988182822227172,0.2060779572925519,0.10516409290948585,0.991997657732207,0.9956906543296186
sum2,1040,2.625426403595788,0.0,0.024806187589520263,0.3074605196650781,0.6912273535992821,0.05786592084987322,0.09943756661112735,0.9822705783417409,0.9963861020301183
sum2,1041,4.257305363252601,0.0,0.05812010610634794,0.18314285137132044,0.7858845055409995,0.11949545119491962,0.13879533987862513,0.9953744481299895,0.9975881431310412
sum2,1042,2.838039786746686,0.3722086588402713,0.12479201643880368,0.12958572164842513,0.8401899956742023,0.22645746476039563,0.12880997626631466,0.997313276914911,0.9973740731576851
sum2,1043,4.362011853403,0.10206414998678148,0.05725832884148514,0.13279775153501783,0.7735923647047855,0.11592701346450993,0.15274144935913628,0.9973415425441986,0.997850915631637
sum2,1044,1.217484475102177,0.8584676030554309,0.01150835174220978,0.3239675353823582,0.44924859237058434,0.04887770525141388,0.09864200690813811,0.9747409742438764,0.9932338325280031
sum2,1045,3.975059988791593,0.0,0.03762367001225691,0.2728842517461826,0.7484247220490707,0.10210912115578799,0.11926922441271523,0.9758687463832982,0.997521727218508
sum2,1046,0.4290302541201558,0.8132930725075128,0.0637348403119327,0.17638778037997485,0.7952399694744063,0.2609952142685858,0.12951916238923225,0.9740278947681148,0.9795862733655079
sum2,1047,1.2833412147785592,0.0,0.06439977114006391,0.30994943865778696,0.7968492076184719,0.18892001113789525,0.11612862922323645,0.9721331346974499,0.9927627036316483
sum2,1048,5.152469592366978,0.0,0.01680520529166942,0.23162355688790814,0.578925759356754,0.049323223472508594,0.1200617419758398,0.9880755885290516,0.9983795012187439
sum2,1049,0.500302451213524,0.5470130843598865,0.10021335284637012,0.30202777683988724,0.894384678303321,0.3184758621744387,0.08099948663996769,0.9772997416848749,0.9829964547251437
sum2,1050,0.40614961046129133,0.29790771146924966,0.3031271233929058,0.7862164756041244,0.9180742126543959,0.40497431968392833,0.06550723331150009,0.9677329203300719,0.9686121909548367
sum2,1051,1.342130035572905,0.0,0.02389488787278792,0.23059787479751462,0.7293160114947896,0.09317425567689545,0.08753024166030486,0.9399929994543096,0.9931711828909322
sum2,1052,3.371394258933285,0.4817059508667586,0.0196995169156258,0.06199850490412915,0.6748413719317643,0.07253957972298034,0.1371836512759693,0.989633126695372,0.9970485002188587
sum2,1053,4.296894068455493,0.0,0.03825460901073557,0.3336420250562558,0.7052974142194347,0.08117368311339931,0.15142934589848578,0.9943581162456303,0.9980064107866954
sum2,1054,2.4623249993609795,0.8054412122821099,0.020076474269755184,0.08235457056316392,0.6567829040866,0.11006928446598227,0.16952746245873604,0.9879476726183375,0.9962415496953817
sum2,1055,5.867663633920742,0.0,0.01003025201468236,0.014843244826475512,0.479775751265756,0.03776127872312482,0.11368567246952888,0.9987232582679969,0.9988538198630198
sum2,1056,2.9359264139075987,0.0,0.017114016915540133,0.26257456490233216,0.6905498357257291,0.12431259665543859,0.07720436060185575,0.9071761247320744,0.9970894877992297
sum2,1057,1.0404574333853467,0.4895012898611679,0.041886397443273535,0.24614355359593937,0.8008922423498339,0.20428784884220078,0.10082877435515895,0.9559690652838644,0.9925893227428757
sum2,1058,2.139360849893029,0.1582078794976557,0.08011829351201827,0.4923540973834276,0.8012442265203209,0.16078682806605787,0.1372568064717007,0.9930100342919956,0.9965011485806381
sum2,1059,0.7161445197028863,0.32602114616129374,0.0666508136983434,0.6308066884164346,0.7691651359122385,0.17764299069041692,0.096883977252931,0.9500394204529732,0.9849070692142625
sum2,1060,6.630496769507715,0.0,0.014629752701186431,0.0277905202386102,0.5419196994292006,0.04481948996831304,0.1380435520199308,0.9980631840091863,0.9983792888415273
sum2,1061,4.04055344490794,0.0,0.022440967559746155,0.11116796303961447,0.6901923951155959,0.0882251572421807,0.13835509484925546,0.9826371786222222,0.9977215024116384
sum2,1062,3.228678609815266,0.0,0.021465423929589368,0.5297577532074048,0.6046929228054078,0.04746178702130738,0.1551238774953562,0.99680870999513,0.9968349337315048
sum2,1063,0.6331532697519783,0.0,0.07326033775060384,0.33795069555537993,0.8457807983866643,0.14330850537289966,0.13002945392463194,0.9874808717997955,0.988597362227807
sum2,1064,1.3674519632124198,0.4314168084900729,0.018681557550669456,0.03252534576780066,0.6426135224914833,0.05770669360962837,0.15788110765364688,0.9914509879531805,0.991809624148188
sum2,1065,4.459599751541702,0.0,0.024382807955719767,0.08504238213042668,0.6929282157136798,0.06772555256781536,0.14302921253628278,0.9952864258001088,0.9982351286798725
sum2,1066,0.5249364007330641,0.6628774855635522,0.011248765335199473,0.2274615778936733,0.509460762112842,0.06448339502504252,0.07687129859058409,0.941194243550876,0.9824700772183073
sum2,1067,0.4372752133699208,0.0,0.10298099859030437,0.6504190097434527,0.8754672973864757,0.17696644481063808,0.12407531375468482,0.9816638244524423,0.9819145820367005
sum2,1068,0.4768320012280444,0.0,0.029599300289872045,0.2889757076086036,0.7507904447734746,0.09003559255268315,0.09161289394273713,0.9492407458105372,0.9824628861651571
sum2,1069,0.07548729160226905,0.0,0.3731666004646639,0.5691508639782343,0.840612658136098,0.4352770232649233,0.04437101576724287,0.840828466961929,0.8516110228658562
sum2,1070,0.8655156372217346,0.9766875763219836,0.015321957756315478,0.07049809700413531,0.5354365574861293,0.057476380965002585,0.15310134875354672,0.9801056810467511,0.9884359826188824
sum2,1071,1.6068988374888753,0.873452076725605,0.027697160136023153,0.37521014880494713,0.6429717729833728,0.061331068655528155,0.1481778735024728,0.9912676522551044,0.9948011579086177
sum2,1072,3.991016031277763,0.0,0.10167692643100043,0.2001043799532593,0.8555803524765602,0.24005557746916245,0.10556943289943585,0.9958235653405412,0.9974967904103827
sum2,1073,1.7380570952400092,0.9256374463315932,0.07737696799960836,0.13865345368116508,0.7692903963094171,0.18288658955143552,0.14806868334460374,0.9929213060044877,0.9943290800657599
sum2,1074,5.15717204139819,0.0,0.047546036966576985,0.09380414969400715,0.800591189520327,0.12069663703029986,0.14053478589003476,0.9975442505245352,0.9981312950852589
sum2,1075,0.8450985867625725,0.0,0.024318397988429934,0.711746319266812,0.6421474949812032,0.05377471263784238,0.12909848568658835,0.9863256999938832,0.9889783126546721
sum2,1076,0.26789263784205886,0.21850796344920265,0.22189850011191473,0.40169846924599945,0.9406299341713047,0.3187915537776839,0.06609202980813281,0.9719202714739038,0.9728969404183835
sum2,1077,0.5370766565926315,0.0,0.012743397720081616,0.7124164995665314,0.4665914684199548,0.036811846306605375,0.10066913253038347,0.9823032502623825,0.9824087504054415
sum2,1078,1.7815480430874475,0.0,0.019902522604374643,0.07657513293770313,0.7182795061173994,0.09148323247239987,0.13960534512683398,0.9858589008573607,0.9940463421660407
sum2,1079,1.433317320710101,0.0,0.11359731518832969,0.5953646180209846,0.856726295620545,0.24574214749376874,0.0866483844000208,0.9847769058550004,0.9934471024257082
sum2,1080,0.0803323770249514,0.0,0.42405756690281055,0.7931597935915241,0.880449343477961,0.48339528844163066,0.07988001128991776,0.8880099168244864,0.890462669759482
sum2,1081,1.3905056712949568,0.930099668212484,0.025204856875558797,0.043516826767362383,0.6212312682073846,0.06092257072609728,0.1768129965162444,0.9923956655746433,0.9931235242272276
sum2,1082,2.3969039652350657,0.0,0.04567413176227682,0.07396508036996119,0.770657317348555,0.11291615991826501,0.15815497326442482,0.995946529288315,0.9961394828205606
sum2,1083,1.4924298590335283,0.8144692737164894,0.012713090693659133,0.049396583624105456,0.672309778042706,0.08611134642677182,0.1653496257230877,0.9906907214426104,0.9943986586476348
sum2,1084,3.3715765787107794,0.0,0.012583474270154297,0.17555278166332916,0.5544121582831663,0.050156111084675395,0.09639477318081435,0.9784418067373116,0.9971317726403207
sum2,1085,3.107688131948532,0.0,0.07419649600934371,0.1611899838563393,0.8112424048596322,0.16489387744236178,0.14050637160454063,0.9958239905811577,0.9974887990361612
sum2,1086,4.977198206209876,0.0,0.019258967351535386,0.1362073987748732,0.774360866257167,0.170478099884072,0.13404012812678606,0.9760593456136807,0.9978775085454743
sum2,1087,0.4732595542231076,0.06919962731268392,0.06430419597098315,0.35013395965878924,0.8036531243729506,0.22937616803851155,0.08890753914725796,0.9417297733970827,0.9767638818921942
sum2,1088,3.896434562845851,0.0,0.011860512035660995,0.3771270051185203,0.501723462838626,0.03959035439548643,0.08772573617624174,0.9894027266801384,0.9975788832404746
sum2,1089,1.0151209352765094,0.7945142488183066,0.030924633277320285,0.13693148758167958,0.6600883046198944,0.08147186002371622,0.14608136380197959,0.9846924116192657,0.9907974339243136
sum2,1090,8.05018523387896,0.0,0.016086375827397584,0.021185770606585903,0.5609096635973879,0.04358243120799362,0.1319305718241954,0.9988836945997708,0.9989033500141135
sum2,1091,0.2854968045957246,0.15429907813623045,0.1054158911176439,0.5087326708384594,0.8979400681124499,0.3989270032530969,0.07777028660581362,0.9443769745890247,0.9635435893028311
sum2,1092,8.00534735519267,0.3860660124828331,0.015310254251630635,0.05173199269304887,0.649303846498628,0.07363119305653806,0.14815400269899623,0.9942200978698916,0.9988034571880513
sum2,1093,8.690155812120889,0.0,0.0459741240004131,0.10650371689433763,0.7843127566367509,0.1190056323751414,0.1415805174734437,0.996643852468507,0.9988779171439851
sum2,1094,1.179099112407689,0.0,0.01190059937840203,0.025974935486602596,0.5751962485368731,0.04317382846580807,0.11669344453084189,0.9902732204720935,0.9915092676462575
sum2,1095,1.3644230928278882,0.2990347250448937,0.03965584034878885,0.05052227577712509,0.7511756545624297,0.09757945685735103,0.16163806802652064,0.9924596916328152,0.9930929947910749
sum2,1096,0.39688024081001844,0.0,0.15247424300944487,0.503436632163948,0.8586215991924284,0.2535579173945082,0.10151096429546702,0.980288736592901,0.980640614627142
sum2,1097,0.3972459546849629,0.5185166326467943,0.029234070312921037,0.1554043206184702,0.8027289171026569,0.19779686943212785,0.1330501079686306,0.9706770682535463,0.9789774538236298
sum2,1098,4.432053198950497,0.0,0.05163214620252344,0.23692382383799548,0.7832211376672251,0.10889803252295677,0.13074775957873563,0.9930907326526707,0.9979962665977384
sum2,1099,3.647014028811056,0.5472350487975858,0.026136375991812833,0.11952053497907505,0.711099907226675,0.10146737996300326,0.14049378868941945,0.984387290432645,0.9983108375172561
sum2,1100,0.6903421959037875,0.223149538491501,0.11270515403860924,0.2438206371749365,0.8209322434749787,0.2351443818999922,0.12624701280896497,0.9861995592993784,0.988478521149468
sum2,1101,4.408151156383558,0.0,0.013647476170212627,0.0807119667937032,0.6704695871050544,0.07290560642643203,0.11150519751890271,0.9808119704390146,0.9979642892193926
sum2,1102,5.011533074267314,0.0,0.012591941310736985,0.06896283887619364,0.5661830496649418,0.05025667053031983,0.113666498837923,0.9895341305656098,0.998428956639625
sum2,1103,0.12683852514950944,0.7443061806563653,0.09898841913508863,0.12818449707880986,0.7789526438492447,0.2352347905865319,0.1443055806752181,0.9124253659760706,0.916060499355321
sum2,1104,1.414776364340703,0.012544012396740634,0.011907259937585249,0.17659316908841394,0.8483517420680484,0.23736103200703826,0.10268367891404112,0.960772405972138,0.9944532284912155
sum2,1105,1.6861544902575,0.0,0.10160957271593977,0.2889030231952185,0.8584607474404785,0.2166610986945222,0.10241216944790398,0.9908946479514578,0.9947505436684742
sum2,1106,0.8875828863309226,0.0,0.13930318210636194,0.5250597664553713,0.9359599466374457,0.24747229735519713,0.09680007119222801,0.9898648991333401,0.9909226851181872
sum2,1107,0.29728039817706264,0.0,0.09248335820550235,0.4368563805989104,0.8319011874258553,0.19715353083050055,0.12883619511350416,0.966815533015306,0.968739827503148
sum2,1108,1.747521029365629,0.6076733022932557,0.010197742352418477,0.02338293325311378,0.5513789438094503,0.04840278063659046,0.15006842749132582,0.9948761378353288,0.9950515269849038
sum2,1109,5.157855170192499,0.22052022647781888,0.011400575474867163,0.09614939123000546,0.6391717438859648,0.06335793247124247,0.09487251625351398,0.9652047170405345,0.9982922334724309
sum2,1111,2.4937399237035978,0.0,0.10337359877762162,0.17779062142329838,0.8862860553371356,0.2102016010578224,0.11271669756315249,0.9957052569727439,0.9965111312973962
sum2,1112,3.8269375873315696,0.0,0.04897609160182433,0.10588445182887345,0.8468235058144681,0.15610200838764168,0.13030480050399537,0.9963632176159852,0.9974042021630259
sum2,1113,7.050432163451816,0.0,0.01239393662835267,0.07591766525500644,0.6314245685904588,0.05948559866199012,0.10679083055436028,0.9805019992731236,0.9986138897793094
sum2,1114,0.6885896857194285,0.7945851448230742,0.08994963315631256,0.22951476785419006,0.8129686394129598,0.22714574092465487,0.13745989224525196,0.9864044307209667,0.9888104675563668
sum2,1115,0.0830664675823246,0.6511968119089706,0.04469622767736571,0.6205880155850882,0.5740250511545938,0.10957898263591673,0.16150076056364615,0.829221680224109,0.8379462066020856
sum2,1116,0.6458497226775316,0.0,0.13314570285426802,0.2575642219295067,0.9481480279043709,0.29257152539584896,0.08312986945734285,0.9842877294404337,0.9863127925503921
sum2,1117,0.4157985194665831,0.0,0.2480392600695962,0.26117493750750814,0.8940265849690008,0.36068799076792535,0.07103579393959923,0.9720166819000066,0.972421050272939
sum2,1118,0.6830645572556912,0.8603315337073534,0.010416066462315014,0.13718203683499355,0.7498465445800235,0.20244439821954183,0.11155715979238216,0.9434576480282917,0.986278512784238
sum2,1119,0.8044008289440879,0.0,0.2746643409369803,0.5781692559118085,0.9085407300570028,0.3663374750501026,0.057909629813497135,0.9896878514030062,0.9901051623962732
sum2,1120,1.177615714170305,0.5984562221938843,0.07914943250749336,0.1203416202393603,0.8072855974769022,0.21290823167991466,0.1366007580906473,0.9903180920407862,0.9905652944951472
sum2,1122,4.535901798498925,0.0,0.07654568511615195,0.2603519392131284,0.8227892681584148,0.18342599548853927,0.11922487296859952,0.991143664599464,0.9978995582758812
sum2,1123,3.5471412181574076,0.301838108677595,0.014190400058727898,0.019019308877399284,0.5338857375858077,0.04351045517053276,0.13727315382808739,0.9975473509309936,0.997563180692849
sum2,1124,3.5104731255182164,0.43914321904725806,0.011646374903656621,0.07403368144618087,0.6614533720881961,0.0931605727601711,0.1322010009415366,0.9702337976065891,0.9980115417467942
sum2,1125,2.7027303036554438,0.0,0.014424766389561599,0.029075834020182437,0.6189646189141393,0.04941891564740824,0.13030041853116212,0.9953243600752589,0.9970385039464794
sum2,1126,1.386343100057782,0.7555529979858596,0.016922880671148912,0.13401240405018602,0.719281364548157,0.1612751931560949,0.1335327100519126,0.9509170923960949,0.994034133379441
sum2,1127,1.0757450564939788,0.0,0.11357276702630106,0.1194008820704944,0.821005023536581,0.2060839040677692,0.13198609633939207,0.9913330421993546,0.9916215590630928
sum2,1128,0.6841188974559236,0.0,0.06347091954641676,0.234868393867411,0.7804744106445514,0.1441322831130048,0.12360800907659227,0.9803426232862553,0.9875329533552368
sum2,1129,2.765354114493575,0.7355457866726888,0.0390427464140298,0.0966465727844796,0.7267541261263655,0.1055171259716876,0.15587612602508072,0.9934904525322598,0.9969403294015943
sum2,1130,2.4969931529961635,0.3988239724773427,0.14961357897554978,0.28022328178632316,0.8620785725847647,0.3093770952299823,0.08201792918473358,0.9951235986967331,0.9965648935380751
sum2,1131,3.402782880925458,0.0,0.010913348395725605,0.0937680284701426,0.6028459959509276,0.04886160592898808,0.08452203020746234,0.9741739241760805,0.9972867612421499
sum2,1132,13.314644397705733,0.07445241929276591,0.044813289952649535,0.050400786674675555,0.7184989579548349,0.09342782521398324,0.17090584392103703,0.9990364766422205,0.9990468017704511
sum2,1133,1.3545712855616483,0.9989139319210816,0.060960026940472985,0.361063840949087,0.7488450477517747,0.1415545402820649,0.1405764686644309,0.9786370341179321,0.9926328451651768
sum2,1134,0.46434385293074054,0.0,0.0453435350107025,0.607392160435259,0.7042784102553483,0.11427653253688562,0.10173525132539628,0.9314826792912478,0.9808838358158172
sum2,1135,1.1292174255161667,0.0,0.1103422553121988,0.44097640967288365,0.8805138699832743,0.24383801843831707,0.08262469751938868,0.9782098450734316,0.9901134902835712
sum2,1136,6.669665263598489,0.0,0.020105259252716827,0.044873190253224046,0.6536757364537664,0.06290817936302107,0.14979858288034154,0.9974777241932765,0.9986055008073901
sum2,1137,0.4605181747791177,0.810304866164095,0.14831830749762492,0.18124346179948672,0.8393768211210153,0.2764538562855424,0.13565448183369497,0.9820530643397823,0.9831947503202657
sum2,1138,9.878083396829298,0.0,0.03463821160804029,0.12709110178367566,0.7548214032992508,0.12352986646338215,0.14050378695318486,0.9881780204966414,0.9989429231988285
sum2,1139,5.538291297208806,0.0,0.023440099949194788,0.4740383869274168,0.6195535595062835,0.05499032195324151,0.13179962594859287,0.9836083665706946,0.9982317081138582
sum2,1140,2.745247481285225,0.2775033249592148,0.017013569787723334,0.029499983036436965,0.5980898047547109,0.049940563417163825,0.14169452958296908,0.9950808489946237,0.9958811633882121
sum2,1141,0.5936590591058319,0.48616568809190774,0.03348742239036588,0.4258127047989314,0.7457633891577473,0.3654732119458666,0.12257672464656155,0.8835674812028522,0.9846395126130384
sum2,1142,5.124329815184729,0.192596089110336,0.022899206744067348,0.03425903077734097,0.650913457806106,0.05935283246959658,0.14643716594489223,0.9978620970074349,0.9980463496865749
sum2,1143,1.1008409897438873,0.0,0.04199594914615516,0.07049228270373359,0.7208291401664128,0.10481755503685311,0.1654662622332516,0.992716223562879,0.9935853474389569
sum2,1144,6.236724029389172,0.0,0.014914397269735135,0.047984498109117674,0.6742631208942339,0.06317803975434358,0.12670819161077634,0.995323545901219,0.9988074151623392
sum2,1145,1.137970115404594,0.17240505481679924,0.1616003342005296,0.26011347580437205,0.9488177813558472,0.34105465328711176,0.09030371148219338,0.9924233123439127,0.992742633562226
sum2,1146,0.8015729802436853,0.9511118389470126,0.030285577323574096,0.08425510196945729,0.7380264350990835,0.14167836373345638,0.17468413111691647,0.9911860440570336,0.991399937623208
sum2,1147,2.8221277795014905,0.0,0.14294932544636763,0.21871918513133684,0.9110820453357179,0.2844602927280797,0.09937266811595025,0.996521293164583,0.9966894514771829
sum2,1148,3.971012596877294,0.0,0.013809104151109952,0.0947824095449573,0.5853031991383446,0.044952033234431275,0.09860735411657384,0.9898952416356726,0.9969657829513718
sum2,1149,4.032513260149469,0.0,0.041040934612969024,0.35704225307715615,0.7119738462998753,0.08359173790516375,0.15190293526699095,0.9952938897633102,0.9978510521225197
sum2,1150,1.1378328597971639,0.6027641659528116,0.01918023648078439,0.6806365302548533,0.5334318179514891,0.049486385796557064,0.14489457154149646,0.9840931295178117,0.9907845938222746
sum2,1151,2.2604221043152823,0.0,0.01875688578716846,0.543418854436293,0.5834810740902422,0.04518032540115811,0.1414506218263534,0.9962847106622017,0.9963899712053047
sum2,1152,1.0301573267889028,0.2047684719457613,0.026376573544574185,0.0642793557098456,0.7062983764461632,0.08494702594839292,0.16045581531143138,0.9898350260038646,0.9908892989157879
sum2,1154,5.325318382756859,0.027185387129672667,0.027757670174415435,0.04140819648589693,0.6766740865644236,0.0607671598015526,0.1508699303419579,0.9986569850288503,0.9987945559078762
sum2,1155,1.7225788341220845,0.8023481783095894,0.0596934687414363,0.33532126707770127,0.7384349717172694,0.12288041182988825,0.1539647400021572,0.9935076186348843,0.9955236832660972
sum2,1156,4.271424097381243,0.0,0.012142405326791629,0.23525746187490632,0.5837835846329463,0.054744233268777365,0.06676441947463711,0.95343014103045,0.99740534460135
sum2,1157,0.34606665788705987,0.0,0.20409346267289408,0.40559801486944036,0.9507964152944647,0.4561916513464928,0.09600952400738016,0.9728295553702168,0.9732573957778754
sum2,1158,0.16974537475174936,0.5225667215262428,0.1530939153303039,0.4258397718845868,0.8065538383464548,0.3595698162980074,0.0944397702295001,0.9273860811268053,0.9390478412836647
sum2,1159,1.4550660472517645,0.0,0.09099271225937436,0.19256719676680442,0.909861321431627,0.21680005709422603,0.09999917619402224,0.9915503604444816,0.9942212160775616
sum2,1160,0.3550511269746703,0.5016862111046264,0.2247078409611067,0.3655252730224428,0.9359333146245619,0.42719488743496525,0.09331160264510889,0.9645645813685003,0.9645798748842959
sum2,1161,4.274982586246603,0.0,0.07836842032577962,0.2020338677130816,0.8875200292880449,0.23340341390301378,0.11871733063506856,0.9960406746251451,0.9984123803931725
sum2,1162,3.378713621941258,0.013093614246505902,0.02023640279057772,0.03698595976405334,0.6352249892611448,0.053424855277776004,0.14549781618364682,0.9968191942114246,0.9973120529072129
sum2,1163,0.15095460975186198,0.8966393594213167,0.22417685922744074,0.31279838833288787,0.8558595568602942,0.43853237561225644,0.13470398003060063,0.9250311805781446,0.9308837205720905
sum2,1164,6.546215471430808,0.0,0.04945084085442973,0.15089145514345179,0.791545951549324,0.16945022835801335,0.14012183262282774,0.9921795710995257,0.9985197126175386
sum2,1165,6.895596503190753,0.0,0.017889982022924387,0.09056068279609238,0.7365243032044557,0.12269332219654652,0.14835213813779288,0.9859586131865351,0.9983833875760495
sum2,1166,0.5365634641939417,0.0,0.1725610176281613,0.5923800424268361,0.9242415070804235,0.3174434462104975,0.08939823550895758,0.9832519613706571,0.9847118844466289
sum2,1167,3.9829069069449345,0.0,0.040073894408936425,0.07503081595374511,0.7770794445542167,0.09322869788885738,0.13602675085042262,0.9957525453286972,0.9973287901643807
sum2,1168,0.29496440529607265,0.5281183125429353,0.14500572176050047,0.3479796289034914,0.9106761880126557,0.4002742679003562,0.11208187269592078,0.9593557137362194,0.9602627910073064
sum2,1169,0.11713914002514292,0.9881454154538406,0.05853535274223596,0.59009449116442,0.6445706913758842,0.1204151483780748,0.18236727688386045,0.929110209435901,0.9311168116309131
sum2,1170,0.912993537160981,0.5080258345860003,0.013250318838743736,0.06820677839530967,0.5897303982505768,0.057097755433232984,0.11778858073944977,0.9815409299860102,0.9916110659662728
sum2,1171,6.775550415113754,0.0,0.10126676370422621,0.14160267838638335,0.8294572110442976,0.20512238976922512,0.13231925985661533,0.9983192860546657,0.9984071899759019
sum2,1172,2.14786182086768,0.0,0.04732766932271177,0.07272736470887634,0.7493616414420283,0.10141741284731047,0.15742876725756563,0.9944035393970989,0.9948712765939953
sum2,1173,9.031382275120956,0.0,0.027573150210678982,0.08799269092198786,0.7042149537016312,0.08790496405535199,0.15127961367008408,0.9934263011644898,0.99895926201223
sum2,1174,1.5755435260211204,0.0,0.049172916805792694,0.13177183433159612,0.8579550116195579,0.1607377619337789,0.1219010711236482,0.9897520603234619,0.992804016060199
sum2,1175,1.6185049415268062,0.0,0.03802205912385659,0.5670574800315714,0.7055315896115507,0.07783517238502834,0.14173086461473272,0.9873894511514661,0.993623124927893
sum2,1176,6.394968294092684,0.0,0.010124711043503544,0.015425146171884146,0.4718212434356964,0.035429772065521135,0.10886065971410529,0.9987150469309277,0.9987240035875014
sum2,1177,1.0422346188757685,0.5609859654412979,0.02711772725631855,0.14618621654346245,0.7953829399932155,0.19562137830641926,0.12823130714753792,0.9756336970183547,0.9908501500608684
sum2,1178,0.43474786519257363,0.2476426799544461,0.028911913555691886,0.5964859276104588,0.6427518616720413,0.06025816226926895,0.1524262328122174,0.9760785454148256,0.9778325825083032
sum2,1179,3.222703817391395,0.48255696894109823,0.01220771530564922,0.017984765451722062,0.5133564382858016,0.04188423891753307,0.1338995036482836,0.9976787423676815,0.9977429190684819
sum2,1180,3.9579589654382863,0.0,0.030232625826920382,0.3653128529481016,0.6802082948148852,0.06476037671594743,0.14908583864890043,0.9951332056817496,0.9976598149543388
sum2,1181,1.1776774511163133,0.7781974373404618,0.017279923421943764,0.05554344099582828,0.5846200582826019,0.05133436093201877,0.14620986857409088,0.9900116054275893,0.9921866547745037
sum2,1182,6.506735975376088,0.0,0.046246720085987444,0.04986407611549922,0.7662362337990745,0.09167943705808346,0.1447562191099855,0.9987505978010304,0.9987852227228059
sum2,1183,1.621683182769319,0.08009390475954847,0.03937166942302822,0.11208772294148646,0.7885179686472422,0.13993204594091868,0.14567773901491482,0.9887341675541796,0.9938623566313598
sum2,1184,0.5553364838363658,0.0,0.13543394051286456,0.4008331327309421,0.8351972524444382,0.2448132875970897,0.124815974489282,0.984228700562802,0.9845852035236445
sum2,1185,2.970961637965087,0.0,0.01634299937957452,0.05240166123264252,0.605196537491238,0.05365878155552486,0.13757441178339244,0.9945286268721298,0.9971300344252428
sum2,1186,5.907650869457153,0.0,0.03517382091747677,0.10090719888354513,0.6998496369875409,0.08014508555231752,0.1586215713855913,0.9967963664584882,0.9983147463748347
sum2,1187,1.2341532160988338,0.0,0.03823632811817546,0.35404435084917224,0.8098503907059832,0.1806225460269865,0.08155206792200254,0.9409052931059098,0.9921115823379743
sum2,1188,3.2149336315400032,0.6594719492834706,0.017157465997642698,0.17484284604573178,0.680329604420379,0.11088352646421848,0.10309397193862743,0.939320405383856,0.9970359657910373
sum2,1189,0.8322320691441194,0.0,0.0211133324479794,0.1053990627938445,0.7075146360849467,0.0712353532119505,0.11375825097259723,0.9696406781636415,0.9888419306155413
sum2,1190,0.8147084492500394,0.7866511644081149,0.06472388078440006,0.21949874640600253,0.788438945075262,0.14044272095857838,0.13199682824786071,0.9825425889410971,0.9888846210565498
sum2,1191,3.4121037412415682,0.6623261442809624,0.010045474984123155,0.019426586573939066,0.4381278756601723,0.04001884648967163,0.12595237259889802,0.9966888157297431,0.9967467419197207
sum2,1192,2.5067465914332936,0.0,0.03252918235231441,0.5150679751763892,0.7281686447496787,0.07725396318791594,0.10708495286805561,0.9760772664177234,0.9966809822996464
sum2,1193,1.1237910827308093,0.46308565821829883,0.022919773492269795,0.05621318198523131,0.6691121014226324,0.07408118401161265,0.1602988591162725,0.9893026105057308,0.99179766603702
sum2,1194,0.9175539431920487,0.33583819732095066,0.04261888929699671,0.6777734539736022,0.7389324159035113,0.08513375749229216,0.15791406826579021,0.9926275396324619,0.9927948134717167
sum2,1195,3.5017169155441374,0.0,0.01936307639974166,0.05048503336776655,0.7297661971024811,0.07951033594254828,0.14149484904784793,0.9958711591775439,0.996898778847252
sum2,1196,7.589180002064816,0.03575234807526073,0.03456258122702991,0.07643020880547848,0.7519251042235836,0.08715266903809463,0.14406752086032645,0.9968694112984333,0.9988503851878759
sum2,1197,0.653136787021209,0.0,0.010940571192440449,0.528340811194999,0.5162012800234845,0.04559810849502297,0.04319348093931076,0.9430484137779319,0.9890796641650539
sum2,1198,0.7956206120746793,0.6485496219411203,0.01601280684471414,0.7079229230301716,0.5057833140050998,0.05056227352023052,0.12229311646850624,0.9617055736592872,0.9860778250149047
sum2,1199,1.3544540278235766,0.0,0.05868473049152572,0.11283229456242279,0.847626682863571,0.1596811683417764,0.12676408021537594,0.9904701377303516,0.9914566644643353
sum3,2000,2.8042460772261473,0.0,0.06032324233341842,0.17751501813913478,0.7977228576734374,0.13575067454268558,0.13931218084800165,0.9923983224103148,0.9963167386895811
sum3,2001,13.83410127728017,0.20372451427918548,0.02623490838338304,0.08019707681337104,0.7553807927585001,0.10689869418376138,0.148834032959163,0.9977232587475753,0.9992236523835408
sum3,2002,5.58872760479576,0.0,0.021213997110745484,0.6734725786102966,0.646359463166726,0.0619887394293297,0.11553959746068207,0.9727275421791255,0.9982632727290363
sum3,2003,2.4967303053828576,0.8811589220881654,0.018629301567130607,0.17360796155801494,0.6484339026511419,0.0664600657378754,0.14657468264043433,0.9904062749933037,0.995422417509159
sum3,2004,6.872942426202282,0.0,0.0357783927152552,0.11090994859164947,0.7645541641536548,0.10157503565940053,0.1421196943721685,0.9950620263945638,0.9988494641514557
sum3,2005,4.909877922659612,0.0,0.010763477332912746,0.19941253395027111,0.6656679477362571,0.0598714470670329,0.0804558973878551,0.9579027270408742,0.9977610120362049
sum3,2006,15.754816960999639,0.0,0.03645166089804437,0.11586802492269055,0.7584636860707095,0.0971229605856246,0.14403238572808438,0.9964015818126688,0.9994076140863387
sum3,2007,10.967239538817486,0.0,0.015564230980583637,0.08276564286784678,0.6634014307431574,0.06052694537211347,0.13164990064829254,0.9938453322550153,0.9993597525027375
sum3,2008,6.360746471761444,0.0,0.030526256682582197,0.6079893361203077,0.7504580800808722,0.15357884710215192,0.12025219090462218,0.960482312799773,0.99891495515422
sum3,2009,1.7122358714452623,0.6014562904339303,0.022271054404069405,0.7517758902655315,0.6365714865146425,0.061588315595647765,0.12016894484207818,0.9791353797814909,0.9933666860537945
sum3,2010,2.6188237820249256,0.5843193884373894,0.023750642122152037,0.08877079636560274,0.7178917087161348,0.09444529366460082,0.14407558898340986,0.9893151267067744,0.9966034693450696
sum3,2011,4.15726002157256,0.0,0.030156749385090626,0.517004124408532,0.7118131271632118,0.07431384145349634,0.1268086450515969,0.9851113812898414,0.9979166785506505
sum3,2012,5.021274694724208,0.0732235234352604,0.01336050929246364,0.3226319383049305,0.6179355643844077,0.05505165530901853,0.09715390302852579,0.9757514582134641,0.9974883968179705
sum3,2013,3.121886640934008,0.2618260555040396,0.023652820877450048,0.5423306178645607,0.6998021553386178,0.07305116409022645,0.11023849172640052,0.9801816425089953,0.9965530546991672
sum3,2014,0.8195529116027779,0.0,0.22870908064746467,0.32204416542195013,0.9718229062348595,0.3639228965985647,0.07801453954358485,0.9879105084445599,0.9881657683266145
sum3,2015,2.691904994870085,0.0,0.020408081826493816,0.4425536902573098,0.6457032586168142,0.051389924389802846,0.1289952546190387,0.9961178760665448,0.9965034053876721
sum3,2016,3.8603426311314997,0.0,0.044303064386561015,0.21395724314306905,0.8000748932688561,0.13439600363434676,0.13244252902902526,0.9942551859482921,0.997774559705915
sum3,2017,12.355940034519461,0.0,0.012139368849623232,0.10416078137550369,0.6865734954179274,0.09475518026369681,0.12206877209944997,0.9714622041228961,0.9992862009646466
sum3,2018,11.486349368373116,0.17924326731342033,0.022306664866211336,0.5407310453883668,0.6533094251939533,0.06000083654535626,0.13490661362604617,0.9898623407901675,0.9992446526611726
sum3,2019,6.605930287224488,0.4422135959351755,0.044422940454664474,0.20263650781627032,0.7535175272109287,0.10333060699973345,0.15191093738991335,0.9969974979108835,0.9986290786508902
sum3,2020,0.3232796588239344,0.5143422311454066,0.2370121955963888,0.47630506550663715,0.9496181192863824,0.46146746077385226,0.06713681821152422,0.9675855809408063,0.9709096931118001
sum3,2021,1.0575995245451806,0.0,0.08375768010409533,0.6187773439977412,0.8680474829181841,0.2201683205578938,0.10832083772228486,0.9839786259147559,0.9916897397163587
sum3,2022,1.8016047810454137,0.0929900616754864,0.061471490689134586,0.27361078083011126,0.8595706298126807,0.18851715632061727,0.1190267449564111,0.9886244573722837,0.9942991175527658
sum3,2023,3.5587051201828888,0.22044004433726416,0.01642002252623395,0.5083591279345768,0.7373084305241068,0.11878418931807606,0.11784426191434062,0.9664184491508031,0.9965870023520119
sum3,2024,3.5651286402003355,0.0,0.022086351991186363,0.7854182772111112,0.627699367755211,0.051899446987816865,0.14485129017034007,0.9966768127556799,0.997778317610331
sum3,2025,1.8751857442619861,0.0,0.05333335604438558,0.7195357165277024,0.8050730890181235,0.12328108660023145,0.11719348222240566,0.9766956330975246,0.9939742026678665
sum3,2026,1.4558425723033022,0.6399131657151546,0.07749145501010175,0.31946799655347013,0.831564183337755,0.2863118728730132,0.10467236557396793,0.9784818648161303,0.9931489588933746
sum3,2027,2.272050480654692,0.3858825508850847,0.014356353954635921,0.22003593693960194,0.6562654722579804,0.09381486752140511,0.10111719524097672,0.9411557767574387,0.9948984309101115
sum3,2028,3.1588244027278214,0.5925567239422685,0.05532195425839356,0.25304971924814784,0.7587974226123579,0.11767956364971534,0.14392307605591617,0.9935365119395757,0.9968583983561489
sum3,2029,8.493414283779012,0.0,0.01183317642167534,0.0967526564724542,0.6574502646888204,0.069796848512412,0.1305067401048257,0.9881197361057322,0.998684103306826
sum3,2030,0.5670835051514188,0.8060794214393718,0.05871858223666394,0.39102799588045606,0.7739184556490886,0.19361013060909665,0.10315323068961661,0.9523945919188513,0.9816980608230924
sum3,2031,0.6016616430825374,0.5299774814201477,0.04600111863122291,0.5837097324746807,0.7825346007832503,0.2536129083937449,0.07717969783667314,0.9250664296753824,0.9831206119654037
sum3,2032,1.3301972270687479,0.0,0.017458528379807582,0.19585975722671178,0.6854284548329679,0.059211908106455484,0.08171035942787092,0.9560101408229535,0.9932414918424483
sum3,2033,3.3345934140487503,0.6790634871315495,0.014315821604556528,0.16015974627530807,0.5745353654669247,0.048652522412594074,0.12106663068104716,0.9906700517361121,0.9977061764865105
sum3,2034,1.6497297201160381,0.790291329222685,0.06084170912959096,0.3031227137811654,0.8017243334900354,0.25935977116099607,0.10625535433595334,0.9722092542164233,0.9940539944630836
sum3,2035,3.322975311261196,0.8123494634202605,0.021888175853268108,0.20985669034465995,0.6703970572026576,0.08734942542216313,0.14493895671980594,0.9846366519884034,0.9969139079284312
sum3,2036,12.405709005637155,0.0,0.05856384746662169,0.16621315986374824,0.7769556235080598,0.1541343978169471,0.15305909948247226,0.9981438163506666,0.9993950035885566
sum3,2037,7.5728648531630665,0.0,0.03909243105802132,0.2473731706294854,0.7331065117315545,0.11385360956040333,0.12145898409714083,0.9732921610297629,0.9989925331160759
sum3,2038,0.8224115303654944,0.0,0.03092641332275028,0.7488518224236295,0.6768636759893825,0.08831303562247686,0.09755116714212048,0.9229999359013941,0.9859250977055332
sum3,2039,11.760254740076606,0.0,0.039037402735565906,0.5480572362846082,0.71803519388631,0.08967102751100069,0.16509355250872174,0.999286493705773,0.9994295620842069
sum3,2040,0.10565355837033849,0.0,0.18403930534790536,0.7494971945326031,0.8137198869964993,0.2961248039378405,0.09886467923328136,0.8986436017477188,0.9022516512068067
sum3,2041,4.1382668387143315,0.0,0.14710912071868304,0.40548849817936256,0.8721508629627769,0.2761477296870102,0.09379633333245199,0.9967444661735965,0.9970959719564844
sum3,2042,25.38630260559714,0.0,0.016123964262920037,0.03614905163739949,0.6509780127013555,0.0616299301708537,0.15712253738032844,0.999278215170956,0.9996922809344381
sum3,2043,2.5377456920442105,0.0,0.04875323043156601,0.34185972114187996,0.7983747657381015,0.11306692194232847,0.13194342672748832,0.9937527087653032,0.9967450245800974
sum3,2044,1.5309169092914787,0.8772043232818719,0.02185820218757749,0.32227464357584507,0.730383755174628,0.2779494592119655,0.12772027226220156,0.9395114849299162,0.9936876376742021
sum3,2045,1.5192590795360883,0.0,0.08341999902179657,0.609789840583623,0.8403077967836647,0.17159902088976964,0.11196932692331746,0.9861929022566326,0.9949063289908938
sum3,2046,3.1001401439088014,0.036209760776884425,0.012722870593977018,0.09263093934855565,0.7511828678258909,0.08764609408385128,0.0993943092645934,0.9733047915768267,0.9970245248633496
sum3,2047,2.1202589649949815,0.5331080777659749,0.10630192266746889,0.43617241830539616,0.8619920255386891,0.24386585682636622,0.10769891645271498,0.9942937798140435,0.9963901153428266
sum3,2048,0.07853619882277314,0.0,0.4807559281779372,0.7101957932979661,0.8822459556194929,0.5130054790900623,0.025178517137325336,0.8811554689701696,0.8834467646076849
sum3,2049,0.12145947586696246,0.4382608318943476,0.0536105620118996,0.7236428018314832,0.6921345613659531,0.17572543970082063,0.0937803550840753,0.8704878514452583,0.9286587451069735
sum3,2050,15.258594496140173,0.0,0.02607818196251789,0.5955424305719823,0.6821766132349503,0.075709961696283,0.16038240361938647,0.9979523052058397,0.9991823642765597
sum3,2051,5.387459724156605,0.0,0.011586722035165177,0.6576388278960658,0.5650689825429231,0.05016117217996371,0.13068581762472653,0.9947646415317836,0.9980234366560674
sum3,2052,0.9425995330121092,0.6941273217470992,0.010594921514465264,0.16384648627482903,0.6343877967427207,0.09543503991643068,0.11713504314966917,0.9454841393353012,0.9898080520577496
sum3,2053,1.7962941497828386,0.0,0.03376419625011969,0.43562415024241957,0.7896596104636525,0.09185732441654833,0.07547745383742432,0.9656090224542483,0.9951610214266875
sum3,2054,8.99613625518877,0.0,0.010825064802597224,0.08230193729980681,0.7527175656551311,0.11726894847508815,0.13239857405025027,0.9861104701701747,0.9989910150134378
sum3,2055,0.8557081663658371,0.0,0.056808502212841394,0.7827443655750246,0.8734891786554303,0.1683629958356699,0.10560026946151733,0.9777947004252738,0.9870138237662703
sum3,2056,1.1474788702972913,0.0,0.08857715042220037,0.29680867390378596,0.8429343912127636,0.18358643844198377,0.11088384110919725,0.9884898651065521,0.991549689139785
sum3,2057,5.492513340866977,0.0,0.04154396317075025,0.2898578530523715,0.8086878547150079,0.18112503846987466,0.11445069539181849,0.9781711131753762,0.998310930527454
sum3,2058,15.812136902927517,0.0,0.014373138215568945,0.07596499693483547,0.7035583786022063,0.09253435315087356,0.14703749928774357,0.9914006717672765,0.9991802770166649
sum3,2059,1.3229683146145643,0.8845534338849989,0.010351375634836386,0.3599166050313579,0.4743060057235249,0.06641209280444144,0.10115986114096073,0.948631107434348,0.9922261898260964
sum3,2060,1.1681316229597936,0.0,0.014996154420927044,0.33202242610080873,0.7075065022822205,0.20428061851463053,0.07866132084941563,0.886367479239215,0.9923535076173238
sum3,2061,2.253578276097147,0.7032190841789355,0.019981155463226468,0.3141930791706212,0.6826055230320709,0.10911452197028372,0.132508710027165,0.9670768556169856,0.9960219484342021
sum3,2062,4.678417021376191,0.0,0.02581471361828481,0.704200367984574,0.6428206456857741,0.05711833328990551,0.15566867731642037,0.997664110648984,0.9979651939133641
sum3,2063,0.3813612791236897,0.0636327848672067,0.17781241926725425,0.7239736554198599,0.936865035463657,0.44702331532160094,0.0750543818147475,0.9724783053638282,0.9814437431563736
sum3,2064,2.111137190183534,0.0,0.015895053137090314,0.467408635352389,0.731736323299773,0.20859860141587264,0.10170023519293223,0.9075160686968314,0.9946261652828131
sum3,2065,3.6900219742301155,0.0,0.032554971486963326,0.5055061178039215,0.7060796623456733,0.08462804669423997,0.1429798657654923,0.9904301914952238,0.9970358311384763
sum3,2066,1.066164761806798,0.9277372201768141,0.0852670724076139,0.29541395554588523,0.7822658866048448,0.2138338598468342,0.14152948937110654,0.985357670305709,0.9892405150190173
sum3,2067,9.846531458736239,0.0,0.030895797596312648,0.15349923220462366,0.782420201732002,0.12058131746284427,0.12486885294087222,0.9833486474326486,0.9991511745332702
sum3,2068,5.19533465759037,0.0,0.029855430351348893,0.09619458613679248,0.7712341318742447,0.14411750965313042,0.1494927545054032,0.9958980188001901,0.9984882821163182
sum3,2069,0.3868486559390001,0.8169485704703463,0.08830657911265719,0.39221529104166725,0.7872141595978119,0.2082107333827419,0.13528426395914656,0.9761247381529463,0.9782652304365579
sum3,2070,1.985663004342203,0.7022277340447652,0.10246609110130846,0.6761565249863821,0.811087067714235,0.21409999954333667,0.1346850968166002,0.9949164878046937,0.996306703580836
sum3,2071,18.54591385799136,0.0,0.035871919689369425,0.11195906112741459,0.7533728495285155,0.11707476242448704,0.15169889875748208,0.9959301738860014,0.9995448646332645
sum3,2072,1.221718996246688,0.6595120984242633,0.07480609223713745,0.1408339608218302,0.8282095636527003,0.23327225882099725,0.15152506312671535,0.9906685477860973,0.9915902650312601
sum3,2073,3.2437788518257293,0.0,0.019337756977996973,0.4103379063320029,0.6331710878497627,0.05963074418511049,0.10772089764167421,0.969515205420177,0.9974108222935406
sum3,2074,3.637819432635235,0.7968692274038163,0.04136814583180223,0.25302421605822506,0.7176806440322417,0.10838937455020822,0.147617802002525,0.9891975492677673,0.9981402911493757
sum3,2075,2.5891404724792872,0.0,0.031016095944846264,0.48431440413465227,0.7422710303124054,0.09962742802675646,0.14217422763201226,0.9896814819178306,0.996559303185908
sum3,2076,1.7028801738196921,0.49793326908308744,0.015445939172239364,0.4737059908879355,0.7742598200097455,0.19444092564935656,0.12087970269174897,0.958439965553385,0.9938216664261786
sum3,2077,3.4269764142990127,0.0,0.019351189642280997,0.1812154927469557,0.8188975986910314,0.22391569840827508,0.12011311557070924,0.9744080697243711,0.9973534522628164
sum3,2078,0.7254688403076861,0.5538685219798106,0.01432358154521486,0.7459247230290219,0.5335158049790717,0.05353832496617548,0.06389933181333478,0.9101042249612323,0.9854439940198154
sum3,2079,0.5872822571527008,0.0,0.3167541213492746,0.6373768631226681,0.9750006418006628,0.41941882670899916,0.06921875257309519,0.982082548687459,0.9829432382413115
sum3,2080,0.881551671620427,0.5182168739955189,0.08444919326558081,0.3002094414283688,0.9178392010835943,0.35405924822525303,0.06136709812931051,0.9848223738637889,0.9882724660220845
sum3,2081,2.4060485924148867,0.2401275454383972,0.043616869349554006,0.7367104788268248,0.7614780123681073,0.11832977415769917,0.1263025296872389,0.9791627458563306,0.9956434489206678
sum3,2082,10.380528441181061,0.21514963545983745,0.056075895307664644,0.09800896631075885,0.7998092529881357,0.1359863111368264,0.14744115007024688,0.9987966489167955,0.9993298572675298
sum3,2083,6.205180507484267,0.0,0.025359038701142714,0.27195780123308655,0.7072973288470944,0.08012959928765637,0.15000408175882854,0.9950473015543332,0.9982962603761435
sum3,2084,0.9616268915361808,0.0,0.18270043626206772,0.30813159724767597,0.9395204379935778,0.3091104897895869,0.08248916466587769,0.9902025427214907,0.9905428276057002
sum3,2085,9.315831647512608,0.0,0.025579697031495242,0.06724901393515234,0.6746616355195625,0.07132544129730607,0.15863536119265484,0.9975919697356757,0.9990448367339835
sum3,2086,2.2238145479211378,0.09801773097159094,0.01635959869417852,0.36562874275977547,0.5963208264935849,0.0543239456695343,0.10425213895204924,0.9771276240021627,0.9962487167643321
sum3,2087,2.353672870021385,0.5825782990512874,0.010709085536666501,0.18395874376328242,0.7672998817225336,0.19452342034873069,0.12305686883458307,0.9531407420295752,0.9962517738971809
sum3,2088,0.15736975287937424,0.7591616373495165,0.07153275342152655,0.7360962959228234,0.7207088571135581,0.245720422146679,0.05742469314308325,0.874376021280034,0.9298982118099496
sum3,2089,4.015952142933214,0.2253228635859008,0.014643710771473743,0.23379930503514207,0.752961970621908,0.14552286480890828,0.1113302881686866,0.9626271466913536,0.9957502934601798
sum3,2090,2.90844842170307,0.19277877053123826,0.10285147009039212,0.3756882445762611,0.9047667032927984,0.2558654970590962,0.09682548612290413,0.9923753766883762,0.9970075871398228
sum3,2091,3.3368869685821223,0.5409822938596422,0.016038390904882936,0.4047511194099377,0.5917189653257318,0.050378625080265374,0.14586341755703502,0.9962285105642639,0.9972110972739227
sum3,2092,4.527099592638286,0.0,0.03905358021534098,0.5673974687752571,0.6957312810532805,0.09759771206866512,0.12779687013818675,0.9593424767398818,0.9973139679971934
sum3,2093,4.187177320236053,0.0,0.01193803324595409,0.5911808796807725,0.5526129104524049,0.05036284648268274,0.058755149643555236,0.9482628471905029,0.9980866000138937
sum3,2094,6.583719617945496,0.10019523126991936,0.015144850332872372,0.6840431359730305,0.6034393966176074,0.05355676701632675,0.13147628825620655,0.9935449970122322,0.9986237681032293
sum3,2095,4.8570155086968,0.0,0.018377884612371626,0.3719703717013753,0.6766565974078949,0.0648944839580974,0.07488676738235911,0.9470255156631983,0.9983405993771844
sum3,2096,0.980256878071869,0.9437992495946677,0.0540899774053696,0.3105624774048221,0.7361206492185117,0.13247408320351314,0.14999049440449097,0.9815466501785902,0.9886273573381166
sum3,2097,2.8356956951648624,0.6369290490934402,0.027622348653488397,0.11690640871585248,0.7485762261327116,0.1228392468841502,0.1469360904222961,0.9890239588302739,0.996481827527829
sum3,2098,1.4682291463318131,0.9536045035601765,0.011610286207251809,0.47934361419205307,0.6156850909552916,0.07009686077467776,0.1601053059473695,0.990268196246121,0.9925422099263485
sum3,2099,8.064244011418095,0.0,0.022816749953113526,0.3149332240042897,0.6801323028986511,0.0779777395001082,0.12520413274494463,0.9787849405099,0.9986590695870396
sum3,2100,3.695577428302404,0.9488520053727633,0.027099828506844597,0.04897741018024535,0.6607054142960207,0.07089528340620946,0.1725734899393493,0.9975954289290461,0.9976994628700542
sum3,2101,0.4085212693623922,0.45556399434052297,0.10870941783548209,0.7046751123375125,0.8663965234047925,0.31368054547409446,0.09860715395249788,0.959019767981849,0.9751482496020406
sum3,2102,1.4079179395658767,0.028599869810621903,0.06862581574197472,0.506815134969096,0.8340999092391581,0.2161620686329604,0.08459310329882068,0.9640542809707561,0.9951582918168116
sum3,2103,12.167770447908755,0.0,0.011371974901397672,0.16166287992423645,0.6238121123147767,0.06465671971646046,0.1262306730337778,0.9851293171678032,0.9987966281459396
sum3,2104,11.042183146843943,0.0,0.016647506862410344,0.08937851531079533,0.7093408902466638,0.09446997445906324,0.1429843818249692,0.9922244056752436,0.9991160238244253
sum3,2105,5.73861314428343,0.0,0.018309009784729675,0.212408428302665,0.7861549923419243,0.18356277579681404,0.11650858819333064,0.972049177229094,0.9977869265483601
sum3,2106,3.317102493859529,0.34956233167792494,0.013791320424025187,0.2620076912399584,0.7627145222844972,0.19286319124476434,0.12786168634285,0.9607539190748523,0.9974481406192223
sum3,2107,3.5879396480100536,0.17796630044813888,0.03671184042787999,0.6741097239556643,0.7744724490026471,0.1453366928527547,0.14533982145482996,0.9941499050718551,0.9972243366055761
sum3,2108,2.2410611689700195,0.7802318288498633,0.08177041935702431,0.4720298615665018,0.7850693000801744,0.20751877556994094,0.12194108355969883,0.9862725786609633,0.9948351950964237
sum3,2109,0.778813856051526,0.20709358579131332,0.039210611962166055,0.6072128868145121,0.8163249820266549,0.11529992810654903,0.12079144730133833,0.9823049286060553,0.9858026453759553
sum3,2110,2.650122184432065,0.9125963426548611,0.01514422990418752,0.4821379506367025,0.5525061499099978,0.04541528542308192,0.12997160022440107,0.993654410940491,0.9962355474031966
sum3,2111,7.144147238912566,0.0,0.05260685135582985,0.1013095184182385,0.8263313482622917,0.13302216299064318,0.13702729890865062,0.9978438339992435,0.9984449326097754
sum3,2112,5.252678507262603,0.8325528338653845,0.014079812025191459,0.04085122742638061,0.5689602025540039,0.05774867111561242,0.16516525787988598,0.9965565494508487,0.998345207256913
sum3,2113,1.5979971411421745,0.3814559812777467,0.06505220062529463,0.25349312855915856,0.8357407409182065,0.17923363061543937,0.130052945666147,0.9894157861585005,0.9938159749318688
sum3,2114,11.130971532309044,0.0,0.019824173645902807,0.029217195295022164,0.6395392479605195,0.05208303708947433,0.1447162997915717,0.9988048815127016,0.999141299447131
sum3,2115,0.15835657936913713,0.48490546731869166,0.11682923764591319,0.7565975831728732,0.8379943512742818,0.3376935177097764,0.08419469739983278,0.9261731604554229,0.9392496108406941
sum3,2116,7.423254013500738,0.0,0.01207217808774372,0.35348882165127893,0.5418730667038358,0.0419501542194519,0.08170649560405116,0.9844833048686101,0.9986903061711677
sum3,2117,2.0293008056748527,0.5764641390492526,0.010048325102837971,0.10523593804939253,0.700601585372826,0.1282036886244402,0.12404548120021824,0.9607978320949611,0.9949104835812699
sum3,2118,3.519548715867337,0.6700517962262298,0.036486933872009714,0.3610348742877171,0.7143484184055358,0.09515326662154124,0.15644183493928188,0.9938739630871071,0.9966772449354352
sum3,2119,3.695022166577597,0.3312923444111179,0.02103272808496862,0.6697664191698136,0.6199186717799535,0.052917922337416934,0.16298544173801113,0.9971599720335447,0.9972588025837915
sum3,2120,2.3108195557488926,0.7208581661140894,0.023528445000078693,0.7461838763935233,0.7270303458561025,0.14957105458647177,0.14888068534836263,0.9782031321095427,0.9964273322151014
sum3,2121,3.2532433846676425,0.20619789802894894,0.047652294426024124,0.17619327533201554,0.8031549030540353,0.15880487139905156,0.13546496894405682,0.9909522655151581,0.997896853255856
sum3,2122,2.6308613480740433,0.0,0.010443184970500188,0.5208548383630123,0.6610666587236254,0.1102424427841014,0.09408408073451578,0.9328637579508845,0.9894351358540668
sum3,2123,1.334449620048799,0.7845216545479028,0.1529232357441012,0.4782455194128131,0.8622269730225849,0.30582637167313775,0.09537294699459219,0.9899295975014334,0.9921403383901648
sum3,2124,0.8310201446283758,0.023474502989259793,0.29484214613352494,0.5565062340416781,0.9418528458494018,0.3777382983965914,0.06033928545500512,0.9869810366688094,0.9874690452247724
sum3,2125,3.397050972684705,0.8671633826501075,0.011489215591098438,0.0608390267133916,0.5874452392535583,0.06306335642270677,0.13566062578918928,0.9835719522098786,0.9967431303119111
sum3,2126,5.4877881250231155,0.2695206584626634,0.032307482711319224,0.0412340022707363,0.6795225599219197,0.07357905090604314,0.17052652674649046,0.9986570729979274,0.9986892967510477
sum3,2127,2.1477258260526964,0.0,0.06452034441749882,0.41439269573052046,0.8522706953849952,0.19703391670238363,0.09220598030241937,0.9769100701536093,0.9961170802699767
sum3,2128,16.873836998864252,0.0,0.032534246014359114,0.07949846938995457,0.7602739618734657,0.10298652903362673,0.146581236031453,0.9976898851142042,0.9994202611226582
sum3,2129,6.724005351943421,0.0,0.02952853898124401,0.5188403118883611,0.7125417061350505,0.09778359451035021,0.13483506287991573,0.9768424225412816,0.9983386814056726
sum3,2130,0.7650025500762234,0.0,0.021056079904463683,0.3476781824058077,0.7689324227098195,0.0792257990390103,0.07535898765874453,0.957599535861719,0.9904552663776334
sum3,2131,0.9822858335382332,0.44828124287038384,0.10431659432006288,0.45184303609432946,0.9107237369243956,0.3424818783400399,0.08025870912287181,0.9856758298827409,0.9896793150360272
sum3,2132,2.5084572189757006,0.0,0.02425186459721754,0.5014900579533641,0.7368737095111204,0.08770586511592715,0.10891573602602239,0.9719862795155179,0.995263552155567
sum3,2133,1.2807390815816362,0.23788798895971253,0.06663974507941679,0.5395669698912338,0.8029520666364505,0.1685833754324623,0.10723061665685665,0.9754232820561644,0.9928923404845366
sum3,2134,5.383297154621451,0.0,0.016805502494270028,0.16142824196467134,0.7476845648031293,0.17644362253702378,0.11606084281154004,0.9476999131714856,0.9977976791736418
sum3,2135,0.1500659769536908,0.9252277260121006,0.06408425685697715,0.563137724427796,0.6227329571774796,0.1653864231426769,0.18164687457419815,0.9246412928431814,0.9276266238328366
sum3,2136,1.044726937173783,0.0,0.010673492786384499,0.5259951489149167,0.5299675623223749,0.04011683223299884,0.11256315264431602,0.9881311976315263,0.989389480624716
sum3,2137,1.0695808291808595,0.9341753875798251,0.12563037173301939,0.4921468170121044,0.823457995396412,0.2873976353340364,0.09880862428897674,0.9851917757158866,0.9909194839061629
sum3,2138,2.365431269376045,0.8262360976930465,0.021228355874043873,0.07907229992753474,0.7063296211704454,0.10662001952406223,0.1574738198699832,0.9894969669410038,0.9966391683359106
sum3,2139,0.7877962901167523,0.0,0.040027096903835054,0.7688769225376406,0.7035199105476544,0.07853512052689701,0.1364288339628418,0.9715220599072565,0.9861677796770498
sum3,2140,2.1795627414232333,0.5959527842195464,0.05305337975408293,0.17393148807911385,0.8036526492663498,0.20523138900931712,0.1327138363618627,0.9898243075064809,0.9957625503037489
sum3,2141,1.6752745391471806,0.7133075940563126,0.03008872587761608,0.15355825470764753,0.7040798085356903,0.08368280267253926,0.14769334049187507,0.9890820970356788,0.9946597495652343
sum3,2142,0.9200460623695321,0.7568316695980242,0.054872940696635876,0.5115250055708411,0.7406010184175215,0.13623051038341946,0.13073969216541925,0.9729102395323372,0.9890121589749933
sum3,2143,1.036622235455631,0.0,0.04036290032911182,0.3676139643273309,0.7665822520205156,0.11459739810236512,0.09287007040397516,0.9534726373602087,0.9909571007347153
sum3,2144,1.0270689301587983,0.6975131325731753,0.01343804010312959,0.7706954451693026,0.47238955074673095,0.04212334670574076,0.1263315789468286,0.9850161306847008,0.9905927199187541
sum3,2145,1.2805578484637241,0.0,0.12264717214096335,0.37814669136447343,0.936512233963695,0.27415779314540906,0.08787591879703428,0.9908151363449316,0.9925631489251862
sum3,2146,5.350132121252559,0.4359277116114201,0.01500920464167858,0.31261843460065014,0.6929294537605143,0.10734117403748543,0.10498761770510716,0.9475981476287265,0.9973318120213619
sum3,2147,2.917157894624372,0.5421354832732042,0.052401123561718756,0.6253019467039651,0.7363304919642987,0.1273339171281548,0.1467024710437818,0.9870181502588262,0.9963908360693365
sum3,2148,1.963912823711922,0.5209098712732053,0.0948538833100661,0.5321170991175956,0.8107776373312024,0.20897258024106194,0.12490091053011255,0.991315618293512,0.9949973473081277
sum3,2149,1.0059436422089643,0.9036080662784265,0.08024458507663006,0.7445520764629032,0.7750428914881587,0.2566287790964956,0.15558368387205107,0.984440331778055,0.9893109172660368
sum3,2150,7.9312707945746785,0.0,0.04219960508986445,0.4210067621708772,0.763521130310769,0.11532254274588387,0.12924115288477145,0.986198623308572,0.9986940226668187
sum3,2151,9.302213502361383,0.0,0.01716105157097808,0.16306391433051304,0.6933564453576853,0.08658011726595896,0.12890280976522736,0.9827972121676469,0.9986468765416453
sum3,2152,14.421266715061137,0.0,0.022315992422151657,0.08542073924114989,0.7470804515296139,0.08865188234159267,0.13551457491428598,0.9955632797867359,0.9993824300612802
sum3,2153,2.4519428866516746,0.0,0.056979782867629836,0.4717730429628357,0.8267479014106601,0.15770413189771146,0.13120129462589297,0.988938161084395,0.9956182327864408
sum3,2154,1.1082939368574594,0.389875640070535,0.059817613445130494,0.4387385829517485,0.793695921833129,0.14500462797968744,0.15475539529043372,0.9896256954639805,0.9906245705767243
sum3,2155,8.719172039021343,0.18911416320764962,0.02444350158348151,0.1685032429379906,0.7462837291536781,0.12547611946509338,0.11703068189986926,0.9618823840625482,0.9990785450211084
sum3,2156,0.7804140810843895,0.0,0.01788512750273956,0.16382634359446627,0.7729600861707715,0.08683882771862013,0.07659814007975309,0.9394776572438427,0.9868760851520635
sum3,2157,1.733973519284229,0.0,0.03285048107306507,0.7374592352896335,0.7388440124176959,0.0702238085328156,0.10963329002666193,0.9824120786657428,0.9932877787182668
sum3,2158,6.880261661463103,0.0,0.03382558952850016,0.1482974417824253,0.8047658562952172,0.14985363839176274,0.13731795057503374,0.9934644935111866,0.9985954678599234
sum3,2159,18.130092159583175,0.40657961779752905,0.016233947873187122,0.0402575406073281,0.6439950023096137,0.0626148361977589,0.15537297597801314,0.9979888521137217,0.9995404357551786
sum3,2160,2.074679185507329,0.0,0.16329801488820717,0.4759801680227664,0.8895100647386528,0.2756410572329831,0.10288235626779582,0.9958443885484219,0.9959585311830795
sum3,2161,2.889948476567867,0.0,0.11624211059531467,0.7078987101309774,0.8193458757221443,0.22496376479064234,0.11109894748148434,0.9919719703811376,0.9970663879199362
sum3,2162,3.114615886601602,0.2749321835958837,0.0922712498630978,0.6917804413504814,0.8580961442890775,0.21266359461902137,0.12993007240440632,0.9951437676417915,0.9954987771958286
sum3,2163,6.155789602048065,0.0,0.01422579310802341,0.02220510880164732,0.5639184885996256,0.04347180006287401,0.13371157316803886,0.9982951150237063,0.9983918503741834
sum3,2164,0.32041039370967095,0.834368597299902,0.13020129873684191,0.7639646531028758,0.8582434605683191,0.28199919904353093,0.08439818666668854,0.9732138882792398,0.9753669022854358
sum3,2165,8.205664689505685,0.0,0.051628929227153786,0.4996955021628223,0.753319635975974,0.12381326949439467,0.15058082500037367,0.9968208666773171,0.9990420418826373
sum3,2166,3.821158582635281,0.08497360855917624,0.016557760253657124,0.5671444024709607,0.7721845496264781,0.14273785311646295,0.11977064126353808,0.9676336439222739,0.9973902653763967
sum3,2167,2.368002427151012,0.0,0.02850523128505934,0.3982959944941647,0.7163198504384305,0.07799408308551227,0.11831709882303308,0.9793834073691748,0.9960713641919583
sum3,2168,2.291016059898566,0.0,0.011340813682443648,0.23402989634442492,0.58107285811104,0.03890234516511034,0.07638363882410774,0.9841029072002562,0.995545349109633
sum3,2169,13.387398873319205,0.0,0.01633330350793426,0.02675709701115559,0.6298285542333716,0.05068670407087656,0.1417675444533535,0.9992139233889252,0.9993867063089251
sum3,2170,4.624311889312557,0.03999825193982853,0.017695107468524204,0.4442117485856304,0.6798537688365553,0.05960447561820138,0.11874868745312024,0.9896072602236459,0.9972456117176743
sum3,2171,4.950569716427766,0.0,0.037012516118431406,0.38735551440467453,0.7366812436926298,0.09910206676907095,0.16069724321761275,0.9980420809983721,0.9982981896207308
sum3,2172,4.588029421724116,0.44787702793337614,0.03289064051764858,0.13367100565990803,0.7546001482721474,0.10894540685170613,0.14523128950702652,0.9940755512905569,0.9980235692885703
sum3,2173,4.225531339074292,0.0,0.019687503453199865,0.6906895883623415,0.5934254923205251,0.048671736827414894,0.13216273325680264,0.9937589617665221,0.9969500029898305
sum3,2174,3.3761960747233255,0.0,0.01181215928566578,0.2708188560064418,0.7980149598692645,0.1816983809514317,0.09919054994224118,0.9477141667487909,0.9970109603455783
sum3,2175,0.49259453863737096,0.7542220210191671,0.01833683351784195,0.5112255706737393,0.6323975897276224,0.07287353741166805,0.0904416837656116,0.9379270304685154,0.9837438460924653
sum3,2176,0.6544918315064339,0.8071613942117225,0.01914597039531757,0.4161597446402344,0.7547585534040324,0.22459951961605562,0.11582387469076834,0.9232340138013162,0.9824663933413196
sum3,2177,1.1321030242982015,0.8671701711217407,0.012128078165867974,0.26537108693646777,0.6613602344181342,0.11039442570752253,0.10099737629340579,0.9333497475088057,0.9894945755377325
sum3,2178,11.274676243618632,0.11554424072924474,0.010779985529170474,0.07859725862111998,0.5749410820817165,0.04980366495352419,0.13383646905269656,0.9966508400059962,0.9989593636711995
sum3,2179,4.82532368489232,0.6282184612384052,0.012464207580894154,0.1080835694660662,0.6351427501490658,0.06837991307121256,0.14119825315753104,0.9895138389013572,0.9972763983147737
sum3,2180,3.469656137690091,0.46804022515415933,0.011190812869615204,0.4501967278507073,0.538615674178178,0.0488843203376199,0.12438690690538069,0.9915083068261896,0.9973314056193862
sum3,2181,2.4791509807697993,0.8123154735025904,0.02169282955892135,0.029094339161874514,0.6046812932191763,0.052504409494034655,0.16317134862331575,0.9964761072778431,0.9965656914261872
sum3,2182,1.3288573490749707,0.0,0.27051351518122674,0.344544675235737,0.9505419117255735,0.3783988788222242,0.06791756599517283,0.9934374527582747,0.9936220369421513
sum3,2183,1.4675853760310769,0.5532076835794446,0.025789426167587243,0.5927356713755448,0.6869546574756689,0.13987876828691184,0.06459806854003391,0.8932725980101299,0.994035213618355
sum3,2184,6.783308450537048,0.9277503678800194,0.02854429660645391,0.05969411676258945,0.6875070221494688,0.08534122131196821,0.1686493166296972,0.9979949277522705,0.9987087578623755
sum3,2185,9.431712425384854,0.0,0.012726779963723154,0.20654830362743562,0.724748359433806,0.1150204907322142,0.11108142098558432,0.9585488355420907,0.9988143614923657
sum3,2186,2.741555955085422,0.37698857617670634,0.036364232431449074,0.41925767542214004,0.6968016244740379,0.07763404875056162,0.15524953599735752,0.9963048342653801,0.9967235584267489
sum3,2187,3.592830235337319,0.1329141467238747,0.03289116896120178,0.12984817776102195,0.7301498173255209,0.09436102208471815,0.14649649394258413,0.9918316762661777,0.9974894847811563
sum3,2188,1.093357343220582,0.3915547420291554,0.20555624817300874,0.24708797913843963,0.9049107940697548,0.3379085263281949,0.07348985952956065,0.991651291022442,0.9920461087685866
sum3,2189,7.629142610610578,0.24825559196406777,0.04535724601725345,0.06549182945363888,0.7454970810152259,0.09528869357882133,0.1590771334396747,0.998586820030234,0.9987312237143718
sum3,2190,3.9571893181492976,0.0,0.05216193570200183,0.48500204258573676,0.8088869286323221,0.17412497122770915,0.13695278975010816,0.9961924257099352,0.9973526664119993
sum3,2191,3.4476906745465103,0.28603634536480027,0.018301867133078232,0.06873971310470199,0.6709577026420862,0.06319915644857939,0.1465222183864063,0.9961181353918083,0.9976310883532962
sum3,2192,3.232881104044471,0.24243452368623808,0.016057901051523996,0.15590487590842264,0.6348255681106979,0.06558899383314279,0.11613124041073947,0.9787380143134992,0.9976498724468896
sum3,2193,4.776009005651562,0.0,0.06645570696170928,0.7667031205208645,0.8262078876785854,0.12204189114596797,0.13791785695816391,0.998365475881783,0.9984242542257716
sum3,2194,0.997529682787644,0.8712494149743247,0.05838739304158477,0.10463728869464377,0.758415799757921,0.15631238465839573,0.1558904486635294,0.9882539979013479,0.9888134116910472
sum3,2195,2.1640837224369354,0.0,0.056240646486005956,0.49954504091239604,0.8901501401350629,0.3351335681006965,0.09263252495984074,0.9752045714714567,0.9948525928012183
sum3,2196,11.96388716723043,0.0,0.0114141270025675,0.24367545423479806,0.5744262909524773,0.048450384608750695,0.09837695577769437,0.9848305154978483,0.9989400539197153
sum3,2197,2.374609460479257,0.0,0.07241142338746161,0.2376109599023094,0.9046171469673556,0.21278226281221307,0.11422356913834508,0.994333069753713,0.9966833193497107
sum3,2198,18.382354685501006,0.0,0.013600338093021353,0.03389896406331413,0.6186149052255567,0.05302407997706242,0.13900130574908307,0.9976188285418154,0.9994573591816327
sum3,2199,20.306861217780497,0.0,0.013085852758818382,0.033733275853015623,0.626070095619971,0.05416226293804038,0.14467020543460857,0.998709383824381,0.999595978528161
