run,h,eps,layers,mlp,pe,conflict_frac,seed,recon_err,L_absmax,top,n_copy_heads,copy_heads_share,prop1_model_r2_copy,prop1_model_r2_all,share.embed,share.L0H0,share.L0H1,share.L0H2,share.L0H3,share.L1H0,share.L1H1,share.L1H2,share.L1H3,share.ln_bias,share.MLP0,share.MLP1,share.L2H0,share.L2H1,share.L2H2,share.L2H3
E1_h0.01_e0.1_L2_alibi_learn_attn_s0,0.01,0.1,2,0,alibi_learn,0.0,0,7.474422454833984e-05,6.4158196449279785,L1H1,2,1.041338665596376,0.9902227810637082,0.9922246989308295,-0.0004691091373814482,-0.0003246181952321287,0.00019250867621621722,0.0004700628658439381,-3.8453033161140574e-05,0.5042309312971385,0.5371077342992375,-0.04122339168196956,0.0006758882208698994,-0.0006211547826303821,,,,,,
E1_h0.01_e0.1_L2_alibi_learn_attn_s1,0.01,0.1,2,0,alibi_learn,0.0,1,4.482269287109375e-05,6.838555335998535,L1H0,2,1.0006491461077296,0.9775463503750814,0.9775850975475193,-0.0005598056172563592,3.962231306163041e-05,0.0002537534623617201,-4.798805071862683e-05,-0.0002433355104266211,0.5364463189712554,0.46420282713647415,0.02317463653603156,-0.02318873624153473,-7.708831439202452e-05,,,,,,
E1_h0.01_e0.1_L2_alibi_learn_attn_s2,0.01,0.1,2,0,alibi_learn,0.0,2,0.00011789798736572266,6.573703765869141,L1H1,2,1.0471549196856649,0.9909407761526451,0.991630004753748,0.00017716541685541915,-0.0003082484409258966,-0.0004673696218893436,0.00043081944729201873,-1.934999419755101e-05,0.5062626115039778,0.5408923081816872,-0.04359098998608266,-0.002988357396716599,-0.000388020404946687,,,,,,
E1_h0.01_e0.1_L2_alibi_learn_mlp_s0,0.01,0.1,2,1,alibi_learn,0.0,0,7.390975952148438e-05,7.274820327758789,MLP1,0,0.0,,0.9050462490019686,3.6236188149731265e-05,0.00010359616381257635,4.802387078263353e-05,-5.476042745763606e-05,0.00012812387647378624,0.04553010403254452,0.03028807121563056,0.0002652950598279248,0.00115460922968662,5.2736699317408226e-05,0.000494476150907104,0.9219543932615135,,,,
E1_h0.01_e0.1_L2_alibi_learn_mlp_s1,0.01,0.1,2,1,alibi_learn,0.0,1,7.641315460205078e-05,7.152744770050049,MLP1,0,0.0,,0.9365902407716936,2.9948628028271557e-05,5.905377338875073e-05,0.0002247734660433463,-5.8411274304873724e-05,2.0695863692405506e-05,0.047034433683883006,0.027050505340371196,-0.0023931275199623077,0.0006725631180336103,-0.00013453927579301343,0.00014947351805173946,0.9273453474491449,,,,
E1_h0.01_e0.1_L2_alibi_learn_mlp_s2,0.01,0.1,2,1,alibi_learn,0.0,2,6.902217864990234e-05,6.9607319831848145,MLP1,0,0.0,,0.9547028538388221,-0.00023470704091406775,-0.00011016811783583716,-0.000113111085134473,-4.7671009364730696e-05,3.423110409544432e-05,0.03863793476630072,0.020740380347746997,-0.002827384327981362,0.004331048254733156,0.00023152323126501343,0.0006855231791032705,0.9386732032770535,,,,
E1_h0.01_e0.1_L3_alibi_learn_attn_s0,0.01,0.1,3,0,alibi_learn,0.0,0,5.745887756347656e-05,5.953245162963867,L2H0,2,0.8929993011079266,0.9802870927710579,0.993216197639735,-6.382996464526939e-05,0.0004008872807806484,5.006967030863008e-05,-1.5976813646850823e-05,-3.896715729932832e-05,0.00045536762112147297,0.010729137392435795,0.00414231519638765,-0.00010105146280603528,5.064125831639966e-06,,,0.698903003938905,0.19409629716902158,0.07528931363175688,0.016148972470626185
E1_h0.01_e0.1_L3_alibi_learn_attn_s1,0.01,0.1,3,0,alibi_learn,0.0,1,5.745887756347656e-05,6.159851551055908,L2H0,2,0.8813217952658885,0.9709876719560827,0.989512704392067,0.0001630905656823596,0.00037678070478739853,-1.607196252235939e-05,9.618309424393592e-06,-0.00023337178174413127,-0.0002237833187130699,0.015757322177882116,0.004213230502782174,1.5993592510031935e-05,-2.6645139696034562e-05,,,0.6862439179125613,0.19507787735332718,0.07859551124587315,0.020047409262552853
E1_h0.01_e0.1_L3_alibi_learn_attn_s2,0.01,0.1,3,0,alibi_learn,0.0,2,6.628036499023438e-05,5.861685752868652,L2H0,2,0.8993422414562692,0.9692058366012523,0.992448487241515,-0.00027200691019144634,-1.440854414226456e-05,9.141436978913959e-05,-7.748741867342573e-06,-9.666835823637148e-05,0.00466376006031895,0.018123265172565253,-0.00038183987215588096,-2.4406754433547813e-05,-0.00010088184244536638,,,0.6971195677389178,0.20222267371735136,0.06395803464310322,0.014719796529262688
E1_h0.03_e0.2_L2_alibi_learn_attn_s0,0.03,0.2,2,0,alibi_learn,0.0,0,3.2901763916015625e-05,5.284188747406006,L1H1,2,0.983954018071556,0.9533367086565189,0.9656934383110524,-0.0014341498252294404,-0.0009550529767636525,-0.0005383872969307667,0.00018934510193068757,0.00029810837038057023,0.4836800130125007,0.5002740050590553,0.08971539409529415,-0.07127606115681341,4.6716073388352515e-05,,,,,,
E1_h0.03_e0.2_L2_alibi_learn_attn_s1,0.03,0.2,2,0,alibi_learn,0.0,1,2.1159648895263672e-05,5.47451639175415,L1H1,2,0.9986863646230153,0.9570376718482564,0.9598923004102741,-0.00014351217946833423,-0.0007103139638893212,4.772994998509382e-05,0.0009134301470190909,0.0001232809034336813,0.48318350105627067,0.5155028635667446,0.06678074025079693,-0.06619631856724112,0.000498876886289492,,,,,,
E1_h0.03_e0.2_L2_alibi_learn_attn_s2,0.03,0.2,2,0,alibi_learn,0.0,2,2.759695053100586e-05,5.110568523406982,L1H0,2,1.0053121912658587,0.9539067528235416,0.9573548416116134,0.00010778162181284735,-0.00010909710674025596,-0.0001518873606449685,0.00025212271518181413,-0.00020488533327226357,0.5098621498395459,0.49545004142631266,0.0651648306194368,-0.07051323262626828,0.00014244443330191232,,,,,,
E1_h0.03_e0.2_L2_alibi_learn_mlp_s0,0.03,0.2,2,1,alibi_learn,0.0,0,3.1113624572753906e-05,5.135548114776611,MLP1,0,0.0,,0.9020621159612049,-5.257873751334556e-06,-8.369040868743136e-05,-1.381596834781054e-05,7.28982249744977e-06,-2.7155286102547144e-05,0.05437405108924353,0.04327265937811174,0.003286601853348603,0.0020928750337304786,9.505140540684238e-05,0.00023349491474570678,0.8967692742230816,,,,
E1_h0.03_e0.2_L2_alibi_learn_mlp_s1,0.03,0.2,2,1,alibi_learn,0.0,1,5.042552947998047e-05,5.2893548011779785,MLP1,0,0.0,,0.8956863025743036,1.20125754101498e-05,-0.0002639065158721612,-0.00012735338394395847,0.0001329421517655287,-5.9666622200890115e-05,0.06108091646735175,0.0460112387192219,0.001501745835371835,0.001937680406619932,-0.0002587710406546565,-0.0005688599532819507,0.8906032160410045,,,,
E1_h0.03_e0.2_L2_alibi_learn_mlp_s2,0.03,0.2,2,1,alibi_learn,0.0,2,4.166364669799805e-05,4.854468822479248,MLP1,0,0.0,,0.8873101385876496,-0.0005121657574297521,-0.0005121437722738965,0.00010973802006342232,0.0001998572641712686,1.0907856771197099e-05,0.06269698900936094,0.04104034884138155,0.004148517976562602,0.004533736763521008,0.00014646141381632796,-0.0007300258787957745,0.8888691582408879,,,,
E1_h0.03_e0.2_L3_alibi_learn_attn_s0,0.03,0.2,3,0,alibi_learn,0.0,0,2.384185791015625e-05,4.81056547164917,L2H0,2,0.9742100748430236,0.9749014183462081,0.9903502614605241,-3.984977736354805e-05,0.0002242744378365305,-6.160191652598226e-05,9.582520505494733e-06,2.46603779720098e-05,-0.002312033323494673,0.0012952859275468954,-0.0017739331564376054,-4.448348118109417e-05,3.5404502942945315e-05,,,0.5221271368684931,0.45208293797453053,0.01603640220021614,0.012396396264165246
E1_h0.03_e0.2_L3_alibi_learn_attn_s1,0.03,0.2,3,0,alibi_learn,0.0,1,2.9087066650390625e-05,4.825182914733887,L2H0,2,0.9716976839619489,0.9836225270279915,0.9892716563753149,0.0013344045198360745,-3.921528523601332e-06,0.0002449494040385066,4.186927051410645e-05,-0.00047894966589541406,-0.0023473796375451488,0.007022915006188559,-0.0053670031108928404,-2.0390831218100497e-05,-3.486238346132305e-06,,,0.5619879265833874,0.4097097573785615,0.02043879466407624,0.007440908164079416
E1_h0.03_e0.2_L3_alibi_learn_attn_s2,0.03,0.2,3,0,alibi_learn,0.0,2,2.8848648071289062e-05,4.652017593383789,L2H0,2,0.9603011842289789,0.9921776185209934,0.9928541372504215,0.00028417194675377754,-0.00010873192730810557,6.265477780404133e-05,0.00012314863739561058,-0.0005261103723702866,-0.003248597258503225,0.005327817393749853,-0.0003150651087945193,-1.8400461563635152e-05,-2.3978331298503035e-05,,,0.5349646823296064,0.42533650189937255,0.03664635920682445,0.0014959724231668108
E2a_h0.01_e0.1_L2_learned_abs_attn_s0,0.01,0.1,2,0,learned_abs,0.0,0,8.38935375213623e-05,6.027642250061035,L1H0,3,0.9745865073763994,0.9870072675719824,0.9879589834885444,0.0009415043743897393,0.00022926159632618995,0.00017041026294883614,0.0010892735726215055,0.00013820061378323558,0.3503939139989198,0.3327295550712324,0.2914630383062472,0.023758394564639622,-0.0009132963879940762,,,,,,
E2a_h0.01_e0.1_L2_learned_abs_attn_s1,0.01,0.1,2,0,learned_abs,0.0,1,7.641315460205078e-05,6.229474067687988,L1H1,3,0.961091243955128,0.9737856109511814,0.983770450869701,-0.0003903579071707104,0.00047056984461725824,-3.26779271396401e-05,0.0018957958954594948,0.0005351069271411652,0.29485643410596307,0.3910950309797469,0.03632122210231831,0.2751397788694181,0.00010961779988105739,,,,,,
E2a_h0.01_e0.1_L2_learned_abs_attn_s2,0.01,0.1,2,0,learned_abs,0.0,2,7.319450378417969e-05,5.949146270751953,L1H0,3,0.9683857824910537,0.9858722673068623,0.9942242713197061,-0.00021096828081189014,-0.00018924795438977172,0.0003566173301763023,0.0015712575411165708,-2.8477719617922057e-05,0.3874704165735316,0.2630494949193586,0.31786587099816355,0.03084747576243965,-0.0007323175544505328,,,,,,
E2a_h0.01_e0.1_L2_rope_attn_s0,0.01,0.1,2,0,rope,0.0,0,7.152557373046875e-05,6.417050838470459,L1H2,3,0.9938360374636642,0.9905806665280709,0.9932799733454583,-0.0002468474235262997,-8.096353640169001e-05,0.00012338926400690746,3.2356821197151546e-08,2.9006759030072874e-05,0.005838504115535259,0.41628269098001974,0.43390474122763767,0.14364860525600676,0.0005011284914807108,,,,,,
E2a_h0.01_e0.1_L2_rope_attn_s1,0.01,0.1,2,0,rope,0.0,1,5.7697296142578125e-05,6.341547966003418,L1H0,2,0.9836996923980331,0.9927883269913769,0.9931408436196647,0.00021076454228266723,-0.0003382119235383125,0.00015088441409568756,4.063509710965854e-05,4.485421995657229e-05,0.501047549148819,0.006680694346798397,0.4826521432492141,0.009349073727840393,0.00016203925153520195,,,,,,
E2a_h0.01_e0.1_L2_rope_attn_s2,0.01,0.1,2,0,rope,0.0,2,4.4465065002441406e-05,6.640739440917969,L1H0,3,0.9831397216072852,0.992324908922925,0.9937920008129192,-0.000238928142373706,-0.00023182292633393102,0.0005212447387545733,-0.00014673155530555676,-0.00017028821837049705,0.40313555842660387,0.2867289956054771,0.2932751675752043,0.017174799638658658,-4.780703826069061e-05,,,,,,
E2a_h0.01_e0.1_L3_learned_abs_attn_s0,0.01,0.1,3,0,learned_abs,0.0,0,4.994124174118042e-05,4.883669853210449,L2H3,2,0.9029285298680079,0.846395384824467,0.9474527143846269,-0.0010516330613369435,-0.0005119318304922397,-9.81675478727292e-05,-0.00017879793122256744,0.0007949377990262338,0.003752597726937586,0.01265635202017007,0.005928948783527846,0.0015826807241665296,2.390292500157919e-05,,,0.015501247961409849,0.3650622264469895,0.058672188568100914,0.5378663034210184
E2a_h0.01_e0.1_L3_learned_abs_attn_s1,0.01,0.1,3,0,learned_abs,0.0,1,4.45246696472168e-05,5.278731346130371,L2H2,3,0.9980424686312057,0.9255392406312655,0.9634001303359485,4.575366378782805e-05,0.00014687431338676106,0.0010266929802994046,-0.0002965880999195107,9.856073778057782e-05,0.01766571437184087,0.007433540806938517,-0.0016159511294943924,-0.012403348285478502,-0.0001285093141470598,,,-0.010013907405273388,0.4405858238835077,0.4570785963952706,0.10037804835242753
E2a_h0.01_e0.1_L3_learned_abs_attn_s2,0.01,0.1,3,0,learned_abs,0.0,2,4.684925079345703e-05,4.936963081359863,L2H1,3,1.0620468330137827,0.8495876616292634,0.9248459806524525,-0.00032339953514115967,1.0140291550538336e-05,6.469330636734814e-05,-0.00015024309889150172,-0.00021397307870985887,-0.003475345366232421,-0.012984361860116967,0.015339311616993057,-0.034883025916909324,5.6064956293708436e-05,,,-0.02548568227865045,0.44393542250829165,0.29005507371174033,0.32805633679375074
E2a_h0.01_e0.1_L3_rope_attn_s0,0.01,0.1,3,0,rope,0.0,0,5.269050598144531e-05,6.623482704162598,L2H0,4,0.9878908046267032,0.973649182761002,0.9902849200540214,-0.00038281186041872037,-0.00043427351719450884,-8.736935891241672e-05,8.913433630610067e-05,-0.0004990649113566635,0.006482437226843607,-0.008636793830771133,0.12602207463943352,0.1272039194000024,-1.665739143582875e-05,,,0.3840184892009898,0.002377145009088005,0.35064632138627744,0.013218372458546812
E2a_h0.01_e0.1_L3_rope_attn_s1,0.01,0.1,3,0,rope,0.0,1,5.196034908294678e-05,6.481844902038574,L2H3,3,0.9273956719727967,0.9655973541870102,0.9840098171573053,1.2554634360190027e-05,-1.5336202459231644e-05,-2.539993622451085e-05,4.258247594049783e-05,-1.1001449798204673e-05,0.0009159290116152782,0.0008524084069110885,0.04258653269181361,0.022702070010329443,9.506079164915862e-05,,,0.3303424605411601,0.23193898958212628,0.005449128144495337,0.36511422184951026
E2a_h0.01_e0.1_L3_rope_attn_s2,0.01,0.1,3,0,rope,0.0,2,4.696846008300781e-05,6.503576278686523,L2H3,3,0.9255695144499774,0.9557760939052016,0.9785219774187941,-0.000161360192340066,-1.87059529832355e-05,6.095442300919242e-05,5.019740910741318e-06,-0.0003371934406945233,-0.002041638973613978,0.10457547989246611,0.022112400946446217,0.004434785344268868,-2.264546832514557e-06,,,0.05471482246362165,-0.004335525734783968,0.3376345281120909,0.4833595064454204
E2a_h0.03_e0.2_L2_learned_abs_attn_s0,0.03,0.2,2,0,learned_abs,0.0,0,2.7298927307128906e-05,2.411668062210083,L1H3,2,0.9187895118186782,0.9753970875807703,0.983685356709231,-0.001316029940648453,0.00019743449677113496,0.00035697162197981003,0.004350678435726896,-0.0006567971641177309,0.08883689253376806,0.4381105062548717,-0.011018510656802809,0.48067900556380644,0.00045962623487501465,,,,,,
E2a_h0.03_e0.2_L2_learned_abs_attn_s1,0.03,0.2,2,0,learned_abs,0.0,1,3.0517578125e-05,5.32702112197876,L1H1,3,1.018110243616956,0.9641616709588133,0.9669347109628341,0.0002301699602236249,0.0012746098088426711,8.769305729777964e-06,-0.00012925242117509567,0.001238576785069347,0.3199714489440961,0.40070479566970124,-0.02053657100707011,0.29743399900315876,-0.00019629101476494127,,,,,,
E2a_h0.03_e0.2_L2_learned_abs_attn_s2,0.03,0.2,2,0,learned_abs,0.0,2,2.0451843738555908e-05,3.077205181121826,L1H2,2,0.9540205667989949,0.97529838303725,0.9909787189681803,-0.0021488392895113494,0.001020148809398572,0.0041267974527033225,0.0002269053407054056,0.00015501843440993677,0.0057983882997869095,0.03711149249530961,0.5060264452201961,0.44799412157879887,-0.00031038946453415,,,,,,
E2a_h0.03_e0.2_L2_rope_attn_s0,0.03,0.2,2,0,rope,0.0,0,4.792213439941406e-05,5.119614601135254,L1H0,3,0.9756696711759373,0.9896673742937848,0.9932250572433432,-0.0001419369643491228,6.379942284244959e-05,0.00025641021697744767,-0.00011916233106239365,-0.00010222945059478273,0.41244103761377343,0.022731812540383537,0.4058259304012404,0.15740270316092342,0.0016418605187815626,,,,,,
E2a_h0.03_e0.2_L2_rope_attn_s1,0.03,0.2,2,0,rope,0.0,1,3.24249267578125e-05,4.951114654541016,L1H1,2,0.9837764124360878,0.9950487214268574,0.9952761266827107,-0.00017752970459618503,0.00029736294881689204,-0.0003972246675985375,-0.00012122884232414407,-0.0001767244141610031,0.007710658738480443,0.49527660752718083,0.488499804908907,0.009228013014928253,-0.00013935098513852463,,,,,,
E2a_h0.03_e0.2_L2_rope_attn_s2,0.03,0.2,2,0,rope,0.0,2,3.552436828613281e-05,5.08083438873291,L1H0,2,0.9648114819035408,0.9943360629433152,0.996232305911332,0.00020310770882701903,4.4373414222451116e-05,6.795120620242464e-05,0.00011171282757250505,-8.352899718667659e-05,0.5006158152341796,0.4641956666693612,0.019315462777937293,0.015355338387991791,0.0001744119907130837,,,,,,
E2a_h0.03_e0.2_L3_learned_abs_attn_s0,0.03,0.2,3,0,learned_abs,0.0,0,6.318092346191406e-05,4.353377342224121,L1H2,5,1.031257773643785,0.8823667331711521,0.9734797963616829,-0.0014788909040110909,-0.00038196098014337107,-1.689986680440631e-05,0.00011618268210619833,-0.00010540122084278583,-0.03124786381280825,-0.0009818308462806497,0.281715111094022,0.00266943802929807,0.00017000962530655138,,,0.21551321717138494,0.19643750977342986,0.152758846970472,0.18483308863447606
E2a_h0.03_e0.2_L3_learned_abs_attn_s1,0.03,0.2,3,0,learned_abs,0.0,1,6.136298179626465e-05,4.746880054473877,L2H1,3,0.8828154653041363,0.9208205365108533,0.9763716142929183,0.0006879765359318958,0.0009626752876333653,0.002924816889009223,0.00039853403315190595,-0.00014631325424464454,-0.006037927733950093,0.005079958346236415,0.05898852225472654,0.05051716160908409,0.0002028241113545147,,,0.12403820534714166,0.41803748525062423,0.3407397747063704,0.003606313135950726
E2a_h0.03_e0.2_L3_learned_abs_attn_s2,0.03,0.2,3,0,learned_abs,0.0,2,6.03795051574707e-05,5.022899627685547,L2H1,4,0.8398745384871044,0.953003121661879,0.9815006764744045,0.0005298276889776932,0.00020409392259385827,0.002555010262405493,3.283518090333598e-05,-0.0003127566281787759,0.09481710158441609,0.08095014630343626,0.14228898709174212,-0.012240874565079172,-5.083058891517752e-05,,,-0.006358804221055701,0.30711738821757145,0.25508532515568716,0.13538283802210357
E2a_h0.03_e0.2_L3_rope_attn_s0,0.03,0.2,3,0,rope,0.0,0,4.029273986816406e-05,5.041776657104492,L2H2,4,0.9768871956494137,0.9780556644108764,0.9939376021028985,-0.00019763376665870794,-0.0001430542016402491,9.244854785984771e-06,-2.938443311039934e-05,0.00015894106306020464,0.01620138161841279,0.1872157407173175,0.12619756370876548,0.16173720800221533,0.0004535631222072417,,,0.006650284550710247,-0.0015321027822523118,0.5017366832211154,0.0015422113497649578
E2a_h0.03_e0.2_L3_rope_attn_s1,0.03,0.2,3,0,rope,0.0,1,2.4080276489257812e-05,5.02880859375,L2H3,2,0.8553887675681688,0.9205143841836767,0.9740436299368971,-0.00012579860972054862,-0.00010013205672947349,-1.1655443984970673e-05,-0.00022479045446589923,-0.00018135723330946064,0.003442176254565686,-0.0029612072648735658,0.04786932719867382,0.035107984125055676,-0.0001293136611943334,,,0.37028207387088363,0.06383174548973858,-0.0019058612839047383,0.48510669369728515
E2a_h0.03_e0.2_L3_rope_attn_s2,0.03,0.2,3,0,rope,0.0,2,3.457069396972656e-05,5.242522716522217,L2H3,3,0.8626202978723214,0.9703346284004406,0.9896895817013343,0.00019670861094380057,-5.814152304637155e-06,-0.0001350133047216375,-0.00029593644528447293,5.086413067081878e-05,0.04286232898093086,0.1039994687601111,0.010174620243851755,0.07390653029781222,-0.0001861327178689482,,,0.006829322846810182,0.3539777973870914,0.003982834499196099,0.40464303172511895
E2b_h0.003_e0.05_L2_alibi_learn_attn_s0,0.003,0.05,2,0,alibi_learn,0.0,0,7.355213165283203e-05,7.258986949920654,L1H1,2,1.0213219855437814,0.9895692699954062,0.9900014200554096,0.00012448144356687273,3.710968340890333e-05,-4.95429735543197e-05,7.133692428949489e-05,-5.9084341702541945e-05,0.48694703222394925,0.5343749533198322,-0.018590492170926273,-0.002881130589352082,2.5702149281560836e-05,,,,,,
E2b_h0.003_e0.05_L2_alibi_learn_attn_s1,0.003,0.05,2,0,alibi_learn,0.0,1,8.028745651245117e-05,7.865302085876465,L1H1,2,1.0558389886859647,0.9903134767607346,0.9904868422489348,-7.497758620927331e-05,0.0003360416767524712,0.0001292121187881928,0.0001301173306040587,-7.039463424012852e-05,0.5204696592835204,0.5353693294024444,-0.05560919853103014,-0.0005700279886837911,-0.00010922053153783488,,,,,,
E2b_h0.003_e0.05_L2_alibi_learn_attn_s2,0.003,0.05,2,0,alibi_learn,0.0,2,0.00017142295837402344,7.546322345733643,L1H1,2,1.1007468394024387,0.9915454054717289,0.9922996911966323,-0.00016682047541066402,0.0005832916964072613,0.00011612235228195264,7.511318905598395e-06,-9.834898610850532e-05,0.5325681315558157,0.5681787078466228,-0.09601971918297965,-0.005151993940269879,-1.6354801082768093e-05,,,,,,
E2b_h0.003_e0.1_L2_alibi_learn_attn_s0,0.003,0.1,2,0,alibi_learn,0.0,0,0.00010317564010620117,6.723787307739258,L1H1,2,1.0178656756326856,0.9885542721790698,0.9890653444340908,-0.0005262303992236834,-0.0002715659613407855,5.148378130999928e-05,-6.270300964415947e-05,-9.225980578619777e-05,0.49114970158454957,0.5267159740481361,-0.0136933191075214,-0.0033452757832866165,7.491248055612047e-05,,,,,,
E2b_h0.003_e0.1_L2_alibi_learn_attn_s1,0.003,0.1,2,0,alibi_learn,0.0,1,0.00011229515075683594,6.998869895935059,L1H0,2,1.0414677394932295,0.9906995654237867,0.9912792700018785,0.0009199731610971349,-0.00013335331922187206,0.00018969469229189413,0.0002961531611039439,0.00010056289211447027,0.5259221541231948,0.5155455853700347,-0.04309829137636031,-0.0002575050589251312,0.0005157937519653706,,,,,,
E2b_h0.003_e0.1_L2_alibi_learn_attn_s2,0.003,0.1,2,0,alibi_learn,0.0,2,7.2479248046875e-05,6.927462577819824,L1H0,2,1.0373333454424076,0.9932954885559565,0.9933396850570284,-3.120396400948243e-05,-1.5323393456734727e-06,0.00015845246532970002,3.5120463918739405e-05,-9.763903976276996e-05,0.533302633782953,0.5040307116594547,-0.031877312158176525,-0.005565734475373589,4.6934075989211405e-05,,,,,,
E2b_h0.003_e0.2_L2_alibi_learn_attn_s0,0.003,0.2,2,0,alibi_learn,0.0,0,6.496906280517578e-05,5.659237861633301,L1H1,2,0.9688785375196171,0.9848253314037863,0.98614611695265,0.00040981495120845374,5.161713596542027e-05,-0.0007866281203325837,-1.7798069839626434e-05,-0.0003405486459017898,0.46743394177093756,0.5014445957486795,0.02404415101964732,0.007427094012567127,0.00033554954770385355,,,,,,
E2b_h0.003_e0.2_L2_alibi_learn_attn_s1,0.003,0.2,2,0,alibi_learn,0.0,1,6.508827209472656e-05,6.0491228103637695,L1H0,2,0.9681204420517985,0.9950112155242774,0.9964775761033493,6.389874457731539e-05,-0.0007042235838272569,0.0007417827635117144,0.00024250622434307453,0.00020067142065175548,0.5148686058465738,0.4532518362052247,0.021094047201979757,0.009446323279816368,0.0007958311463271421,,,,,,
E2b_h0.003_e0.2_L2_alibi_learn_attn_s2,0.003,0.2,2,0,alibi_learn,0.0,2,6.473064422607422e-05,6.22245979309082,L1H1,2,0.9722789687902456,0.991361705702097,0.9922158187415673,0.0016931581963798709,0.000251915121791688,0.0003920343003654341,0.0005561419975596751,-0.0001122022307963563,0.48572426846664424,0.4865547003236014,0.023103758178832666,0.0009103772776662987,0.0009265964597332228,,,,,,
E2b_h0.003_e0.3_L2_alibi_learn_attn_s0,0.003,0.3,2,0,alibi_learn,0.0,0,3.314018249511719e-05,3.732290267944336,L1H0,2,0.9439222272537862,0.9854432610293752,0.9881407020706084,-0.0003887367515962547,0.0004790601123157243,-0.0012090366111077546,0.0007932545016041673,-0.0005619747317174847,0.5178900422991755,0.4260321849546107,0.058417956484585115,-0.0002844296431776308,-0.0011669468330182003,,,,,,
E2b_h0.003_e0.3_L2_alibi_learn_attn_s1,0.003,0.3,2,0,alibi_learn,0.0,1,4.9591064453125e-05,4.173922061920166,L1H0,2,0.9397697400005935,0.9918190223512658,0.9926297664609399,0.0004803100355550555,0.0007185645589675415,-0.0005601970776888769,-0.00025563377239161937,0.000624307275966942,0.5104135722517006,0.42935616774889296,0.05469772593843865,0.004226306770957574,0.0003007425029771131,,,,,,
E2b_h0.003_e0.3_L2_alibi_learn_attn_s2,0.003,0.3,2,0,alibi_learn,0.0,2,4.8220157623291016e-05,3.919393539428711,L1H0,3,1.0089118510062007,0.9737672414367382,0.9761666690293518,0.002433747155016499,-0.001022537054796021,-0.00017153359570414454,0.00028694400339519485,-0.00011754779497157082,0.525905129400247,0.37785345387524616,0.10515326773070746,-0.009936548375942107,-0.0003834203521332259,,,,,,
E2b_h0.01_e0.05_L2_alibi_learn_attn_s0,0.01,0.05,2,0,alibi_learn,0.0,0,8.07046890258789e-05,6.379785060882568,L1H1,2,1.0399174192540324,0.9668007561611754,0.9884459897056266,-0.0011448923751242515,-0.0014929282894799026,5.7203316577399116e-05,-0.00038782838267894355,0.00013879978198012545,0.5066521166326614,0.5332653026213711,-0.024025890005593048,-0.01314377030009602,8.194675231202925e-05,,,,,,
E2b_h0.01_e0.05_L2_alibi_learn_attn_s1,0.01,0.05,2,0,alibi_learn,0.0,1,4.220008850097656e-05,7.081373691558838,L1H1,2,0.9761494375248716,0.9768140097209027,0.9768823137193202,-0.00013674585596501934,6.775536564186783e-05,8.397444025290547e-05,0.00012231920067777604,-0.00023853163375214966,0.4778503240822359,0.4982991134426357,0.02178349138664591,0.0019024567065483039,0.00026606973796992867,,,,,,
E2b_h0.01_e0.05_L2_alibi_learn_attn_s2,0.01,0.05,2,0,alibi_learn,0.0,2,6.818771362304688e-05,6.722451210021973,L1H1,2,1.0746902355471577,0.9749699576465438,0.9876150094612979,-0.000908845333588796,5.48719803164826e-05,-0.00027882331252893923,2.820074681008155e-05,9.350547100867086e-05,0.5137051921407638,0.5609850434063939,-0.06627898688539605,-0.007205201793233791,-0.00019493726999973376,,,,,,
E2b_h0.01_e0.2_L2_alibi_learn_attn_s0,0.01,0.2,2,0,alibi_learn,0.0,0,6.866455078125e-05,5.703185558319092,L1H0,2,0.9933323378341173,0.9878365150963521,0.9878961804615021,-0.0008101076185746609,-0.00023027684684255858,-0.0002640247937490622,7.394255550262363e-05,0.00025948441119280543,0.4969471586225459,0.49638517921157144,0.009987101275495043,-0.001536370129340211,-0.0008114157138339868,,,,,,
E2b_h0.01_e0.2_L2_alibi_learn_attn_s1,0.01,0.2,2,0,alibi_learn,0.0,1,3.337860107421875e-05,5.549361228942871,L1H0,2,0.923635099260508,0.9514211466652136,0.9653903301017721,-0.00018064679121648157,-0.00010448954582456641,0.000160583025780797,1.4777802584119655e-05,-5.1698576151002584e-05,0.478279354393173,0.4453557448673351,0.09938308745692986,-0.023095435152311522,0.00023879815479482838,,,,,,
E2b_h0.01_e0.2_L2_alibi_learn_attn_s2,0.01,0.2,2,0,alibi_learn,0.0,2,7.796287536621094e-05,5.69701623916626,L1H0,2,0.9913855100925442,0.9896581399993473,0.9897983984384323,-0.00010976903741876362,-0.00022649103465706254,-0.00018463261299782175,0.0003791286297375973,-3.675444666786038e-05,0.5080217449175966,0.48336376517494756,0.01557947176811468,-0.0072587845533583235,0.0004728756942880137,,,,,,
E2b_h0.01_e0.3_L2_alibi_learn_attn_s0,0.01,0.3,2,0,alibi_learn,0.0,0,4.6133995056152344e-05,4.271944046020508,L1H1,2,0.9785180490609471,0.9889923624545717,0.9894700061854889,-0.00010756766858166827,-0.00020735922380436963,-5.514724988501221e-06,2.5245182695799474e-05,-0.0001446116690832878,0.47351123016589525,0.5050068188950518,0.02049185165489103,0.002403744206585939,-0.0009729177673753478,,,,,,
E2b_h0.01_e0.3_L2_alibi_learn_attn_s1,0.01,0.3,2,0,alibi_learn,0.0,1,4.2378902435302734e-05,4.095141410827637,L1H0,2,0.9155012872484952,0.9539489882787207,0.9663047214230669,-0.001223377712040823,-0.0003181532292609425,0.0009228997884053659,-0.0005242416069421706,0.0003858413926854642,0.4851656141398222,0.43033567310867304,0.0801891753210738,0.00390561757494132,0.0011605863053416072,,,,,,
E2b_h0.01_e0.3_L2_alibi_learn_attn_s2,0.01,0.3,2,0,alibi_learn,0.0,2,3.7550926208496094e-05,4.095073699951172,L1H0,2,0.953069420110881,0.985866990506937,0.9870688870350248,0.0002574770564345456,0.0011819948093775559,0.000263453113327564,0.00013470816037186342,-0.00040173814808241944,0.49871653609590016,0.45435288401498086,0.04106098262802159,0.004578268686176751,-0.00014399081705473974,,,,,,
E2b_h0.03_e0.05_L2_alibi_learn_attn_s0,0.03,0.05,2,0,alibi_learn,0.0,0,4.684925079345703e-05,5.893219947814941,L1H0,2,0.992353741753391,0.9653275708616573,0.9933779971465061,-0.00010031545773164757,-0.0007698748424247958,0.0002096434600471053,2.581281213735818e-06,-4.774455337893945e-05,0.5231445736785386,0.4692091680748523,0.011598714989289906,-0.0034012093999546164,0.00015442319107346594,,,,,,
E2b_h0.03_e0.05_L2_alibi_learn_attn_s1,0.03,0.05,2,0,alibi_learn,0.0,1,3.147125244140625e-05,5.898125648498535,L1H0,2,0.9658943140505634,0.9739154947593741,0.9921974875799546,0.0002950951288738952,1.4581795017922603e-05,-0.0002350947446592556,0.0005065502274056545,0.0001847431367365768,0.4901743748152027,0.4757199392353606,0.025598888061791336,0.008033885536127211,-0.0002927493746862352,,,,,,
E2b_h0.03_e0.05_L2_alibi_learn_attn_s2,0.03,0.05,2,0,alibi_learn,0.0,2,4.182755947113037e-05,5.780940055847168,L1H0,2,1.0103709186109677,0.9558384797672492,0.9968096170044308,-0.00021321319441775687,-0.0007553952496668111,-0.0004289470616762372,0.00013352783672121495,-0.00033486586337796466,0.5128261556363481,0.4975447629746197,-0.00035598858020710963,-0.008204747263338322,-0.00021146021733930274,,,,,,
E2b_h0.03_e0.1_L2_alibi_learn_attn_s0,0.03,0.1,2,0,alibi_learn,0.0,0,3.2782554626464844e-05,5.964206218719482,L1H0,2,1.0309382498535318,0.9549323083039789,0.9850958137174287,-8.677751216954141e-05,-0.0014216652854781647,-0.00010944460409993387,-0.00015393131600612283,0.00017808884157302364,0.5208980980136231,0.5100401518399087,0.02323516089665349,-0.05292620026941558,0.00034641233866375333,,,,,,
E2b_h0.03_e0.1_L2_alibi_learn_attn_s1,0.03,0.1,2,0,alibi_learn,0.0,1,3.403425216674805e-05,5.900716781616211,L1H1,2,0.9518604326182644,0.9535913333159253,0.976365420334773,-0.00028229349921037055,-6.556478472623658e-05,-0.00016418330855423938,0.0010797514484363056,0.00020658361937797096,0.46979422566847606,0.4820662069497883,0.05843610869210591,-0.011090178712043897,1.9750760862405018e-05,,,,,,
E2b_h0.03_e0.1_L2_alibi_learn_attn_s2,0.03,0.1,2,0,alibi_learn,0.0,2,3.528594970703125e-05,5.712515830993652,L1H0,2,0.9514124294282369,0.9676672332090589,0.9745985458414477,-0.00044887099822044617,0.0001700956572009712,1.398076828541277e-06,0.0002673984715101872,5.908081368005412e-05,0.4943580379559901,0.45705439147224675,0.07832266108326029,-0.030630213594669352,0.000846279446475936,,,,,,
E2b_h0.03_e0.3_L2_alibi_learn_attn_s0,0.03,0.3,2,0,alibi_learn,0.0,0,2.300739288330078e-05,3.4376466274261475,L1H0,3,1.0734282724634463,0.9445564919816674,0.9697394762418171,-0.002220514060789438,-0.00042676572253264234,0.00019643563497629676,0.00155236364134368,0.0010722300655262584,0.46823809305913794,0.4464198497391622,0.15877032966514606,-0.07383800603266676,0.00023612928553532936,,,,,,
E2b_h0.03_e0.3_L2_alibi_learn_attn_s1,0.03,0.3,2,0,alibi_learn,0.0,1,9.5367431640625e-06,3.2898643016815186,L1H0,3,1.0777037580770568,0.9546852681045449,0.954705369773498,-0.0003570153930920894,-0.0002863896889439151,-0.000410847529484057,0.0009133358644433741,0.00017556789497765894,0.4831896277882672,0.43643519882744114,0.15807893146134847,-0.07901257241857522,0.001274367014314885,,,,,,
E2b_h0.03_e0.3_L2_alibi_learn_attn_s2,0.03,0.3,2,0,alibi_learn,0.0,2,1.823902130126953e-05,3.970271587371826,L1H1,3,1.05961789038911,0.9500855488632919,0.9558370902046737,6.731211475385695e-05,-0.0021207156759877593,0.00011830033703659433,0.000730526009241957,0.0006457598310841755,0.42465282447353114,0.4986487297629636,0.1363163361526152,-0.05891369557365536,-0.0001452734087394007,,,,,,
E2c_h0.01_e0.1_L2_alibi_learn_attn_cf0.2_s0,0.01,0.1,2,0,alibi_learn,0.2,0,1.5156343579292297e-05,5.148284435272217,L1H1,4,1.0003212123154528,0.95164748686352,0.95164748686352,-0.0006238195927249683,-0.001044059653458241,-6.773319550655376e-05,8.42623232459206e-05,0.00039135040073930085,0.29957604125898607,0.33949405042725045,0.1891240582789465,0.17212706235026984,0.000938887650799141,,,,,,
E2c_h0.01_e0.1_L2_alibi_learn_attn_cf0.2_s1,0.01,0.1,2,0,alibi_learn,0.2,1,1.7881393432617188e-05,5.410231590270996,L1H1,4,1.0003727239416935,0.9562042989971533,0.9562042989971533,0.0002698411106940333,-3.1248391589055015e-05,-0.0002271124116838309,3.2398190139563725e-05,-0.0001565170261011174,0.31077548888715834,0.3324551326338146,0.19420063704466345,0.16294146537605722,-0.00025990749571715166,,,,,,
E2c_h0.01_e0.1_L2_alibi_learn_attn_cf0.2_s2,0.01,0.1,2,0,alibi_learn,0.2,2,1.5735626220703125e-05,5.52357816696167,L1H1,4,1.0007525503842674,0.9507102950191516,0.9507102950191516,-0.00021792927666212272,-0.0002653486585724099,-4.283648749664773e-05,-0.00012186840205947467,2.3893904505220143e-05,0.3092839648069856,0.32681452900331975,0.1872612486234119,0.17739280795055015,-0.00012824383432699752,,,,,,
E2c_h0.01_e0.1_L3_alibi_learn_attn_cf0.2_s0,0.01,0.1,3,0,alibi_learn,0.2,0,1.3828277587890625e-05,5.194293022155762,L2H0,3,0.8721222721189597,0.9865324315454934,0.9972855041908694,-0.00011717148859115104,0.00023171630918220062,0.00034313917871795304,9.418772304573731e-05,6.181248051459439e-05,0.061173193264269635,0.019032801842650708,0.005986096233979032,2.101319595123857e-05,-0.00017012380640205952,,,0.3573542533458503,0.3029386610599629,0.21182935771314643,0.04122144632974988
E2c_h0.01_e0.1_L3_alibi_learn_attn_cf0.2_s1,0.01,0.1,3,0,alibi_learn,0.2,1,1.3589859008789062e-05,5.2717976570129395,L2H0,3,0.8679026845352436,0.9886075271614843,0.9985166258308421,0.00040691758452257164,-4.66427617357559e-05,0.00010971197878900675,0.0002773066323220092,3.131896972331253e-05,0.060310013874640925,0.017572151084451527,0.006123835577770532,-0.0001211898563776717,-0.00011283747946574828,,,0.40643028918004526,0.2766197212939262,0.1848526740612722,0.047547047822743604
E2c_h0.01_e0.1_L3_alibi_learn_attn_cf0.2_s2,0.01,0.1,3,0,alibi_learn,0.2,2,1.621246337890625e-05,5.216582775115967,L2H0,3,0.8472858570905263,0.98439430830208,0.9977224408643526,-1.0626797558470592e-05,0.00025120666781936455,0.00010463667448604851,6.420118725736359e-05,-0.000506300395034428,0.05366538554202117,0.029470440888424442,0.007542993260623548,-9.133455410941877e-05,9.743703494715915e-06,,,0.3381951403124602,0.2944168458584221,0.214673870919644,0.06221425883531322
E2c_h0.03_e0.2_L2_alibi_learn_attn_cf0.2_s0,0.03,0.2,2,0,alibi_learn,0.2,0,8.58306884765625e-06,3.3841638565063477,L1H1,2,0.8835502009859371,0.9812394609893652,0.9815459644037506,-0.00017383652718282796,-0.00018827349553312788,-0.00012051102131522522,-0.00014509619403689188,-7.193271522928357e-05,0.43425741326367967,0.4492927877222574,0.08166786291037748,0.03588705405737008,-0.00040525043006286467,,,,,,
E2c_h0.03_e0.2_L2_alibi_learn_attn_cf0.2_s1,0.03,0.2,2,0,alibi_learn,0.2,1,9.939074516296387e-06,3.491788387298584,L1H1,2,0.8788065450426137,0.9801786243399051,0.9805886837417377,-0.00020281755908387966,-2.55900754779414e-05,-6.612492957104813e-05,4.722938782341679e-05,0.00030004796841017465,0.43711731277857896,0.4416892322640348,0.08668413815382761,0.03413638465320038,0.00032044240677573787,,,,,,
E2c_h0.03_e0.2_L2_alibi_learn_attn_cf0.2_s2,0.03,0.2,2,0,alibi_learn,0.2,2,9.5367431640625e-06,3.382490634918213,L1H0,2,0.874478513796953,0.9795775561494335,0.9800138033121647,0.00033724709013437137,-0.00028029006853233057,-4.032515889678846e-05,9.407532883395084e-06,0.0001578496345385448,0.4457253886023432,0.4287531251946098,0.08338025158815501,0.04212530796580041,-0.0001677276133175233,,,,,,
E2c_h0.03_e0.2_L3_alibi_learn_attn_cf0.2_s0,0.03,0.2,3,0,alibi_learn,0.2,0,8.463859558105469e-06,3.8893282413482666,L2H1,3,0.9499819583153386,0.9810716507430421,0.9957413304227201,-2.7149172965579546e-05,-2.147144290704958e-06,3.8385809133000347e-05,-8.064391373680499e-05,8.083987223103995e-05,-0.0055786164530006585,0.05103656529257465,0.0038205497878049653,7.452777757621227e-05,2.500810540384717e-05,,,0.3839901927659168,0.41478133350610075,0.15121043204332113,0.0006309586037697997
E2c_h0.03_e0.2_L3_alibi_learn_attn_cf0.2_s1,0.03,0.2,3,0,alibi_learn,0.2,1,9.5367431640625e-06,3.962575912475586,L2H1,3,0.9459533996991553,0.9797218078930389,0.9956603233734703,4.139551198984173e-05,6.719435955579951e-06,8.757781878061445e-05,-0.0002062656858216175,0.00021648798277550457,-0.0009705105301447042,0.052478321941764855,0.0034797472402449126,5.359642958866599e-06,0.00010521748546492192,,,0.3898965862228689,0.42880426766700297,0.12725254580928336,-0.0011972138521861029
E2c_h0.03_e0.2_L3_alibi_learn_attn_cf0.2_s2,0.03,0.2,3,0,alibi_learn,0.2,2,1.0371208190917969e-05,3.801737070083618,L2H1,3,0.9472944577171207,0.9746001402446309,0.9960511744703889,0.0003558853726609923,1.81224739042824e-05,-4.352323975344995e-05,-3.377446189498274e-05,-0.0003904593885688511,-0.007097145835457985,0.05630935799002791,0.005797588114556136,3.8355672219248643e-05,-0.0001551992991256315,,,0.3645287349496051,0.4201697113595507,0.16259601140796504,-0.002093502742808993
