run,exp,h,eps,arch,seed,excess,acc_rep,bayes_acc_rep,ce,bayes_ce,ind_layer,ind_head,ind_score,lambda_hat,nc_slope_model,nc_slope_bayes,agree,nc1to2_model,nc2to4_model,nc4to8_model,maxdrop_model,Gstar_model_nw1,Gstar_model_nw2,Gstar_model_nw3,Gstar_model_nw4,percopy_model,nc1to2_bayes,nc2to4_bayes,nc4to8_bayes,maxdrop_bayes,Gstar_bayes_nw1,Gstar_bayes_nw2,Gstar_bayes_nw3,Gstar_bayes_nw4,percopy_bayes
E1_h0.01_e0.1_L2_alibi_learn_attn_s0,E1,0.01,0.1,L2,0,0.014081134628991077,0.7887662025924148,0.789905367909713,1.2546088695526123,1.2405277349236212,1,0,0.999993622303009,0.0864647626876831,-0.13925252641950334,0.003992556345769672,0.8058035714285714,0.2396120343889509,0.009629385811941964,-0.2881344386509487,3.1086222330729165,93.57721215213542,39.87343201023927,18.958732235059756,7.908418592650218,0.8236196857377444,0.06104647069740414,0.007886035003935822,9.907768760346127e-05,0.896063144056929,inf,51.64891542866225,6.871392568216022,0.0,2.017102408378249
E1_h0.01_e0.1_L2_alibi_learn_attn_s1,E1,0.01,0.1,L2,1,0.019915714096764514,0.787545668323881,0.789905367909713,1.2604434490203857,1.2405277349236212,1,1,0.999937117099762,0.05899810045957565,0.18429102216448118,0.003992556345769672,0.73876953125,0.4454725129263742,0.2811916896275112,0.08739035470145089,3.1142044067382812,49.235906560077396,34.697717821370695,19.773547739945194,11.440687183896507,0.48648237092647645,0.06104647069740414,0.007886035003935822,9.907768760346127e-05,0.896063144056929,inf,51.64891542866225,6.871392568216022,0.0,2.017102408378249
E1_h0.01_e0.1_L2_alibi_learn_attn_s2,E1,0.01,0.1,L2,2,0.014190926384667346,0.7887824763826619,0.789905367909713,1.2547186613082886,1.2405277349236212,1,0,0.9999949336051941,0.0875089094042778,-0.13806622368948798,0.003992556345769672,0.7919921875,0.27832324164254324,0.026423863002232144,-0.30255631038120817,3.1935755411783853,92.07975623675905,40.940690462454626,21.211736203935413,9.805901488395383,0.746556906662335,0.06104647069740414,0.007886035003935822,9.907768760346127e-05,0.896063144056929,inf,51.64891542866225,6.871392568216022,0.0,2.017102408378249
E1_h0.01_e0.1_L2_alibi_learn_mlp_s0,E1,0.01,0.1,L2+mlp,0,0.0031880281684197875,0.7896124396852648,0.789905367909713,1.243715763092041,1.2405277349236212,1,2,0.9999876022338867,0.43377575278282166,0.04750835895538328,0.003992556345769672,0.8018973214285714,0.4682197230202811,0.19113826751708984,-0.09612154960632324,3.0118980407714844,121.21190906331455,43.51026572116224,22.034165509736475,10.964195405630853,0.8009684425494252,0.06104647069740414,0.007886035003935822,9.907768760346127e-05,0.896063144056929,inf,51.64891542866225,6.871392568216022,0.0,2.017102408378249
E1_h0.01_e0.1_L2_alibi_learn_mlp_s1,E1,0.01,0.1,L2+mlp,1,0.003988518547753284,0.7894252910974231,0.789905367909713,1.2445162534713745,1.2405277349236212,1,2,0.9991791844367981,0.39810940623283386,0.07194731065205175,0.003992556345769672,0.8181501116071429,0.4461240598133632,0.20569498198372976,-0.061800360679626465,3.0462767283121743,96.83708798874629,39.25627492960188,19.157920858841024,8.476511343341128,0.8119103647723849,0.06104647069740414,0.007886035003935822,9.907768760346127e-05,0.896063144056929,inf,51.64891542866225,6.871392568216022,0.0,2.017102408378249
E1_h0.01_e0.1_L2_alibi_learn_mlp_s2,E1,0.01,0.1,L2+mlp,2,0.004423751663903186,0.7893683328315582,0.789905367909713,1.2449514865875244,1.2405277349236212,1,2,0.9998455047607422,0.417185515165329,0.07631410871233267,0.003992556345769672,0.8196847098214286,0.4150543212890625,0.1978250231061663,-0.04519680568150112,2.8105812072753906,108.26946997260579,41.0718809084284,19.720597878154248,8.939213447851365,0.8313918692660516,0.06104647069740414,0.007886035003935822,9.907768760346127e-05,0.896063144056929,inf,51.64891542866225,6.871392568216022,0.0,2.017102408378249
E1_h0.01_e0.1_L3_alibi_learn_attn_s0,E1,0.01,0.1,L3,0,0.004533185791710803,0.7896368503706356,0.789905367909713,1.245060920715332,1.2405277349236212,2,0,0.9997895956039429,0.05684323236346245,0.17772674560546903,0.003992556345769672,0.9180036272321429,0.4106701442173549,0.23509924752371653,0.12035424368722099,1.4128392537434895,115.07781370489656,35.54255936310566,0.0,0.0,1.1748777067302,0.06104647069740414,0.007886035003935822,9.907768760346127e-05,0.896063144056929,inf,51.64891542866225,6.871392568216022,0.0,2.017102408378249
E1_h0.01_e0.1_L3_alibi_learn_attn_s1,E1,0.01,0.1,L3,1,0.0045651338813104125,0.7896938086365005,0.789905367909713,1.2450928688049316,1.2405277349236212,2,0,0.9999294281005859,0.055408693850040436,0.07796069553920214,0.003992556345769672,0.9221888950892857,0.4505664280482701,0.2296551295689174,-0.07373373849051339,1.733629862467448,96.8286295371434,37.39040088225298,6.965935606868346,0.0,1.3159553911261226,0.06104647069740414,0.007886035003935822,9.907768760346127e-05,0.896063144056929,inf,51.64891542866225,6.871392568216022,0.0,2.017102408378249
E1_h0.01_e0.1_L3_alibi_learn_attn_s2,E1,0.01,0.1,L3,2,0.004435195755700061,0.7896449872657592,0.789905367909713,1.2449629306793213,1.2405277349236212,2,0,0.9996004104614258,0.057137347757816315,0.20125470842633947,0.003992556345769672,0.91796875,0.6059657505580357,0.35154506138392855,0.05096435546875,1.632525126139323,96.00495039309892,35.299840330961004,5.3985204679517675,0.0,1.4391374140603128,0.06104647069740414,0.007886035003935822,9.907768760346127e-05,0.896063144056929,inf,51.64891542866225,6.871392568216022,0.0,2.017102408378249
E1_h0.03_e0.0_L2_alibi_learn_attn_s0,E1,0.03,0.0,L2,0,0.0010991119057965903,0.7483176969332043,0.7482932862478335,1.6281538009643555,1.6270546890585589,1,0,0.9967584609985352,0.5611079335212708,0.018110845770155724,6.08211366517797e-16,1.0,0.01507054056440081,0.013993467603410994,0.022228223936898366,0.13696980476379395,0.0,0.0,0.0,0.0,,0.0,0.0,0.0,0.0,0.0,0.0,0.0,0.0,
E1_h0.03_e0.0_L2_alibi_learn_attn_s1,E1,0.03,0.0,L2,1,0.0009106420190168052,0.74828514935271,0.7482932862478335,1.6279653310775757,1.6270546890585589,1,0,0.9974921345710754,0.5823644995689392,0.017560839653016257,6.08211366517797e-16,1.0,0.016634242875235423,0.01770273276737758,0.017418946538652693,0.1409908135732015,0.0,0.0,0.0,0.0,,0.0,0.0,0.0,0.0,0.0,0.0,0.0,0.0,
E1_h0.03_e0.0_L2_alibi_learn_attn_s2,E1,0.03,0.0,L2,2,0.0007917903573346763,0.7482363279819686,0.7482932862478335,1.6278464794158936,1.6270546890585589,1,0,0.9973587989807129,0.5721085667610168,0.015363795416696779,6.08211366517797e-16,1.0,0.014926859310695104,0.015757850238255093,0.01496974059513637,0.131455659866333,0.0,0.0,0.0,0.0,,0.0,0.0,0.0,0.0,0.0,0.0,0.0,0.0,
E1_h0.03_e0.0_L2_alibi_learn_mlp_s0,E1,0.03,0.0,L2+mlp,0,0.00051617847989327,0.7482444648770922,0.7482932862478335,1.6275708675384521,1.6270546890585589,1,1,0.9969534873962402,0.2608189582824707,-0.0036507844924916267,6.08211366517797e-16,1.0,0.0014274120330810547,-0.0029989651271275113,-0.004302603857857841,0.03262098630269369,0.0,0.0,0.0,0.0,,0.0,0.0,0.0,0.0,0.0,0.0,0.0,0.0,
E1_h0.03_e0.0_L2_alibi_learn_mlp_s1,E1,0.03,0.0,L2+mlp,1,0.00042569862912422707,0.7482200541917216,0.7482932862478335,1.627480387687683,1.6270546890585589,1,1,0.9972323179244995,0.4115602970123291,0.002714250768935143,6.08211366517797e-16,1.0,0.0021747861589704242,0.0013806649616786412,0.004047836576189313,0.013045668601989746,0.0,0.0,0.0,0.0,,0.0,0.0,0.0,0.0,0.0,0.0,0.0,0.0,
E1_h0.03_e0.0_L2_alibi_learn_mlp_s2,E1,0.03,0.0,L2+mlp,2,0.00039220081876045754,0.7482688755624629,0.7482932862478335,1.6274468898773193,1.6270546890585589,1,1,0.9971907734870911,0.39987802505493164,0.0007202540125176816,6.08211366517797e-16,1.0,0.0019283464976719447,0.0011635337557111467,0.0002769742693219866,0.015360037485758463,0.0,0.0,0.0,0.0,,0.0,0.0,0.0,0.0,0.0,0.0,0.0,0.0,
E1_h0.03_e0.0_L3_alibi_learn_attn_s0,E1,0.03,0.0,L3,0,0.0004318975121808677,0.74828514935271,0.7482932862478335,1.6274865865707397,1.6270546890585589,2,0,0.9980438947677612,0.4049290716648102,0.005929350852967406,6.08211366517797e-16,1.0,0.0038958447320120676,0.006452253886631557,0.00540644781930106,0.026828527450561523,0.0,0.0,0.0,0.0,,0.0,0.0,0.0,0.0,0.0,0.0,0.0,0.0,
E1_h0.03_e0.0_L3_alibi_learn_attn_s1,E1,0.03,0.0,L3,1,0.00044858681271797707,0.7482607386673393,0.7482932862478335,1.6275032758712769,1.6270546890585589,2,0,0.997923731803894,0.39591148495674133,0.006910043103355403,6.08211366517797e-16,1.0,0.0033805881227765766,0.007318428584507534,0.006501657622201102,0.031333088874816895,0.0,0.0,0.0,0.0,,0.0,0.0,0.0,0.0,0.0,0.0,0.0,0.0,
E1_h0.03_e0.0_L3_alibi_learn_attn_s2,E1,0.03,0.0,L3,2,0.000403406491978231,0.7482688755624629,0.7482932862478335,1.627458095550537,1.6270546890585589,2,0,0.9983179569244385,0.4222175180912018,0.005060783454351181,6.08211366517797e-16,1.0,0.002709456852504185,0.006463970456804548,0.0036575964518955778,0.0371779203414917,0.0,0.0,0.0,0.0,,0.0,0.0,0.0,0.0,0.0,0.0,0.0,0.0,
E1_h0.03_e0.2_L2_alibi_learn_attn_s0,E1,0.03,0.2,L2,0,0.019734021417117553,0.568801516717251,0.5707950560225229,2.060908794403076,2.0411747729859586,1,0,0.9802734851837158,0.12070751190185547,-0.049162319728306245,0.013687616560721353,0.8603166852678571,0.1180192402430943,0.0059065137590680805,-0.1042311532156808,2.221460978190104,40.81647936335065,20.473496432394484,10.462012699332355,4.256103790833825,0.753577255713504,0.07473512937711549,0.02562948585735686,0.0017457472640858087,1.37306362688804,84.91484264996784,42.61159809985222,16.77372392647321,4.180467648178979,1.0037419284305065
E1_h0.03_e0.2_L2_alibi_learn_attn_s1,E1,0.03,0.2,L2,1,0.022790786019778686,0.5684353564366909,0.5707950560225229,2.0639655590057373,2.0411747729859586,1,1,0.989709734916687,0.11084307730197906,0.048976046698434146,0.013687616560721353,0.8632114955357143,0.25232703345162527,0.12536205564226424,-0.027409962245396206,2.221482594807943,37.308712858887546,20.084929280380372,11.058169405519111,4.774775800707383,0.6852932893277851,0.07473512937711549,0.02562948585735686,0.0017457472640858087,1.37306362688804,84.91484264996784,42.61159809985222,16.77372392647321,4.180467648178979,1.0037419284305065
E1_h0.03_e0.2_L2_alibi_learn_attn_s2,E1,0.03,0.2,L2,2,0.020284768334842163,0.5684190826464438,0.5707950560225229,2.061459541320801,2.0411747729859586,1,0,0.991726815700531,0.11343509703874588,-0.06396232332502085,0.013687616560721353,0.8704659598214286,0.20700127737862722,0.03990146092006138,-0.16782610757010324,2.308171590169271,41.115073078557884,21.838342355031692,13.380721951169523,7.02824965015587,0.5888123679755438,0.07473512937711549,0.02562948585735686,0.0017457472640858087,1.37306362688804,84.91484264996784,42.61159809985222,16.77372392647321,4.180467648178979,1.0037419284305065
E1_h0.03_e0.2_L2_alibi_learn_mlp_s0,E1,0.03,0.2,L2+mlp,0,0.005809422723269897,0.5698104917125724,0.5707950560225229,2.0469841957092285,2.0411747729859586,1,2,0.9822354912757874,0.46028757095336914,0.02988910675048842,0.013687616560721353,0.9090401785714286,0.19590357371738978,0.09126962920916933,-0.031491415708192756,2.3102823891676962,48.03173637414813,27.254245952579357,16.257864391768283,6.411032251522177,0.6712805570811341,0.07473512937711549,0.02562948585735686,0.0017457472640858087,1.37306362688804,84.91484264996784,42.61159809985222,16.77372392647321,4.180467648178979,1.0037419284305065
E1_h0.03_e0.2_L2_alibi_learn_mlp_s1,E1,0.03,0.2,L2+mlp,1,0.0055578911223177485,0.5699325451394257,0.5707950560225229,2.0467326641082764,2.0411747729859586,1,2,0.9852805137634277,0.48587021231651306,0.003941399710519093,0.013687616560721353,0.911376953125,0.17668233598981584,0.06532532828194755,-0.0574425288609096,2.4263127644856772,48.403077233537964,32.47789233457593,18.111108548891785,9.233242047901633,0.5522510509797937,0.07473512937711549,0.02562948585735686,0.0017457472640858087,1.37306362688804,84.91484264996784,42.61159809985222,16.77372392647321,4.180467648178979,1.0037419284305065
E1_h0.03_e0.2_L2_alibi_learn_mlp_s2,E1,0.03,0.2,L2+mlp,2,0.005117770425296264,0.5698267655028194,0.5707950560225229,2.046292543411255,2.0411747729859586,1,2,0.984392523765564,0.4519549310207367,0.004160199846540305,0.013687616560721353,0.9158412388392857,0.15669631958007812,0.05974524361746652,-0.05142484392438616,2.339036305745443,50.2920305973421,32.672633384045966,17.91378469871598,8.95815011600562,0.5750942939069392,0.07473512937711549,0.02562948585735686,0.0017457472640858087,1.37306362688804,84.91484264996784,42.61159809985222,16.77372392647321,4.180467648178979,1.0037419284305065
E1_h0.03_e0.2_L3_alibi_learn_attn_s0,E1,0.03,0.2,L3,0,0.005009289971805053,0.5704126219517157,0.5707950560225229,2.0461840629577637,2.0411747729859586,2,1,0.9928156137466431,0.11107861250638962,0.09324155535016754,0.013687616560721353,0.8289620535714286,0.3421936033825789,0.11851991925920759,0.06796319144112724,1.690142313639323,47.106402065759426,23.175647248443124,8.37775726788358,0.0,0.8634143336021847,0.07473512937711549,0.02562948585735686,0.0017457472640858087,1.37306362688804,84.91484264996784,42.61159809985222,16.77372392647321,4.180467648178979,1.0037419284305065
E1_h0.03_e0.2_L3_alibi_learn_attn_s1,E1,0.03,0.2,L3,1,0.005543586007571655,0.5703719374760978,0.5707950560225229,2.0467183589935303,2.0411747729859586,2,1,0.9931877255439758,0.11867240816354752,-0.025364739554268805,0.013687616560721353,0.8263462611607143,0.24609592982700892,0.019680568150111606,-0.07041004725864955,1.6534805297851562,52.97361699018436,24.715019529348222,8.559079820057283,0.0,0.9114006551278495,0.07473512937711549,0.02562948585735686,0.0017457472640858087,1.37306362688804,84.91484264996784,42.61159809985222,16.77372392647321,4.180467648178979,1.0037419284305065
E1_h0.03_e0.2_L3_alibi_learn_attn_s2,E1,0.03,0.2,L3,2,0.005574103585696655,0.5702336102589973,0.5707950560225229,2.0467488765716553,2.0411747729859586,2,1,0.9953188300132751,0.10923667997121811,-0.054277692522321216,0.013687616560721353,0.813232421875,0.26812635149274555,0.024000985281808034,-0.1325563703264509,1.509198506673177,49.83575732979588,22.866835384157422,7.851935529138755,0.0,0.9239863397126373,0.07473512937711549,0.02562948585735686,0.0017457472640858087,1.37306362688804,84.91484264996784,42.61159809985222,16.77372392647321,4.180467648178979,1.0037419284305065
E1_h0.0_e0.2_L2_alibi_learn_attn_s0,E1,0.0,0.2,L2,0,0.0012264396301276959,0.7892544162998283,0.7892625531949519,0.7615348100662231,0.7603083704360954,1,0,1.0,0.0016725651221349835,0.03852626255580334,-2.4059417299812426e-16,0.99951171875,-0.008640834263392858,0.04270717075892857,0.03434535435267857,0.036336263020833336,inf,inf,inf,inf,,0.0,0.0,0.0,0.0,inf,inf,inf,inf,
E1_h0.0_e0.2_L2_alibi_learn_attn_s1,E1,0.0,0.2,L2,1,0.0010997797599799908,0.7892625531949519,0.7892625531949519,0.7614081501960754,0.7603083704360954,1,0,1.0,0.0031377978157252073,0.022317068917410494,-2.4059417299812426e-16,0.9999302455357143,0.011186872209821428,0.023638044084821428,0.02099609375,0.011301676432291666,inf,inf,inf,inf,,0.0,0.0,0.0,0.0,inf,inf,inf,inf,
E1_h0.0_e0.2_L2_alibi_learn_attn_s2,E1,0.0,0.2,L2,2,0.0013381387344367779,0.7892625531949519,0.7892625531949519,0.7616465091705322,0.7603083704360954,1,0,1.0,0.0026722787879407406,0.015005929129464069,-2.4059417299812426e-16,0.9999302455357143,0.011256626674107142,0.015468052455357142,0.014543805803571428,0.013407389322916666,inf,inf,inf,inf,,0.0,0.0,0.0,0.0,inf,inf,inf,inf,
E1_h0.0_e0.2_L2_alibi_learn_mlp_s0,E1,0.0,0.2,L2+mlp,0,0.0005425955406196392,0.7892625531949519,0.7892625531949519,0.7608509659767151,0.7603083704360954,1,0,1.0,0.0016511615831404924,-0.0007760184151788113,-2.4059417299812426e-16,1.0,0.023175920758928572,0.0017874581473214285,-0.0033394949776785715,0.00848388671875,inf,inf,inf,inf,,0.0,0.0,0.0,0.0,inf,inf,inf,inf,
E1_h0.0_e0.2_L2_alibi_learn_mlp_s1,E1,0.0,0.2,L2+mlp,1,0.000556602632141856,0.7892625531949519,0.7892625531949519,0.7608649730682373,0.7603083704360954,1,0,1.0,0.00207895808853209,0.0025460379464283507,-2.4059417299812426e-16,1.0,0.015250069754464286,0.006269182477678571,-0.0011771065848214285,0.006205240885416667,inf,inf,inf,inf,,0.0,0.0,0.0,0.0,inf,inf,inf,inf,
E1_h0.0_e0.2_L2_alibi_learn_mlp_s2,E1,0.0,0.2,L2+mlp,2,0.0005829478851325787,0.7892625531949519,0.7892625531949519,0.760891318321228,0.7603083704360954,1,0,1.0,0.0015757342334836721,0.00021798270089261898,-2.4059417299812426e-16,1.0,0.019635881696428572,0.0026070731026785715,-0.002171107700892857,0.005411783854166667,inf,inf,inf,inf,,0.0,0.0,0.0,0.0,inf,inf,inf,inf,
E1_h0.0_e0.2_L3_alibi_learn_attn_s0,E1,0.0,0.2,L3,0,0.0005542184463508404,0.7892625531949519,0.7892625531949519,0.7608625888824463,0.7603083704360954,2,0,1.0,0.0017633649986237288,0.010197230747767618,-2.4059417299812426e-16,0.9999651227678571,0.1021728515625,0.017342703683035716,0.0030517578125,0.010009765625,inf,inf,inf,inf,,0.0,0.0,0.0,0.0,inf,inf,inf,inf,
E1_h0.0_e0.2_L3_alibi_learn_attn_s1,E1,0.0,0.2,L3,1,0.0005235220542915142,0.7892625531949519,0.7892625531949519,0.760831892490387,0.7603083704360954,2,0,1.0,0.0016817611176520586,0.013824462890624759,-2.4059417299812426e-16,1.0,0.09361921037946429,0.021257672991071428,0.006391252790178571,0.007181803385416667,inf,inf,inf,inf,,0.0,0.0,0.0,0.0,inf,inf,inf,inf,
E1_h0.0_e0.2_L3_alibi_learn_attn_s2,E1,0.0,0.2,L3,2,0.000836744462586192,0.7892625531949519,0.7892625531949519,0.7611451148986816,0.7603083704360954,2,0,1.0,0.002233360195532441,0.0112958635602676,-2.4059417299812426e-16,0.9993373325892857,0.13360595703125,0.020124162946428572,0.002467564174107143,0.0103759765625,inf,inf,inf,inf,,0.0,0.0,0.0,0.0,inf,inf,inf,inf,
E2c_h0.01_e0.1_L2_alibi_learn_attn_cf0.2_s0,E2c,0.01,0.1,L2 enriched0.2,0,0.03988279325936217,0.7846163860793999,0.789905367909713,1.2804105281829834,1.2405277349236212,1,1,0.9983271956443787,0.023733535781502724,0.19121660505022325,0.003992556345769672,0.853271484375,0.40098680768694195,0.26746695382254465,0.11496625627790179,1.5157470703125,71.60332351153495,26.55046502226547,4.5859252451482835,0.0,1.3740748035053918,0.06104647069740414,0.007886035003935822,9.907768760346127e-05,0.896063144056929,inf,51.64891542866225,6.871392568216022,0.0,2.017102408378249
E2c_h0.01_e0.1_L2_alibi_learn_attn_cf0.2_s1,E2c,0.01,0.1,L2 enriched0.2,1,0.038324251007775256,0.7843234578549517,0.789905367909713,1.2788519859313965,1.2405277349236212,1,1,0.998680591583252,0.023588670417666435,0.2088557652064733,0.003992556345769672,0.8475167410714286,0.41084180559430805,0.28793770926339285,0.12977382114955358,1.4777984619140625,67.15792850799332,20.37649927878901,0.0,0.0,1.192664746945355,0.06104647069740414,0.007886035003935822,9.907768760346127e-05,0.896063144056929,inf,51.64891542866225,6.871392568216022,0.0,2.017102408378249
E2c_h0.01_e0.1_L2_alibi_learn_attn_cf0.2_s2,E2c,0.01,0.1,L2 enriched0.2,2,0.03896607382271666,0.7840142558402565,0.789905367909713,1.279493808746338,1.2405277349236212,1,1,0.9983210563659668,0.023098232224583626,0.2030680520193919,0.003992556345769672,0.8472377232142857,0.4372803824288504,0.2890412466866629,0.11709485735212054,1.5604921976725261,67.82429688524898,19.275578982795658,0.0,0.0,1.2580815348735048,0.06104647069740414,0.007886035003935822,9.907768760346127e-05,0.896063144056929,inf,51.64891542866225,6.871392568216022,0.0,2.017102408378249
E2c_h0.01_e0.1_L3_alibi_learn_attn_cf0.2_s0,E2c,0.01,0.1,L3 enriched0.2,0,0.01947249395821471,0.7885139588435844,0.789905367909713,1.260000228881836,1.2405277349236212,2,1,0.9994698166847229,0.049588389694690704,0.10823331560407376,0.003992556345769672,0.916259765625,0.30953543526785715,0.16048649379185267,0.055980137416294644,1.4375152587890625,110.71414076413663,30.074942561246104,5.617715261895392,0.0,1.4905132634261473,0.06104647069740414,0.007886035003935822,9.907768760346127e-05,0.896063144056929,inf,51.64891542866225,6.871392568216022,0.0,2.017102408378249
E2c_h0.01_e0.1_L3_alibi_learn_attn_cf0.2_s1,E2c,0.01,0.1,L3 enriched0.2,1,0.019773974251488635,0.7887906132777854,0.789905367909713,1.2603017091751099,1.2405277349236212,2,1,0.9992691874504089,0.051309939473867416,0.1468789236886162,0.003992556345769672,0.9043666294642857,0.34607696533203125,0.19666181291852677,0.09709603445870536,1.3657684326171875,106.54175937182612,26.23087613613826,2.9669363592226494,0.0,1.790503561766069,0.06104647069740414,0.007886035003935822,9.907768760346127e-05,0.896063144056929,inf,51.64891542866225,6.871392568216022,0.0,2.017102408378249
E2c_h0.01_e0.1_L3_alibi_learn_attn_cf0.2_s2,E2c,0.01,0.1,L3 enriched0.2,2,0.018928661179284045,0.7888312977534032,0.789905367909713,1.2594563961029053,1.2405277349236212,2,1,0.9995498061180115,0.044708725064992905,0.11342566353934157,0.003992556345769672,0.9091099330357143,0.2867529732840402,0.1352201189313616,0.09163120814732142,1.3457845052083333,113.95630085658892,26.97267807740728,3.435822734614115,0.0,1.7507793184601705,0.06104647069740414,0.007886035003935822,9.907768760346127e-05,0.896063144056929,inf,51.64891542866225,6.871392568216022,0.0,2.017102408378249
E2c_h0.03_e0.2_L2_alibi_learn_attn_cf0.2_s0,E2c,0.03,0.2,L2 enriched0.2,0,0.04186451076648279,0.5659536034240055,0.5707950560225229,2.0830392837524414,2.0411747729859586,1,1,0.9767860174179077,0.05756276100873947,0.12818527225005844,0.013687616560721353,0.8713727678571429,0.2365875244140625,0.1725583757672991,0.08381216873281769,1.4567031861903768,36.72516213483102,22.15024849052155,13.686060655351827,6.256956367826521,0.5899227577437758,0.07473512937711549,0.02562948585735686,0.0017457472640858087,1.37306362688804,84.91484264996784,42.61159809985222,16.77372392647321,4.180467648178979,1.0037419284305065
E2c_h0.03_e0.2_L2_alibi_learn_attn_cf0.2_s1,E2c,0.03,0.2,L2 enriched0.2,1,0.043233033410525756,0.565335199394615,0.5707950560225229,2.0844078063964844,2.0411747729859586,1,1,0.9759068489074707,0.059070516377687454,0.12302453177315854,0.013687616560721353,0.8641183035714286,0.2241091047014509,0.1735414777483259,0.07250758579799108,1.4403915405273438,36.45094893547437,21.47841306044961,14.227961934568745,5.661970062367175,0.6207318642670551,0.07473512937711549,0.02562948585735686,0.0017457472640858087,1.37306362688804,84.91484264996784,42.61159809985222,16.77372392647321,4.180467648178979,1.0037419284305065
E2c_h0.03_e0.2_L2_alibi_learn_attn_cf0.2_s2,E2c,0.03,0.2,L2 enriched0.2,2,0.04125415920398279,0.5658478237873992,0.5707950560225229,2.0824289321899414,2.0411747729859586,1,1,0.9763255715370178,0.05937179550528526,0.12346049717494427,0.013687616560721353,0.8571079799107143,0.24461909702845983,0.18086133684430802,0.06605965750558036,1.40338134765625,34.364189030084844,20.379770217287398,11.510216061175413,4.695432141241597,0.6634749514301513,0.07473512937711549,0.02562948585735686,0.0017457472640858087,1.37306362688804,84.91484264996784,42.61159809985222,16.77372392647321,4.180467648178979,1.0037419284305065
E2c_h0.03_e0.2_L3_alibi_learn_attn_cf0.2_s0,E2c,0.03,0.2,L3 enriched0.2,0,0.02098476528308435,0.5687201477660154,0.5707950560225229,2.062159538269043,2.0411747729859586,2,1,0.9934189915657043,0.05032334476709366,0.08021109444754468,0.013687616560721353,0.9002859933035714,0.2633263724190848,0.13937922886439733,0.021042960030691966,1.2556406656901042,50.38501465621611,30.14907710326395,14.145072111181026,4.835917556218476,0.7812076393126537,0.07473512937711549,0.02562948585735686,0.0017457472640858087,1.37306362688804,84.91484264996784,42.61159809985222,16.77372392647321,4.180467648178979,1.0037419284305065
E2c_h0.03_e0.2_L3_alibi_learn_attn_cf0.2_s1,E2c,0.03,0.2,L3 enriched0.2,1,0.021300193063235717,0.5690293497807106,0.5707950560225229,2.0624749660491943,2.0411747729859586,2,1,0.9962559938430786,0.04799879714846611,0.046915871756417434,0.013687616560721353,0.9014369419642857,0.27676391594910194,0.11454663951216,-0.020714895999325172,1.21405029296875,57.64055761119937,32.31427644207789,15.136561177562202,3.9275805306492186,0.8954009499587393,0.07473512937711549,0.02562948585735686,0.0017457472640858087,1.37306362688804,84.91484264996784,42.61159809985222,16.77372392647321,4.180467648178979,1.0037419284305065
E2c_h0.03_e0.2_L3_alibi_learn_attn_cf0.2_s2,E2c,0.03,0.2,L3 enriched0.2,2,0.020897504083133178,0.5688259274026217,0.5707950560225229,2.062072277069092,2.0411747729859586,2,1,0.9940171241760254,0.048986148089170456,0.08303724013967444,0.013687616560721353,0.8956124441964286,0.23788343160413206,0.13829149515368044,0.027782985125668347,1.2977040606783703,51.261656862296476,27.46833996868888,12.449959048429916,0.0,0.707612854752268,0.07473512937711549,0.02562948585735686,0.0017457472640858087,1.37306362688804,84.91484264996784,42.61159809985222,16.77372392647321,4.180467648178979,1.0037419284305065
