run,exp,h,eps,arch,seed,lambda_hat,var_y,bayes_true.r2,bayes_true.rmse,bayes_true.cv_rmse,bayes_true.cv_r2,bayes_true.sign_agree,bayes_free.r2,bayes_free.rmse,bayes_free.cv_rmse,bayes_free.cv_r2,bayes_free.sign_agree,counter_exp.r2,counter_exp.rmse,counter_exp.cv_rmse,counter_exp.cv_r2,counter_exp.sign_agree,counter_pow.r2,counter_pow.rmse,counter_pow.cv_rmse,counter_pow.cv_r2,counter_pow.sign_agree,additive.r2,additive.rmse,additive.cv_rmse,additive.cv_r2,additive.sign_agree,cexp.lam,cexp.gamma,cexp.kappa,cexp.Z0,cpow.alpha,cpow.kappa,add.lam_c,add.lam_w,add.g_c,add.g_w,bfree.h,bfree.eps,bfree.offset,bfree.scale,btrue.scale,pe,variant,ratio,best_counter_cv,bayes_wins,cliff_ratio
E4h_h0.01_e0.1_L2_alibi_learn_attn_b256_s0,E4h,0.01,0.1,L2 b256,0,0.0694057941436767,7.025157909916881,0.722860958046326,1.3953299010368978,1.5571283334035408,0.6548620432765793,0.822429906542056,0.94863093343544,0.6007293935717353,0.8069567509806165,0.907307535815818,0.9439252336448598,0.6443736168925815,1.580611115443078,1.9058334956712013,0.4829722890506122,0.7570093457943925,0.4864873745884268,1.8993439083673864,2.283748449681927,0.2575957653475276,0.7289719626168224,0.5387608295814614,1.800077222351668,2.161408026341151,0.3350064559065231,0.7476635514018691,0.0424947655800153,3.0851085466584576,-2.0,0.5885908097243706,1.1636244386086914,-1.9999999995058484,0.0473835569828124,0.0114665520425503,1.91915039501132,1.008088648565265,0.0570736014437418,0.2295564628009833,0.5421289795870973,1.6351058179122802,1.0376564388179577,ALiBi,b256,5.70736014437418,0.4829722890506122,True,3.271367647487276
E4h_h0.01_e0.1_L2_alibi_learn_attn_b256_s1,E4h,0.01,0.1,L2 b256,1,0.0724337846040725,7.03217595770317,0.6498265524707678,1.5692295239196523,1.7567562614456202,0.5611326308256376,0.7927927927927928,0.9377609619497632,0.6615707573702521,0.7935936327372003,0.9104415393316284,0.954954954954955,0.6330909632762417,1.606290417923497,1.969221132918056,0.4485587542667747,0.7477477477477478,0.4577794577644822,1.9526879578881475,2.3882241649273706,0.1889260598356906,0.7027027027027027,0.5006726200479745,1.8738617868779837,2.2799797509004285,0.2607824810154725,0.7117117117117117,0.0395323165869925,2.6210833922305,-2.0,0.2325221540120481,1.1452411717389983,-1.9999999999995723,0.0462259379222796,0.0001234098112555,1.9319755705425976,0.7305306716984159,0.0608818365093385,0.2565278359428151,0.5038704413770191,1.8033459394215463,0.984332322997182,ALiBi,b256,6.08818365093385,0.4485587542667747,True,3.9042207772182396
E4h_h0.01_e0.1_L2_alibi_learn_attn_lr0.0003_s0,E4h,0.01,0.1,L2 lr0.0003,0,0.0497324727475643,6.197576802684236,0.7556942372086539,1.2304892231294526,1.3549614557130258,0.703768004024927,0.875,0.9590534960132788,0.5037550032100139,0.5330954036019534,0.954144866874672,0.9807692307692308,0.7409936378107018,1.266969542669446,1.5296663467508842,0.6224525799553189,0.8557692307692307,0.5954990181471445,1.5833274777487616,1.916174256277657,0.4075549368212799,0.8076923076923077,0.6309405566667496,1.5123737120215062,1.8208503883086973,0.4650334732168293,0.8269230769230769,0.0481139102977255,3.104939736723109,-2.0,0.5117342568462864,1.2163459892830937,-1.9999999999769025,0.055030874389295,0.0133944717923048,2.208860041245728,1.060630883130562,0.064743348429162,0.1926163423433735,0.5092962421437867,1.3463003739005952,0.9965111659425536,ALiBi,lr0.0003,6.474334842916201,0.6224525799553189,True,2.7470270604428055
E4h_h0.01_e0.1_L2_alibi_learn_attn_lr0.0003_s1,E4h,0.01,0.1,L2 lr0.0003,1,0.0564164072275161,6.043670009208394,0.721482613712621,1.2974078674603997,1.4322258199696398,0.6605918595386076,0.8640776699029126,0.946263246993925,0.5698834990899936,0.6133030222959521,0.9377628830521446,0.9320388349514565,0.6882137634425542,1.372710139529168,1.6846282476761916,0.5304223545387985,0.7669902912621359,0.527666211324944,1.6895649004850957,2.060215647622502,0.2976968450889072,0.7281553398058253,0.5709084206991006,1.6103688735891262,1.949462970596205,0.3711758140442281,0.7669902912621359,0.0436608736267466,2.7673328472759744,-1.999999999998897,0.4001100013241191,1.182370774910775,-1.99999999991712,0.0505034988144303,0.0001234098197782,1.956286574069395,0.8219527287678678,0.0597632648179313,0.2119842816994558,0.5704353955712819,1.412609318620765,0.961526951790378,ALiBi,lr0.0003,5.97632648179313,0.5304223545387985,True,3.133581353125838
E4h_h0.01_e0.1_L2_alibi_learn_attn_lr0.003_s0,E4h,0.01,0.1,L2 lr0.003,0,0.4500251710414886,7.025906587065874,0.7231319362483424,1.3947218908660417,1.5469362057641394,0.6594017305739173,0.8301886792452831,0.9527403645861392,0.576230668878859,0.7032356152314378,0.9296118836193542,0.9245283018867924,0.6706916924735584,1.521081656922317,1.833272747192312,0.5216433745667541,0.7547169811320755,0.5117100958081406,1.8522092900801868,2.2307051049476323,0.2917575541923765,0.7358490566037735,0.5628204109204861,1.7525932085468403,2.100688499217976,0.3719113517861951,0.7547169811320755,0.0431894507396995,3.039068309216097,-1.999999999999976,0.4846662319676857,1.1598036329034822,-1.9999999999773848,0.0490649876765657,0.0001234098700796,2.0654021196646752,0.859363348865246,0.061324326388048,0.2262538091280551,0.6410282631715563,1.6077219016588764,1.0379062140977728,ALiBi,lr0.003,6.1324326388048,0.5216433745667541,True,3.2972555262892547
E4h_h0.01_e0.1_L2_alibi_learn_attn_lr0.003_s1,E4h,0.01,0.1,L2 lr0.003,1,0.0919412299990654,7.423880305312934,0.7053996847207622,1.4788771005531576,1.6230203294392231,0.6451727558312288,0.8461538461538461,0.9320762317836088,0.7101112061672513,0.7888271976455211,0.9161828690449156,0.9230769230769232,0.6571524392956745,1.595386866448832,1.9201434656068688,0.503366059677151,0.75,0.4981675018479865,1.93016693568114,2.325176721405463,0.2717491980714305,0.7115384615384616,0.5477025159296065,1.8324307310599175,2.190103408287142,0.3539021722160201,0.75,0.0442755531312393,3.0282660106519383,-1.99999999956736,0.4188081716607322,1.1763273640011982,-1.9999999999337728,0.0506552455252835,0.0001234098040866,2.149762159484943,0.8742255817743068,0.0636865692670776,0.2188693078173881,0.5338193128698097,1.5873194003976951,1.0537346632004356,ALiBi,lr0.003,6.368656926707759,0.503366059677151,True,3.7116978603117534
E4h_h0.01_e0.1_L2_rope_attn_b256_s0,E4h,0.01,0.1,L2 rope b256,0,,8.202425249276324,0.8676404783258621,1.041954453209009,1.0821126686111209,0.8572412680417913,0.9166666666666666,0.9134940924350732,0.8423528004477211,0.8826288180997091,0.9050239890197328,0.9074074074074074,0.8803703060062548,0.9905824663184262,1.1029178059640083,0.8516990219667306,0.9074074074074074,0.8396960018918187,1.1466828513771756,1.3018823767312069,0.7933662701780999,0.8981481481481481,0.8636728503189348,1.0574560296796467,1.2168822165938222,0.8194677447145354,0.9074074074074074,0.0404579179342052,13.352949322539642,-1.9999999999999996,8.790020795276476,0.9037946813347624,-2.0,0.0344503084783724,0.046571704070766,1.068260670677693,3.497703360798541,0.0171010543981428,0.0593489696498446,0.085719806386269,0.9416229253256916,1.2283982770399804,RoPE,b256,1.71010543981428,0.8516990219667306,True,2.02596988473668
E4h_h0.01_e0.1_L2_rope_attn_b256_s1,E4h,0.01,0.1,L2 rope b256,1,,7.854910861050077,0.9188228850731543,0.7985230126349456,0.8381467757689446,0.9105667740654708,0.9532710280373832,0.95456637250236,0.5973919099620576,0.6747788620142714,0.9420328860917964,0.9532710280373832,0.8099863694926702,1.2216955963003144,1.408832805630097,0.7473160536981278,0.8691588785046729,0.7423104280119054,1.4227187416311875,1.6508458119313731,0.6530461079723792,0.8411214953271028,0.7829194053129293,1.3058134326658928,1.5250107588223998,0.7039230800114811,0.8598130841121495,0.0492193669349755,8.210821832302507,-1.9999999999996405,4.176192393725106,1.053194413760317,-1.9999999999998488,0.0492041957159541,0.0087674983929354,1.528471985485623,1.959302913142949,0.0273649529392079,0.0918332011474319,0.2057547921684901,1.0893523661140097,1.237042691320566,RoPE,b256,2.73649529392079,0.7473160536981278,True,2.1413645049444083
E4h_h0.01_e0.1_L2_rope_attn_lr0.0003_s0,E4h,0.01,0.1,L2 rope lr0.0003,0,,8.243836828833398,0.8746098315785398,1.0167084579201926,1.0846079532233173,0.8573025598856079,0.8962264150943396,0.9359250533462344,0.7267897942526764,1.063938493101026,0.8626895290863892,0.9433962264150944,0.6921471824137035,1.593075138051574,1.834025094576176,0.5919802735820104,0.839622641509434,0.5935185320468839,1.8305646385064256,2.1309625847333757,0.4491640686468858,0.8113207547169812,0.6453289251883183,1.709927036061617,1.9820079341936048,0.5234797179067514,0.8490566037735849,0.0534973605720581,5.355796746163684,-2.0,1.909770191071439,1.155286756438742,-1.999999999999816,0.0574588786947441,0.0001234098040989,2.029783393526399,1.451716405962856,0.0448924503735137,0.1429849420348032,0.4587725314735855,1.3129699826935584,1.2364314022605496,RoPE,lr0.0003,4.4892450373513695,0.5919802735820104,True,2.4914192015815226
E4h_h0.01_e0.1_L2_rope_attn_lr0.0003_s1,E4h,0.01,0.1,L2 rope lr0.0003,1,,7.69390424316574,0.8540097406596434,1.0598278519644766,1.143983565595064,0.8299045118069837,0.9230769230769232,0.9251069617139224,0.7590914734423163,1.1706238475580604,0.8218901419667543,0.9519230769230768,0.6429160541177168,1.657519136055468,1.939224136991087,0.5112247131449232,0.8461538461538461,0.5374820138748624,1.886416999496312,2.214856731382066,0.3624055894761182,0.7884615384615384,0.5875806098584838,1.7813240288542784,2.0840045168728625,0.4355174318416669,0.8269230769230769,0.0501301971133954,4.851786646988516,-1.9999999999999252,1.8928515534618304,1.1534958020263044,-1.9999999999604967,0.0540001267487557,0.0036783318866004,1.791180342296102,1.386535259656767,0.0390042353002414,0.1618650262290279,0.4353543241531319,1.3599585270782044,1.180328669406138,RoPE,lr0.0003,3.9004235300241397,0.5112247131449232,True,2.610167411088093
E4h_h0.01_e0.1_L2_rope_attn_lr0.003_s0,E4h,0.01,0.1,L2 rope lr0.003,0,,8.2083292191216,0.9074669347605676,0.8715169895875343,0.9122433960344511,0.8986166378816951,0.9532710280373832,0.943412270474928,0.6815355557154722,0.7272592585142512,0.9355647154280078,0.97196261682243,0.8598630565889827,1.0725158121347411,1.199062682544482,0.8248423913941616,0.9158878504672896,0.804715315164513,1.2660809549875085,1.4440620825170225,0.7459513084215017,0.897196261682243,0.8358070178251,1.1609263771492762,1.338050221960294,0.7818827256200639,0.9065420560747663,0.0474688660838281,10.26689271821012,-2.0,5.60714787138521,0.990147828443601,-2.0,0.0446966308476589,0.0267986113558774,1.3947525917075567,2.6349559706752883,0.0213288998681842,0.0740968627993521,0.1529198451694247,1.02857096084103,1.2567269940590389,RoPE,lr0.003,2.13288998681842,0.8248423913941616,True,1.835421232555472
E4h_h0.01_e0.1_L2_rope_attn_lr0.003_s1,E4h,0.01,0.1,L2 rope lr0.003,1,,8.12604661918848,0.9221523046276684,0.7953577822539684,0.8325464574635008,0.9147022363619856,0.9904761904761904,0.9537082681469828,0.6133259909058069,0.6947484986152402,0.940601438934849,0.9904761904761904,0.8143270256615052,1.228327010774409,1.405272036864941,0.7569802894151061,0.8952380952380953,0.7499786027664954,1.4253720671158463,1.6343639174853724,0.6712859844453007,0.8666666666666667,0.792792145686526,1.297605750608907,1.5037225224867554,0.7217365921462376,0.8857142857142857,0.0493218344278498,9.255796365014584,-1.9999999999999856,4.901020904568465,1.0160936635506752,-1.9999999999999944,0.0490388979151625,0.0016503662839943,1.5041723938647389,1.8690725481103756,0.0246679411347101,0.087073270468834,0.2471618851089276,1.0876935951179747,1.2604892268936303,RoPE,lr0.003,2.46679411347101,0.7569802894151061,True,1.9089199331348545
E4h_h0.03_e0.2_L2_alibi_learn_attn_b256_s0,E4h,0.03,0.2,L2 b256,0,0.5519282221794128,3.3466976778004858,0.8148819383939182,0.787104940205562,1.0524101955019858,0.6690566862542414,0.9439252336448598,0.9598685609411308,0.3664802776482096,0.4038535537465129,0.9512660812013116,0.9813084112149532,0.7034673785849717,0.996195279792956,1.1292556129845244,0.6189622241901599,0.822429906542056,0.5412069185351636,1.239129428400963,1.466237317628808,0.3576199350578192,0.7757009345794392,0.5912620132071469,1.1695821780569706,1.383087799148515,0.4284121111857646,0.7850467289719626,0.0552057240450531,2.0715265766586235,-1.9999999999992424,0.2700064334606417,1.2729610187625413,-1.9999999999560512,0.0608178917675034,0.0001234098040871,1.892007187808429,0.5214693277572195,0.098527650669347,0.245927723836011,0.3241454278716004,1.1977144479993915,1.057564495287048,ALiBi,b256,3.2842550223115667,0.6189622241901599,True,1.5275445966228989
E4h_h0.03_e0.2_L2_alibi_learn_attn_b256_s1,E4h,0.03,0.2,L2 b256,1,0.09222312271595,3.251337800171815,0.7973123418054809,0.8117918727827621,1.0300064337403538,0.6736994681111084,0.9223300970873788,0.9577783563651348,0.3705088743004959,0.3931663143901731,0.9524565701038558,0.9805825242718448,0.7571850725806282,0.8885231296733808,1.0136880559668102,0.6839567162921459,0.8543689320388349,0.5912362101681967,1.1528352706356748,1.366603687825517,0.4255885563537537,0.7864077669902912,0.6270444497584977,1.1011832174002991,1.3096110496394504,0.47249987336071,0.7766990291262136,0.0524915310615295,1.9457104799509448,-1.999999999999508,0.131434603831001,1.228551710762232,-1.999999999999925,0.056636345366136,0.0001234098114631,1.9146176378425384,0.4101211029709121,0.1074482259128373,0.2803731648912338,0.123306902952632,1.3481332216497723,1.031089976531222,ALiBi,b256,3.58160753042791,0.6839567162921459,True,1.5041870253859762
E4h_h0.03_e0.2_L2_alibi_learn_attn_lr0.0003_s0,E4h,0.03,0.2,L2 lr0.0003,0,0.3140052556991577,3.113566940007684,0.8123229532905862,0.7644246516385435,1.0416317689697925,0.6515261232429255,1.0,0.9747443960071932,0.2804193531872023,0.3015837247646157,0.970788248720718,0.9702970297029704,0.801155906820986,0.7868382265357888,0.886847288581466,0.7473964336021768,0.8811881188118812,0.6573252507356232,1.0329282504051218,1.219937368011861,0.5220121453794617,0.8316831683168316,0.6984039151213575,0.969040555969611,1.142980244309648,0.5804156891263375,0.8514851485148515,0.0589307122122357,2.332853476146056,-1.9999999999998288,0.4230363354589114,1.2855359965682198,-1.999999999999804,0.0633247830276951,0.0116686653399052,1.982997797374698,0.6972250025706651,0.0982971745936642,0.2050620008156542,0.2279647058806781,1.0281201402097166,1.01846179261584,ALiBi,lr0.0003,3.2765724864554735,0.7473964336021768,True,1.206459024050954
E4h_h0.03_e0.2_L2_alibi_learn_attn_lr0.0003_s1,E4h,0.03,0.2,L2 lr0.0003,1,0.0877550765872001,3.023176518308634,0.7993852655449456,0.7787770890513168,1.0422123327520765,0.6407068724031303,0.9714285714285714,0.9604671850369488,0.3457089496945899,0.3719288567501612,0.9542431367650098,0.9523809523809524,0.770103922294617,0.8336764502912212,0.938783292781324,0.7084807766043345,0.8571428571428571,0.6160638934252813,1.0773609524794978,1.2756852317559442,0.4617010284828894,0.8,0.6627139221535441,1.00978975559164,1.1907130152761527,0.5310239160162447,0.819047619047619,0.0578525811688451,2.1362005815825422,-1.999999999996697,0.3183391008306925,1.2824192743757865,-1.9999999998051128,0.0626500865829493,0.0001234098064193,1.929560383698988,0.5491905022775138,0.0977906353452274,0.2134912525655917,0.3201858625254883,1.0286302466523696,0.9955454627255202,ALiBi,lr0.0003,3.2596878448409137,0.7084807766043345,True,1.3704787749396157
E4h_h0.03_e0.2_L2_alibi_learn_attn_lr0.003_s0,E4h,0.03,0.2,L2 lr0.003,0,0.5585952997207642,3.3258504400756843,0.7885913719126059,0.8385186215942115,1.1202399709381623,0.6226716699687262,0.9902912621359224,0.9594791432880414,0.3671053106776193,0.3965213906880371,0.952725110131652,0.9514563106796116,0.7652568037358283,0.8835840438803592,0.9893768437334216,0.7056793272719648,0.8543689320388349,0.6130499062350633,1.1344329595156524,1.3345644822995977,0.4644791190986139,0.8058252427184466,0.6619114195428032,1.060392405715041,1.2425427218104237,0.5357841720961685,0.8155339805825242,0.0590530473852975,2.246298741549721,-1.9999999999991576,0.3177863820927591,1.2825918971931154,-1.9999999993427704,0.0634450761907538,0.000123409804099,2.063367079951215,0.564595917440979,0.1051326876432541,0.2198312012027152,0.2976097780748889,1.108658653473345,1.0371191260342056,ALiBi,lr0.003,3.5044229214418037,0.7056793272719648,True,1.4459449742932282
E4h_h0.03_e0.2_L2_alibi_learn_attn_lr0.003_s1,E4h,0.03,0.2,L2 lr0.003,1,0.5703938603401184,3.379187281449301,0.7868501857076414,0.8486890723345144,1.1267451461428355,0.6243017866083054,0.9807692307692308,0.9596441032535572,0.3692832693435497,0.3974457481600348,0.9532541082888012,0.9519230769230768,0.7772534919924827,0.8675840978523334,0.9712928955734376,0.7208175190021392,0.8653846153846154,0.6238229310885102,1.127462978034571,1.326379969496378,0.4793766438637066,0.8076923076923077,0.6676307582992913,1.059782012632779,1.2436902040549942,0.5422670616234799,0.8269230769230769,0.0578412749924938,2.214599717712806,-1.9999999999522884,0.2690557466443441,1.2641141038046078,-1.999999999999993,0.0618653787288825,0.0001234098040878,2.0726513423592525,0.5426234596366213,0.1081399535800301,0.2284740904899291,0.2843365746649251,1.1505360446549704,1.0442474702699611,ALiBi,lr0.003,3.604665119334337,0.7208175190021392,True,1.4571523855654998
E4h_h0.03_e0.2_L2_rope_attn_b256_s0,E4h,0.03,0.2,L2 rope b256,0,,4.4488778564900295,0.8575662641646898,0.7960341031481388,1.1493734594698883,0.703057851451998,1.0,0.964751839972593,0.3959984326079437,0.4824157374426371,0.9476890687405986,1.0,0.7435860166453239,1.0680610903132002,1.2071095083381125,0.6724762036353414,0.8504672897196262,0.6215826322606377,1.2975101725408142,1.5025953118597422,0.4925028863336392,0.8130841121495327,0.6784464928826077,1.1960569708384612,1.3827921051345422,0.5702030786857805,0.8317757009345794,0.0524310929463081,3.244215409986911,-2.0,1.054594774269521,1.176912680235079,-1.9999999999489677,0.0562415774818809,0.0001234098040883,1.7558007451643596,0.9487802220634692,0.0711172980562583,0.1708339845647129,0.221396834252505,1.077538467623388,1.2508647677841047,RoPE,b256,2.3705766018752765,0.6724762036353414,True,1.17972496781166
E4h_h0.03_e0.2_L2_rope_attn_b256_s1,E4h,0.03,0.2,L2 rope b256,1,,4.3697808348386165,0.8793108877482434,0.726212757868803,1.0253268361074412,0.7594169683613157,0.9716981132075472,0.9600745742926028,0.4176905075279509,0.548214648197945,0.931223255385554,0.9716981132075472,0.7748410860646668,0.9919148687804292,1.156069866740634,0.6941499843355265,0.8584905660377359,0.6576989414904284,1.2230210976185565,1.4370096208722578,0.5274370206359116,0.8207547169811321,0.7099779311024329,1.1257588011420712,1.3170899478625882,0.6030176349050829,0.839622641509434,0.0469934667320396,3.498623177143429,-1.9999999999813776,1.4087101023307826,1.1118000723691257,-1.999999999997357,0.0503022661370232,0.0001234098040883,1.5229114271149289,1.0247047033905132,0.0510433627293821,0.1503470131928755,0.0874934080089553,0.990792732643672,1.2553138723370727,RoPE,b256,1.7014454243127366,0.6941499843355265,True,1.299617967773824
E4h_h0.03_e0.2_L2_rope_attn_lr0.0003_s0,E4h,0.03,0.2,L2 rope lr0.0003,0,,4.522151046015727,0.8177268883658312,0.907891261350718,1.2724618646492192,0.6419493332905942,0.9818181818181818,0.960668877852599,0.4217360254470106,0.496343418093461,0.9455222114038508,0.9363636363636364,0.7514081056711456,1.0602688786200696,1.1873943807658711,0.6882223965701956,0.8545454545454545,0.6425405185370945,1.2714109359313053,1.4630911865226133,0.5266332773280162,0.8090909090909091,0.6991827835530838,1.1663365251997218,1.340043507352375,0.602906540864135,0.8272727272727273,0.0573117452316352,3.582261153174332,-1.999999999999977,1.2431128141668706,1.2088399091695918,-1.9999999998937172,0.0616038192073006,0.0001234098040867,1.856595618753481,1.0244804447400095,0.0682235040815777,0.148505818895538,0.1945336843154912,1.0195095060035335,1.2314816541867173,RoPE,lr0.0003,2.2741168027192566,0.6882223965701956,True,1.168269367296208
E4h_h0.03_e0.2_L2_rope_attn_lr0.0003_s1,E4h,0.03,0.2,L2 rope lr0.0003,1,,4.719024619642638,0.8323974563615013,0.8893371294086427,1.244157966604153,0.6719811463959259,1.0,0.9547927490333892,0.4618810780902366,0.5366168127486809,0.9389794233058356,0.981132075471698,0.737849738005194,1.11224706805604,1.2476941633156398,0.6701138793190269,0.8490566037735849,0.6222779455729445,1.3350953801969625,1.5377289111285637,0.4989197144091812,0.8018867924528302,0.6760032247767901,1.2365066756646117,1.4217460092155272,0.5716568830121188,0.8301886792452831,0.0543814622623026,3.4196651399526945,-2.0,1.1049458801693397,1.1875863400842954,-1.9999999999998948,0.0585564223264733,0.0001234098058102,1.843967041969638,0.9922323902896174,0.0712648668279508,0.1621698680565785,0.2150142091239089,1.07928436442193,1.2692371312968556,RoPE,lr0.0003,2.3754955609316935,0.6701138793190269,True,1.2435818375482546
E4h_h0.03_e0.2_L2_rope_attn_lr0.003_s0,E4h,0.03,0.2,L2 rope lr0.003,0,,4.034923034271074,0.8713636840805716,0.7204426654127812,1.013577248820636,0.745388243938982,0.9901960784313726,0.959355962817224,0.4049636549550503,0.4842766687481983,0.9418764893650022,0.9901960784313726,0.7944478627665522,0.9107068975619363,1.053894205132042,0.7247300664282559,0.8823529411764706,0.6719363235261977,1.1505266989130667,1.3506552125014952,0.5478799750174117,0.8529411764705882,0.7195144819413671,1.063831508084919,1.246562175896285,0.6148830485298209,0.8725490196078431,0.0472902672513283,3.2052531300515734,-2.0,1.1766284129415838,1.124174170082377,-1.999999999999773,0.050314832080997,0.0001234098040926,1.5455268882786564,0.9430108867978604,0.0578671892111865,0.1587187922996134,0.0871127273745458,0.9784221025633932,1.200794335316745,RoPE,lr0.003,1.92890630703955,0.7247300664282559,True,1.2252019423074
E4h_h0.03_e0.2_L2_rope_attn_lr0.003_s1,E4h,0.03,0.2,L2 rope lr0.003,1,,3.931494611860247,0.8517784913842663,0.7633688901733908,1.054575111457038,0.7171231871081205,0.9805825242718448,0.9628053084176268,0.3824012677095924,0.44825012645935,0.9488926742352188,0.9611650485436892,0.8225675126153631,0.8352094755937947,0.9685614669941204,0.7613855777607385,0.8932038834951457,0.7148059748974183,1.0588856279247234,1.2451388206854852,0.6056536162860314,0.8543689320388349,0.759943421460421,0.9714839911547491,1.142207980645763,0.6681569734026517,0.883495145631068,0.049154767700714,3.5694267952074097,-1.9999999999999991,1.5229647262075072,1.1282305920119322,-2.0,0.0517462357796618,0.0054609798447218,1.4971243619127537,1.0935602630364645,0.0511335171649563,0.135240985330234,0.0038329158846054,0.8998428051329439,1.1719078195980943,RoPE,lr0.003,1.7044505721652101,0.7613855777607385,True,1.1437495665809596
