run,exp,complete,steps,seed,h,eps,excess_75,excess_final,rel_improve_last25,abs_improve_last25,acc_rep
E0_h0.0_e0.0_L2_alibi_learn_attn_s0,E0,True,20000.0,0.0,0.0,0.0,2.892265155551854e-05,-6.9295422768789194e-06,1.2395887618940227,3.585219383239746e-05,1.0
E0_h0.0_e0.0_L2_alibi_learn_attn_s1,E0,True,20000.0,1.0,0.0,0.0,1.1766894125742056e-06,1.119026973483983e-05,-8.509960415433023,-1.0013580322265625e-05,1.0
E1_h0.01_e0.1_L2_alibi_learn_attn_s0,E1,True,20000.0,0.0,0.01,0.1,0.01572216970894713,0.014081134628991077,0.10437713816447222,0.0016410350799560547,0.7887662025924148
E1_h0.01_e0.1_L2_alibi_learn_attn_s1,E1,True,20000.0,1.0,0.01,0.1,0.021485700440148303,0.019915714096764514,0.07307121998452996,0.001569986343383789,0.787545668323881
E1_h0.01_e0.1_L2_alibi_learn_attn_s2,E1,True,20000.0,2.0,0.01,0.1,0.015598668884972522,0.014190926384667346,0.09024760450305921,0.0014077425003051758,0.7887824763826619
E1_h0.01_e0.1_L2_alibi_learn_mlp_s0,E1,True,20000.0,0.0,0.01,0.1,0.0044049165961541625,0.0031880281684197875,0.276256860072405,0.001216888427734375,0.7896124396852648
E1_h0.01_e0.1_L2_alibi_learn_mlp_s1,E1,True,20000.0,1.0,0.01,0.1,0.005057945084313342,0.003988518547753284,0.2114349837203189,0.0010694265365600586,0.7894252910974231
E1_h0.01_e0.1_L2_alibi_learn_mlp_s2,E1,True,20000.0,2.0,0.01,0.1,0.0058981321570672485,0.004423751663903186,0.2499741365404017,0.0014743804931640625,0.7893683328315582
E1_h0.01_e0.1_L3_alibi_learn_attn_s0,E1,True,20000.0,0.0,0.01,0.1,0.005294694733361194,0.004533185791710803,0.14382490020665786,0.0007615089416503906,0.7896368503706356
E1_h0.01_e0.1_L3_alibi_learn_attn_s1,E1,True,20000.0,1.0,0.01,0.1,0.005547895264367053,0.0045651338813104125,0.17714130066021744,0.0009827613830566406,0.7896938086365005
E1_h0.01_e0.1_L3_alibi_learn_attn_s2,E1,True,20000.0,2.0,0.01,0.1,0.005817904305199573,0.004435195755700061,0.23766436795183424,0.0013827085494995117,0.7896449872657592
E1_h0.03_e0.0_L2_alibi_learn_attn_s0,E1,True,20000.0,0.0,0.03,0.0,0.00163769947598702,0.0010991119057965903,0.3288683779213094,0.0005385875701904297,0.7483176969332043
E1_h0.03_e0.0_L2_alibi_learn_attn_s1,E1,True,20000.0,1.0,0.03,0.0,0.0013152383477521568,0.0009106420190168052,0.3076220590943366,0.00040459632873535156,0.74828514935271
E1_h0.03_e0.0_L2_alibi_learn_attn_s2,E1,True,20000.0,2.0,0.03,0.0,0.0015807174355817466,0.0007917903573346763,0.4990943102722998,0.0007889270782470703,0.7482363279819686
E1_h0.03_e0.0_L2_alibi_learn_mlp_s0,E1,True,20000.0,0.0,0.03,0.0,0.0010893367440534263,0.00051617847989327,0.5261534298635995,0.0005731582641601562,0.7482444648770922
E1_h0.03_e0.0_L2_alibi_learn_mlp_s1,E1,True,20000.0,1.0,0.03,0.0,0.0007624648721051841,0.00042569862912422707,0.44168099449767073,0.00033676624298095703,0.7482200541917216
E1_h0.03_e0.0_L2_alibi_learn_mlp_s2,E1,True,20000.0,2.0,0.03,0.0,0.0008742831857038169,0.00039220081876045754,0.5514029948491719,0.0004820823669433594,0.7482688755624629
E1_h0.03_e0.0_L3_alibi_learn_attn_s0,E1,True,20000.0,0.0,0.03,0.0,0.0008626006753278403,0.0004318975121808677,0.49930770455666457,0.00043070316314697266,0.74828514935271
E1_h0.03_e0.0_L3_alibi_learn_attn_s1,E1,True,20000.0,1.0,0.03,0.0,0.0007220529229474693,0.00044858681271797707,0.3787341641291124,0.0002734661102294922,0.7482607386673393
E1_h0.03_e0.0_L3_alibi_learn_attn_s2,E1,True,20000.0,2.0,0.03,0.0,0.0008716605813336997,0.000403406491978231,0.5371977342820852,0.00046825408935546875,0.7482688755624629
E1_h0.03_e0.2_L2_alibi_learn_attn_s0,E1,True,20000.0,0.0,0.03,0.2,0.021466370812869506,0.019734021417117553,0.08070061822995138,0.0017323493957519531,0.568801516717251
E1_h0.03_e0.2_L2_alibi_learn_attn_s1,E1,True,20000.0,1.0,0.03,0.2,0.024626132241702514,0.022790786019778686,0.07452839950302088,0.0018353462219238281,0.5684353564366909
E1_h0.03_e0.2_L2_alibi_learn_attn_s2,E1,True,20000.0,2.0,0.03,0.2,0.023033257714724975,0.020284768334842163,0.11932699290407911,0.0027484893798828125,0.5684190826464438
E1_h0.03_e0.2_L2_alibi_learn_mlp_s0,E1,True,20000.0,0.0,0.03,0.2,0.0072554314055208735,0.005809422723269897,0.1993001658248282,0.0014460086822509766,0.5698104917125724
E1_h0.03_e0.2_L2_alibi_learn_mlp_s1,E1,True,20000.0,1.0,0.03,0.2,0.00717556118152185,0.0055578911223177485,0.22544160913432743,0.0016176700592041016,0.5699325451394257
E1_h0.03_e0.2_L2_alibi_learn_mlp_s2,E1,True,20000.0,2.0,0.03,0.2,0.007004853478885131,0.005117770425296264,0.2693965061906204,0.0018870830535888672,0.5698267655028194
E1_h0.03_e0.2_L3_alibi_learn_attn_s0,E1,True,20000.0,0.0,0.03,0.2,0.005974169961429077,0.005009289971805053,0.16150862728271212,0.0009648799896240234,0.5704126219517157
E1_h0.03_e0.2_L3_alibi_learn_attn_s1,E1,True,20000.0,1.0,0.03,0.2,0.0068985187926058344,0.005543586007571655,0.19640923302063945,0.0013549327850341797,0.5703719374760978
E1_h0.03_e0.2_L3_alibi_learn_attn_s2,E1,True,20000.0,2.0,0.03,0.2,0.006511327020144897,0.005574103585696655,0.14393739272327105,0.0009372234344482422,0.5702336102589973
E1_h0.0_e0.2_L2_alibi_learn_attn_s0,E1,True,20000.0,0.0,0.0,0.2,0.0023098732582099712,0.0012264396301276959,0.46904462148796805,0.0010834336280822754,0.7892544162998283
E1_h0.0_e0.2_L2_alibi_learn_attn_s1,E1,True,20000.0,1.0,0.0,0.2,0.001807823335266856,0.0010997797599799908,0.3916552914626194,0.0007080435752868652,0.7892625531949519
E1_h0.0_e0.2_L2_alibi_learn_attn_s2,E1,True,20000.0,2.0,0.0,0.2,0.0021901275268562115,0.0013381387344367779,0.38901332546712897,0.0008519887924194336,0.7892625531949519
E1_h0.0_e0.2_L2_alibi_learn_mlp_s0,E1,True,20000.0,0.0,0.0,0.2,0.0010168696990974224,0.0005425955406196392,0.4664060291094826,0.0004742741584777832,0.7892625531949519
E1_h0.0_e0.2_L2_alibi_learn_mlp_s1,E1,True,20000.0,1.0,0.0,0.2,0.0008793021789558209,0.000556602632141856,0.3669950496394464,0.00032269954681396484,0.7892625531949519
E1_h0.0_e0.2_L2_alibi_learn_mlp_s2,E1,True,20000.0,2.0,0.0,0.2,0.001108660852051524,0.0005829478851325787,0.4741873639230055,0.0005257129669189453,0.7892625531949519
E1_h0.0_e0.2_L3_alibi_learn_attn_s0,E1,True,20000.0,0.0,0.0,0.2,0.0014046575180061138,0.0005542184463508404,0.6054422951884075,0.0008504390716552734,0.7892625531949519
E1_h0.0_e0.2_L3_alibi_learn_attn_s1,E1,True,20000.0,1.0,0.0,0.2,0.0011186744323737896,0.0005235220542915142,0.5320157150810911,0.0005951523780822754,0.7892625531949519
E1_h0.0_e0.2_L3_alibi_learn_attn_s2,E1,True,20000.0,2.0,0.0,0.2,0.0013905908218391216,0.000836744462586192,0.39828132801886457,0.0005538463592529297,0.7892625531949519
E2a_h0.01_e0.1_L2_learned_abs_attn_s0,E2a,True,20000.0,0.0,0.01,0.1,0.021152868103722522,0.01964653952095885,0.07121155274913217,0.0015063285827636719,0.7874480255823982
E2a_h0.01_e0.1_L2_learned_abs_attn_s1,E2a,True,20000.0,1.0,0.01,0.1,0.022801294159630725,0.020468129944542834,0.10232595565644319,0.0023331642150878906,0.7866994312310308
E2a_h0.01_e0.1_L2_learned_abs_attn_s2,E2a,True,20000.0,2.0,0.01,0.1,0.020939602684716174,0.018810882401207873,0.10166001311295438,0.0021287202835083008,0.787195781833568
E2a_h0.01_e0.1_L2_rope_attn_s0,E2a,True,20000.0,0.0,0.01,0.1,0.010487212967614123,0.009047999214867541,0.13723510309088421,0.001439213752746582,0.7888312977534032
E2a_h0.01_e0.1_L2_rope_attn_s1,E2a,True,20000.0,1.0,0.01,0.1,0.0110787294623651,0.00975884420845885,0.11913687922337615,0.00131988525390625,0.7887824763826619
E2a_h0.01_e0.1_L2_rope_attn_s2,E2a,True,20000.0,2.0,0.01,0.1,0.011635198425988147,0.009559526276329944,0.17839593908618037,0.002075672149658203,0.7889126667046389
E2a_h0.01_e0.1_L3_learned_abs_attn_s0,E2a,True,20000.0,0.0,0.01,0.1,0.007551088165978381,0.0059580944297112914,0.21096214231007968,0.0015929937362670898,0.7893357852510638
E2a_h0.01_e0.1_L3_learned_abs_attn_s1,E2a,True,20000.0,1.0,0.01,0.1,0.007522835564354846,0.005943670105675647,0.20991625367457137,0.0015791654586791992,0.7894578386779173
E2a_h0.01_e0.1_L3_learned_abs_attn_s2,E2a,True,20000.0,2.0,0.01,0.1,0.010074868035057971,0.00837172491524596,0.16904867774798718,0.0017031431198120117,0.7893927435169288
E2a_h0.01_e0.1_L3_rope_attn_s0,E2a,True,20000.0,0.0,0.01,0.1,0.0047760151145257446,0.003924979996422717,0.17818936868828034,0.0008510351181030273,0.7896043027901414
E2a_h0.01_e0.1_L3_rope_attn_s1,E2a,True,20000.0,1.0,0.01,0.1,0.003816022705773303,0.002790584397057483,0.2687191318763443,0.0010254383087158203,0.7896693979511298
E2a_h0.01_e0.1_L3_rope_attn_s2,E2a,True,20000.0,2.0,0.01,0.1,0.003957643341759631,0.0030418775794305297,0.2313916852148525,0.0009157657623291016,0.7896449872657592
E2a_h0.03_e0.2_L2_learned_abs_attn_s0,E2a,True,20000.0,0.0,0.03,0.2,0.026745673409915405,0.024932738534427124,0.06778422990898308,0.0018129348754882812,0.5657257703605458
E2a_h0.03_e0.2_L2_learned_abs_attn_s1,E2a,True,20000.0,1.0,0.03,0.2,0.02595746158740564,0.022696372262454467,0.12563205820300347,0.003261089324951172,0.5681098806317485
E2a_h0.03_e0.2_L2_learned_abs_attn_s2,E2a,True,20000.0,2.0,0.03,0.2,0.025280829659915405,0.022521849862552124,0.10913327744689663,0.0027589797973632812,0.5670602211608095
E2a_h0.03_e0.2_L2_rope_attn_s0,E2a,True,20000.0,0.0,0.03,0.2,0.016603585473514038,0.015086289636111694,0.09138362553213142,0.0015172958374023438,0.5686631895001505
E2a_h0.03_e0.2_L2_rope_attn_s1,E2a,True,20000.0,1.0,0.03,0.2,0.01596605419299646,0.014572736016726928,0.08726753394590837,0.0013933181762695312,0.5687689691367568
E2a_h0.03_e0.2_L2_rope_attn_s2,E2a,True,20000.0,2.0,0.03,0.2,0.016026374093509155,0.014463540307498413,0.09751636751345433,0.0015628337860107422,0.5687608322416332
E2a_h0.03_e0.2_L3_learned_abs_attn_s0,E2a,True,20000.0,0.0,0.03,0.2,0.006995316735721069,0.005894299737430053,0.1573934447698063,0.0011010169982910156,0.5702661578394916
E2a_h0.03_e0.2_L3_learned_abs_attn_s1,E2a,True,20000.0,1.0,0.03,0.2,0.008401986352420288,0.006788130990481811,0.192080217016014,0.0016138553619384766,0.5701603782028853
E2a_h0.03_e0.2_L3_learned_abs_attn_s2,E2a,True,20000.0,2.0,0.03,0.2,0.008015271417117553,0.005559083215213256,0.30643855636115064,0.002456188201904297,0.5704126219517157
E2a_h0.03_e0.2_L3_rope_attn_s0,E2a,True,20000.0,0.0,0.03,0.2,0.006910916558719116,0.005933161965823608,0.14147972770152023,0.0009777545928955078,0.5700790092516498
E2a_h0.03_e0.2_L3_rope_attn_s1,E2a,True,20000.0,1.0,0.03,0.2,0.00537812351367517,0.004257794610476928,0.20831223015788627,0.0011203289031982422,0.5700057771955377
E2a_h0.03_e0.2_L3_rope_attn_s2,E2a,True,20000.0,2.0,0.03,0.2,0.005416032067752319,0.003890629998660522,0.2816456863640482,0.0015254020690917969,0.5701522413077618
E2b_h0.003_e0.05_L2_alibi_learn_attn_s0,E2b,True,20000.0,0.0,0.003,0.05,0.008446221998261505,0.007417803457306915,0.12176077554748979,0.0010284185409545898,0.9102500467871469
E2b_h0.003_e0.05_L2_alibi_learn_attn_s1,E2b,True,20000.0,1.0,0.003,0.05,0.007402306249665314,0.006696289232300812,0.09537797999055006,0.000706017017364502,0.9102907312627647
E2b_h0.003_e0.05_L2_alibi_learn_attn_s2,E2b,True,20000.0,2.0,0.003,0.05,0.00799006765179544,0.0068407708912363585,0.14384067953427462,0.001149296760559082,0.9104616060603595
E2b_h0.003_e0.1_L2_alibi_learn_attn_s0,E2b,True,20000.0,0.0,0.003,0.1,0.011531300346966478,0.010052509110089036,0.12824149856320974,0.0014787912368774414,0.8579867694085291
E2b_h0.003_e0.1_L2_alibi_learn_attn_s1,E2b,True,20000.0,1.0,0.003,0.1,0.01015914181959221,0.009199805061932298,0.09443088547201914,0.0009593367576599121,0.8583610665842129
E2b_h0.003_e0.1_L2_alibi_learn_attn_s2,E2b,True,20000.0,2.0,0.003,0.1,0.011271066467877122,0.009975678722973558,0.11493036161178345,0.0012953877449035645,0.8582878345281008
E2b_h0.003_e0.2_L2_alibi_learn_attn_s0,E2b,True,20000.0,0.0,0.003,0.2,0.013632071651015432,0.012291086352858693,0.09836988335201792,0.0013409852981567383,0.7539565652538305
E2b_h0.003_e0.2_L2_alibi_learn_attn_s1,E2b,True,20000.0,1.0,0.003,0.2,0.012511265910658986,0.011379850543532521,0.0904317257107096,0.0011314153671264648,0.7546156537588387
E2b_h0.003_e0.2_L2_alibi_learn_attn_s2,E2b,True,20000.0,2.0,0.003,0.2,0.01408947769502178,0.011971843875441701,0.15029895823095696,0.002117633819580078,0.7544040944856262
E2b_h0.003_e0.3_L2_alibi_learn_attn_s0,E2b,True,20000.0,0.0,0.003,0.3,0.014473066652134658,0.013125286424473526,0.09312333453963237,0.0013477802276611328,0.6549956467611089
E2b_h0.003_e0.3_L2_alibi_learn_attn_s1,E2b,True,20000.0,1.0,0.003,0.3,0.012931571328953506,0.01182745488913417,0.08538145997364166,0.001104116439819336,0.6555001342587695
E2b_h0.003_e0.3_L2_alibi_learn_attn_s2,E2b,True,20000.0,2.0,0.003,0.3,0.015157566392735244,0.013364301050022842,0.11830826243795198,0.0017932653427124023,0.65431214757073
E2b_h0.01_e0.05_L2_alibi_learn_attn_s0,E2b,True,20000.0,0.0,0.01,0.05,0.012858126246604318,0.011363718592795724,0.1162228170067353,0.0014944076538085938,0.838572137643718
E2b_h0.01_e0.05_L2_alibi_learn_attn_s1,E2b,True,20000.0,1.0,0.01,0.05,0.016271088206443185,0.013963911616477365,0.1417960839922312,0.0023071765899658203,0.8377014898654971
E2b_h0.01_e0.05_L2_alibi_learn_attn_s2,E2b,True,20000.0,2.0,0.01,0.05,0.012471172892722482,0.011351678454551095,0.08976657190156224,0.0011194944381713867,0.838515179377853
E2b_h0.01_e0.2_L2_alibi_learn_attn_s0,E2b,True,20000.0,0.0,0.01,0.2,0.01894053378174343,0.017847265387273215,0.05772109736020239,0.0010932683944702148,0.6897645996240754
E2b_h0.01_e0.2_L2_alibi_learn_attn_s1,E2b,True,20000.0,1.0,0.01,0.2,0.02410599150726833,0.022400464201665304,0.07075117839848173,0.0017055273056030273,0.6892682490215384
E2b_h0.01_e0.2_L2_alibi_learn_attn_s2,E2b,True,20000.0,2.0,0.01,0.2,0.019626106405949972,0.018062080527043722,0.079691093411788,0.00156402587890625,0.6901714443802534
E2b_h0.01_e0.3_L2_alibi_learn_attn_s0,E2b,True,20000.0,0.0,0.01,0.3,0.019473078193087856,0.01795983547153024,0.07770947697908162,0.0015132427215576172,0.5978909167839735
E2b_h0.01_e0.3_L2_alibi_learn_attn_s1,E2b,True,20000.0,1.0,0.01,0.3,0.021079184951205532,0.01975000137271432,0.06305668751273014,0.001329183578491211,0.5986069635548468
E2b_h0.01_e0.3_L2_alibi_learn_attn_s2,E2b,True,20000.0,2.0,0.01,0.3,0.018723251761813442,0.01685977214755563,0.0995275627313001,0.0018634796142578125,0.5989812607305305
E2b_h0.03_e0.05_L2_alibi_learn_attn_s0,E2b,True,20000.0,0.0,0.03,0.05,0.014894216987853426,0.013690083954100984,0.08084567552187802,0.0012041330337524414,0.6994475048211104
E2b_h0.03_e0.05_L2_alibi_learn_attn_s1,E2b,True,20000.0,1.0,0.03,0.05,0.017010658714537996,0.015825003120665926,0.06970074550133447,0.0011856555938720703,0.6983490239794299
E2b_h0.03_e0.05_L2_alibi_learn_attn_s2,E2b,True,20000.0,2.0,0.03,0.05,0.014787167045836824,0.01342245909905948,0.09229002029577825,0.0013647079467773438,0.699528873772346
E2b_h0.03_e0.1_L2_alibi_learn_attn_s0,E2b,True,20000.0,0.0,0.03,0.1,0.019443224659224878,0.017561386814376245,0.09678630360091997,0.0018818378448486328,0.655011920551356
E2b_h0.03_e0.1_L2_alibi_learn_attn_s1,E2b,True,20000.0,1.0,0.03,0.1,0.021542023411055933,0.020141314258834253,0.06502217203527867,0.0014007091522216797,0.6532868987851616
E2b_h0.03_e0.1_L2_alibi_learn_attn_s2,E2b,True,20000.0,2.0,0.03,0.1,0.021028469791671167,0.01944203256632937,0.07544235225190488,0.0015864372253417969,0.6540192193462818
E2b_h0.03_e0.3_L2_alibi_learn_attn_s0,E2b,True,20000.0,0.0,0.03,0.3,0.02216864395245377,0.020784147263610997,0.06245292638612333,0.0013844966888427734,0.4901746991383028
E2b_h0.03_e0.3_L2_alibi_learn_attn_s1,E2b,True,20000.0,1.0,0.03,0.3,0.02313161659344498,0.02146817016705338,0.07191224269483126,0.0016634464263916016,0.48982481264798977
E2b_h0.03_e0.3_L2_alibi_learn_attn_s2,E2b,True,20000.0,2.0,0.03,0.3,0.021426685334289708,0.01959896850689713,0.08530095994211634,0.0018277168273925781,0.49063850216034566
E2c_h0.01_e0.1_L2_alibi_learn_attn_cf0.2_s0,E2c,True,20000.0,0.0,0.01,0.1,0.0451053522345819,0.03988279325936217,0.11578579295996794,0.0052225589752197266,0.7846163860793999
E2c_h0.01_e0.1_L2_alibi_learn_attn_cf0.2_s1,E2c,True,20000.0,1.0,0.01,0.1,0.042938127350548694,0.038324251007775256,0.10745406536026957,0.0046138763427734375,0.7843234578549517
E2c_h0.01_e0.1_L2_alibi_learn_attn_cf0.2_s2,E2c,True,20000.0,2.0,0.01,0.1,0.04379202349160094,0.03896607382271666,0.1102015683246486,0.004825949668884277,0.7840142558402565
E2c_h0.01_e0.1_L3_alibi_learn_attn_cf0.2_s0,E2c,True,20000.0,0.0,0.01,0.1,0.022775544953087756,0.01947249395821471,0.14502621130148816,0.003303050994873047,0.7885139588435844
E2c_h0.01_e0.1_L3_alibi_learn_attn_cf0.2_s1,E2c,True,20000.0,1.0,0.01,0.1,0.024794354271630237,0.019773974251488635,0.20248077304783585,0.0050203800201416016,0.7887906132777854
E2c_h0.01_e0.1_L3_alibi_learn_attn_cf0.2_s2,E2c,True,20000.0,2.0,0.01,0.1,0.02201451284859557,0.018928661179284045,0.14017351601347777,0.0030858516693115234,0.7888312977534032
E2c_h0.03_e0.2_L2_alibi_learn_attn_cf0.2_s0,E2c,True,20000.0,0.0,0.03,0.2,0.046022053948855834,0.04186451076648279,0.0903380624209713,0.004157543182373047,0.5659536034240055
E2c_h0.03_e0.2_L2_alibi_learn_attn_cf0.2_s1,E2c,True,20000.0,1.0,0.03,0.2,0.046687480203128295,0.043233033410525756,0.07399085959603949,0.003454446792602539,0.565335199394615
E2c_h0.03_e0.2_L2_alibi_learn_attn_cf0.2_s2,E2c,True,20000.0,2.0,0.03,0.2,0.046679612390017944,0.04125415920398279,0.11622746865814476,0.005425453186035156,0.5658478237873992
E2c_h0.03_e0.2_L3_alibi_learn_attn_cf0.2_s0,E2c,True,20000.0,0.0,0.03,0.2,0.0258904659666781,0.02098476528308435,0.18947904181823347,0.00490570068359375,0.5687201477660154
E2c_h0.03_e0.2_L3_alibi_learn_attn_cf0.2_s1,E2c,True,20000.0,1.0,0.03,0.2,0.02603399395129724,0.021300193063235717,0.1818315275373122,0.0047338008880615234,0.5690293497807106
E2c_h0.03_e0.2_L3_alibi_learn_attn_cf0.2_s2,E2c,True,20000.0,2.0,0.03,0.2,0.026277180901980834,0.020897504083133178,0.20472808095034745,0.005379676818847656,0.5688259274026217
E2u_h0.0_e0.2_L2_alibi_learn_attn_uniform_s0,E2u,True,20000.0,0.0,0.0,0.2,0.004633787157150238,0.004160526277633636,0.10213263222207541,0.00047326087951660156,0.7732247329064176
E2u_h0.0_e0.2_L2_alibi_learn_attn_uniform_s1,E2u,True,20000.0,1.0,0.0,0.2,0.00531006145677182,0.004725816728683441,0.110025982344009,0.0005842447280883789,0.7735908931869777
E2u_h0.0_e0.2_L2_alibi_learn_attn_uniform_s2,E2u,True,20000.0,2.0,0.0,0.2,0.005661848070236175,0.004970672609420745,0.12207594627077276,0.0006911754608154297,0.7735664825016071
E3_h0.01_e0.1_L2_alibi_learn_attn_d256_s0,E3,True,20000.0,0.0,0.01,0.1,0.009587302040795276,0.0076332233664788696,0.20381945473309754,0.0019540786743164062,0.7894578386779173
E3_h0.01_e0.1_L2_alibi_learn_attn_d256_s1,E3,True,20000.0,1.0,0.01,0.1,0.00934375746224303,0.007536067795494983,0.19346496032807975,0.0018076896667480469,0.7895147969437822
E3_h0.01_e0.1_L2_alibi_learn_attn_st60000_s0,E3,True,60000.0,0.0,0.01,0.1,0.013649597000817248,0.01209498865578551,0.1138940838281642,0.0015546083450317383,0.7888150239631562
E3_h0.01_e0.1_L2_alibi_learn_attn_st60000_s1,E3,True,60000.0,1.0,0.01,0.1,0.017362727951744983,0.016191377472619006,0.06746350472007792,0.0011713504791259766,0.7879362392898118
E3_h0.01_e0.1_L2_rope_attn_d256_s0,E3,True,20000.0,0.0,0.01,0.1,0.006807460617760608,0.004712476563195178,0.30774824449217286,0.0020949840545654297,0.7894252910974231
E3_h0.01_e0.1_L2_rope_attn_d256_s1,E3,True,20000.0,1.0,0.01,0.1,0.0064828537223138305,0.0052240036246575805,0.19418147494571988,0.00125885009765625,0.7895392076291529
E3_h0.01_e0.1_L2_rope_attn_st60000_s0,E3,True,60000.0,0.0,0.01,0.1,0.00834287626717467,0.007120385002831409,0.14653115127131816,0.0012224912643432617,0.7891486366632221
E3_h0.01_e0.1_L2_rope_attn_st60000_s1,E3,True,60000.0,1.0,0.01,0.1,0.008386268448571155,0.007455720734337756,0.11096087848129216,0.0009305477142333984,0.7890998152924807
E3_h0.03_e0.2_L2_alibi_learn_attn_d256_s0,E3,True,20000.0,0.0,0.03,0.2,0.01209342121264978,0.009677048913455444,0.1998088263614599,0.002416372299194336,0.5700220509857848
E3_h0.03_e0.2_L2_alibi_learn_attn_d256_s1,E3,True,20000.0,1.0,0.03,0.2,0.011103745690799194,0.009277936212039428,0.16443185296225502,0.0018258094787597656,0.5701278306223911
E3_h0.03_e0.2_L2_alibi_learn_attn_st60000_s0,E3,True,60000.0,0.0,0.03,0.2,0.01842724918506189,0.016868230096316772,0.08460400535577178,0.0015590190887451172,0.5689398439343515
E3_h0.03_e0.2_L2_alibi_learn_attn_st60000_s1,E3,True,60000.0,1.0,0.03,0.2,0.019096490136599975,0.017434712640262084,0.08702004841994283,0.0016617774963378906,0.5683621243805789
E3_h0.03_e0.2_L2_rope_attn_d256_s0,E3,True,20000.0,0.0,0.03,0.2,0.008607026330447631,0.006696578256106811,0.2219637771505995,0.0019104480743408203,0.5699976403004142
E3_h0.03_e0.2_L2_rope_attn_d256_s1,E3,True,20000.0,1.0,0.03,0.2,0.008579846612430053,0.006701585046267944,0.21891551807476115,0.0018782615661621094,0.5698918606638079
E3_h0.03_e0.2_L2_rope_attn_st60000_s0,E3,True,60000.0,0.0,0.03,0.2,0.013091202966189819,0.012097235909915405,0.07592633456539458,0.000993967056274414,0.5689723915148458
E3_h0.03_e0.2_L2_rope_attn_st60000_s1,E3,True,60000.0,1.0,0.03,0.2,0.014146443597293334,0.012910958520389038,0.08733538351226909,0.0012354850769042969,0.5687689691367568
E4h_h0.01_e0.1_L2_alibi_learn_attn_lr0.0003_s0,E4h,True,20000.0,0.0,0.01,0.1,0.01812042219612975,0.016885652374962756,0.0681424421463381,0.0012347698211669922,0.788172209248395
E4h_h0.01_e0.1_L2_alibi_learn_attn_lr0.003_s0,,False,,,,,,,,,
E4h_h0.01_e0.1_L2_rope_attn_lr0.0003_s0,,False,,,,,,,,,
E4h_h0.03_e0.2_L2_alibi_learn_attn_lr0.0003_s0,E4h,True,20000.0,0.0,0.03,0.2,0.023294087640262084,0.02243148922107263,0.037030787919700124,0.0008625984191894531,0.5672961911193927
E4h_h0.03_e0.2_L2_alibi_learn_attn_lr0.003_s0,,False,,,,,,,,,
E4h_h0.03_e0.2_L2_rope_attn_lr0.0003_s0,,False,,,,,,,,,
E4r_h0.01_e0.1_L2_alibi_learn_attn_s0,E4r,True,20000.0,0.0,0.01,0.1,0.015721692871788928,0.014095678162316272,0.10342491249084149,0.0016260147094726562,0.7887336550119205
E4r_h0.01_e0.1_L2_alibi_learn_attn_s3,E4r,True,20000.0,3.0,0.01,0.1,0.015617027115563342,0.014301194977501819,0.08425624981788081,0.0013158321380615234,0.7888068870680326
E4r_h0.01_e0.1_L2_alibi_learn_attn_s4,E4r,True,20000.0,4.0,0.01,0.1,0.01596738321755309,0.014532937836388538,0.08983597134361077,0.0014344453811645508,0.7883430840459897
E4r_h0.01_e0.1_L2_rope_attn_s0,E4r,True,20000.0,0.0,0.01,0.1,0.010483875107506702,0.009106769394616077,0.1313546469000365,0.001377105712890625,0.7888801191241446
E4r_h0.01_e0.1_L2_rope_attn_s3,,False,,,,,,,,,
E4r_h0.01_e0.1_L2_rope_attn_s4,,False,,,,,,,,,
E4r_h0.01_e0.1_L3_alibi_learn_attn_s0,E4r,True,20000.0,0.0,0.01,0.1,0.005225791764000842,0.004382147621849963,0.1614385303223389,0.0008436441421508789,0.7896775348462534
E4r_h0.03_e0.2_L2_alibi_learn_attn_s0,E4r,True,20000.0,0.0,0.03,0.2,0.021505471459842163,0.019750710717654663,0.08159601362212493,0.0017547607421875,0.5688340642977453
