run,var_y,bayes_check,bfree.r2,bfree.cv_rmse,h_fit,eps_fit,a_fit,b_fit,cexp.r2,cexp.cv_rmse,cpow.r2,cpow.cv_rmse,h_law,eps_law,r2_law,r2_true_bayes
E1_h0.01_e0.1_L2_alibi_learn_attn_s0,7.0233921053540325,1.7763568394002505e-15,0.9369704241351396,0.8383909890963099,0.0583087354089433,0.2194821781678548,0.6113154343798355,1.5601275686657927,0.644828837605443,1.894965192991361,0.4866398299253338,2.279861060055103,0.0490078459481336,0.2129248636804213,0.9233497771528304,0.7250239599006676
E1_h0.01_e0.1_L2_alibi_learn_attn_s1,6.2330397140284175,1.7763568394002505e-15,0.947580915708078,0.6303806907631818,0.0672758684358253,0.3249339075411878,0.1433795679471581,2.347903289730874,0.7181400044576725,1.6088061978977986,0.5255369157023025,2.104604685463765,0.0490078459481336,0.2129248636804213,0.8988663067011555,0.5647096386099715
E1_h0.01_e0.1_L2_alibi_learn_attn_s2,7.121349247440773,1.7763568394002505e-15,0.9394642501807258,0.8832581240995147,0.0595216729579866,0.2338482911861936,0.679923106336592,1.659130484272606,0.6277473136252416,1.951704123744388,0.4675188795472305,2.3362278888378643,0.0490078459481336,0.2129248636804213,0.91421264230086,0.7059343941802134
E1_h0.03_e0.2_L2_alibi_learn_attn_s0,3.5567703636445214,2.4424906541753444e-15,0.9521790108603976,0.4499164477825246,0.0999316783032956,0.2322841711235493,0.2802312019312853,1.177840043220309,0.7102732449217801,1.1434344194621924,0.5508704133644173,1.4912938453414,0.1100086557290747,0.2784432162713949,0.9414579667085832,0.7985635668418031
E1_h0.03_e0.2_L2_alibi_learn_attn_s1,3.5787332001370635,2.4424906541753444e-15,0.951581404374612,0.4435591605196313,0.1054392010595663,0.2630821288401451,0.2747246546544641,1.317605178801454,0.746630962576913,1.0758567539465078,0.5789188832784344,1.4508795061442548,0.1100086557290747,0.2784432162713949,0.9492076688501624,0.7931424700629435
E1_h0.03_e0.2_L2_alibi_learn_attn_s2,3.6104874070223536,2.4424906541753444e-15,0.9501773915645724,0.4626230842526777,0.1024578527479942,0.2688299588836533,0.2716301689220937,1.3481286428872243,0.6960053139007212,1.19051332171243,0.5255573619692759,1.5530209806938045,0.1100086557290747,0.2784432162713949,0.9459327589680878,0.8006258873113424
E2b_h0.003_e0.05_L2_alibi_learn_attn_s0,8.446415535228285,2.886579864025407e-15,0.949500083390547,0.9459898290720528,0.0412300719589147,0.2109947699051713,0.8408817946613475,1.745797177494006,0.6275367273126495,2.206329314678697,0.4868093564089478,2.53478511466056,0.0202035114346653,0.1631924040687266,0.8878456684487207,0.6332908110952505
E2b_h0.003_e0.05_L2_alibi_learn_attn_s1,8.920647842554434,2.886579864025407e-15,0.9342888408881608,1.2873591590675453,0.0405291533581971,0.2530478489528758,0.8077427150354637,2.1698326462581083,0.5541797003012539,2.4882048419653646,0.4001705234813439,2.8126876465145543,0.0202035114346653,0.1631924040687266,0.8118420666457228,0.526610931416746
E2b_h0.003_e0.05_L2_alibi_learn_attn_s2,9.567060880419692,2.886579864025407e-15,0.9307492163488412,1.2858564921109117,0.0466737212743378,0.2299917381438437,0.9090639577481866,1.948317246418836,0.5630321051824458,2.475251690629104,0.4215583634793969,2.821483750977405,0.0202035114346653,0.1631924040687266,0.845071155645488,0.5814614411481984
E2b_h0.003_e0.1_L2_alibi_learn_attn_s0,4.670190882961424,2.220446049250313e-15,0.9383268882125771,0.8413771705915628,0.0244649754276,0.2463650035863963,0.1703464782215611,1.929318708793468,0.5428150832224133,1.830564516760185,0.4016589757546781,2.0314660982262422,0.0202035114346653,0.2129248636804213,0.9000504431401288,0.6818501566982371
E2b_h0.003_e0.1_L2_alibi_learn_attn_s1,4.823196839519814,2.220446049250313e-15,0.9319229506712452,0.869776896798333,0.0243213657450067,0.2718577472739978,0.0576728767383232,2.329748317493722,0.4839170753059917,1.9886305938659925,0.3414208455167962,2.1694520956641954,0.0202035114346653,0.2129248636804213,0.8649851677565717,0.6139399684983764
E2b_h0.003_e0.1_L2_alibi_learn_attn_s2,5.171042280040898,2.220446049250313e-15,0.935217627477856,1.0108213209355157,0.0256902607464492,0.2565113242600979,0.1187184401033901,2.1000453738640608,0.5213576931128958,1.9669778579096164,0.376941803293105,2.178423725133756,0.0202035114346653,0.2129248636804213,0.8766775867245279,0.6493818509799391
E2b_h0.003_e0.2_L2_alibi_learn_attn_s0,1.4012176393084608,1.4432899320127037e-15,0.8733394505950052,0.7433516956716975,0.0150538925060821,0.3325986933956983,-0.7733725535101017,3.318302776552813,0.3477733685135623,1.217748716340738,0.2269641148629139,1.2587546100443123,0.0202035114346653,0.2784432162713949,0.8345288110583453,0.7075714509009158
E2b_h0.003_e0.2_L2_alibi_learn_attn_s1,1.5689937668443126,1.4432899320127037e-15,0.8785300510192247,0.7935476939534943,0.0121651016826744,0.3251121668565372,-1.433736129749976,4.109148976387094,0.3382181709957387,1.2868794670271042,0.2280269804499737,1.323317879193631,0.0202035114346653,0.2784432162713949,0.8336928717822825,0.7409514327319762
E2b_h0.003_e0.2_L2_alibi_learn_attn_s2,1.4003863853508756,1.4432899320127037e-15,0.86661873861799,0.8231432177758848,0.013873585587451,0.3368935300179672,-1.0311004494445757,3.826038278250018,0.3255118913912174,1.2388692810554285,0.2112683877155559,1.271669895481954,0.0202035114346653,0.2784432162713949,0.8142094883045952,0.6957007463464258
E2b_h0.003_e0.3_L2_alibi_learn_attn_s0,0.3648925324395888,4.440892098500626e-16,0.8542219683608535,0.4340882362372992,0.0121029250906773,0.331896850810378,-0.5641369958539404,2.140526565993264,0.3391156791612868,0.620631852550641,0.2262855641465312,0.6399172359515112,0.0202035114346653,0.3282487368477573,0.6695337439199989,0.8231593261431428
E2b_h0.003_e0.3_L2_alibi_learn_attn_s1,0.5092369922177216,4.440892098500626e-16,0.8793200249356876,0.4870783085412856,0.0111375041830835,0.331400375801984,-1.00610356187574,2.8060570851055378,0.3296459211722843,0.7412301818238491,0.2235210695702616,0.7581784095356328,0.0202035114346653,0.3282487368477573,0.739606241910032,0.8515715044329024
E2b_h0.003_e0.3_L2_alibi_learn_attn_s2,0.3077306829925094,4.440892098500626e-16,0.8777100005217875,0.3668612275210444,0.0123602185540975,0.330177791871901,-0.4383258437308068,1.903082602599778,0.3765949847473213,0.5583699135292429,0.2578349471784911,0.5790124072835283,0.0202035114346653,0.3282487368477573,0.6224674627308895,0.8436221883423052
E2b_h0.01_e0.05_L2_alibi_learn_attn_s0,8.375272171472641,1.7763568394002505e-15,0.9543783117411252,0.6636067262134826,0.0702807127282689,0.1556738573047981,0.6414806635222778,1.4120656754841832,0.776460966708933,1.6021998411445624,0.644931793652266,2.071024605548026,0.0490078459481336,0.1631924040687266,0.9289903435580056,0.7346699780733286
E2b_h0.01_e0.05_L2_alibi_learn_attn_s1,7.381268569772049,1.7763568394002505e-15,0.929057463005728,0.800675090039498,0.0719384460457469,0.1706197053689635,-0.0453332473477776,1.3624725777780176,0.8693968141524825,1.1457130692624695,0.7341372863850363,1.7018700569312362,0.0490078459481336,0.1631924040687266,0.864129189785979,0.6696000501294029
E2b_h0.01_e0.05_L2_alibi_learn_attn_s2,9.102633208875922,1.7763568394002505e-15,0.9493793251136492,0.7265708183973423,0.0688278495439713,0.1449990468175729,0.6619790257760649,1.4269919320211977,0.7559188278402877,1.742127561205502,0.6317979418383853,2.188031095378137,0.0490078459481336,0.1631924040687266,0.9121232001955188,0.7455877742750281
E2b_h0.01_e0.2_L2_alibi_learn_attn_s0,3.3107111695773748,2.220446049250313e-15,0.935348939695302,1.0000937400904657,0.04805973722204,0.279090459449414,0.3374318894138383,1.4355572698562031,0.5401312493555278,1.523023588219638,0.3826066323550234,1.734955093456745,0.0490078459481336,0.2784432162713949,0.9289127939811406,0.8211639772505314
E2b_h0.01_e0.2_L2_alibi_learn_attn_s1,2.931169611992824,2.220446049250313e-15,0.955521506777888,0.6980772821958958,0.04797060214942,0.3368865742819848,-0.0672663524562157,1.893059964551551,0.627803300711473,1.397583331110424,0.4360928962831936,1.6386174267371498,0.0490078459481336,0.2784432162713949,0.9312675074222148,0.7306945217360287
E2b_h0.01_e0.2_L2_alibi_learn_attn_s2,3.1168291743669383,2.220446049250313e-15,0.9265402023353092,1.0740348420468049,0.0465897247518777,0.2866809973269107,0.316051530459503,1.453813230060626,0.5121077534552152,1.5255089378088231,0.3562221754083353,1.7201984413321825,0.0490078459481336,0.2784432162713949,0.9118396347804268,0.8123329100364081
E2b_h0.01_e0.3_L2_alibi_learn_attn_s0,1.1837706025357224,1.5543122344752197e-15,0.92110567528531,0.4670943823850872,0.029462272968006,0.2878179275588881,-0.0360360715221125,1.115886743822349,0.4621514878873518,1.012488864367144,0.3177015535795522,1.1012023163044125,0.0490078459481336,0.3282487368477573,0.8174954850825352,0.8565561674674573
E2b_h0.01_e0.3_L2_alibi_learn_attn_s1,0.9318078994909564,1.5543122344752197e-15,0.9507075991919484,0.9045594443892574,0.0262012492366987,0.4543372161217054,-0.1338453887601064,4.75177229805979,0.481281242712444,1.0483130796672937,0.305755330840181,1.077519141151688,0.0490078459481336,0.3282487368477573,0.5006815650121528,0.69065103587412
E2b_h0.01_e0.3_L2_alibi_learn_attn_s2,1.2692766801014004,1.5543122344752197e-15,0.9153342192734724,0.4777022448744988,0.0278757826234082,0.291644611222775,-0.0808320460011356,1.2285772060117766,0.4491397666170961,1.0646630499649743,0.3091166581320026,1.1484809032547203,0.0490078459481336,0.3282487368477573,0.8231802824215672,0.8554510745751506
E2b_h0.03_e0.05_L2_alibi_learn_attn_s0,5.625839794905779,2.220446049250313e-15,0.9629330500221764,0.5122322608128986,0.1220203003115074,0.0966219915792969,0.3646288367586591,1.209936204082627,0.880378180518551,0.9076298349074584,0.7962912672066412,1.2733319812587125,0.1100086557290747,0.1631924040687266,0.8169151596372932,0.8488223865346793
E2b_h0.03_e0.05_L2_alibi_learn_attn_s1,4.926909541958602,2.220446049250313e-15,0.9370646625057816,0.6103986733639205,0.146763810556347,0.1386499038063073,-0.0752802821899233,1.2432822099588752,0.9317780022952894,0.6166145154366636,0.8385768038684533,1.0667223564951551,0.1100086557290747,0.1631924040687266,0.8057831455221964,0.7709820198472163
E2b_h0.03_e0.05_L2_alibi_learn_attn_s2,5.558812029774363,2.220446049250313e-15,0.9688432005108144,0.4656510685284442,0.1221346251548375,0.1047982870777395,0.2733760296360895,1.2125942065786155,0.8889636712217118,0.8681613118893092,0.802324723104853,1.2523229149769204,0.1100086557290747,0.1631924040687266,0.8473563878958648,0.8547619324089719
E2b_h0.03_e0.1_L2_alibi_learn_attn_s0,5.827754299880112,2.664535259100376e-15,0.9591039724522727,0.5350482822102074,0.1095096087569004,0.1527738198493898,0.4702889396101376,1.2689866027049026,0.8010821969472727,1.1755552960064235,0.6757157466502055,1.5999313610630617,0.1100086557290747,0.2129248636804213,0.9062002038256192,0.8388739195996077
E2b_h0.03_e0.1_L2_alibi_learn_attn_s1,4.911578619419279,2.664535259100376e-15,0.948358279961889,0.5447464272486517,0.1335542065995866,0.1846516779544831,0.1573025082069368,1.296775707695844,0.8875458787766829,0.8028688013743097,0.7686805562571627,1.242821263271347,0.1100086557290747,0.2129248636804213,0.887239775568624,0.7924704837055396
E2b_h0.03_e0.1_L2_alibi_learn_attn_s2,4.744392660893878,2.664535259100376e-15,0.9303831471768796,0.6294210427590049,0.1134636862391833,0.1777383768492697,0.0808558885742681,1.1932199314207186,0.8974200064073738,0.7556303368182514,0.7755002914221303,1.2097184319650558,0.1100086557290747,0.2129248636804213,0.8915730772454908,0.7916718897075505
E2b_h0.03_e0.3_L2_alibi_learn_attn_s0,1.4106999798712754,2.220446049250313e-15,0.96618176311978,0.2385091762178869,0.0966597260204079,0.277745027479097,0.140121700351425,0.8773965178208426,0.6986019603745628,0.7507924508843699,0.5278646169131163,0.9771124435027956,0.1100086557290747,0.3282487368477573,0.8734162363382145,0.7113359379055302
E2b_h0.03_e0.3_L2_alibi_learn_attn_s1,1.3798013857292004,2.220446049250313e-15,0.9631750663496657,0.2865625034189739,0.108107854863974,0.3659135357240978,0.104626311991417,1.3607533272037444,0.711836893744509,0.7291846532400738,0.5320805053841673,0.956095359273756,0.1100086557290747,0.3282487368477573,0.8597050350697814,0.7241755107673824
E2b_h0.03_e0.3_L2_alibi_learn_attn_s2,1.5629581314188934,2.220446049250313e-15,0.9633079185479824,0.2803464440743692,0.1049504650225524,0.3169288629766363,0.1239213177997462,1.1017363531480286,0.6741453293033062,0.8189855974390027,0.4999740938082722,1.0502785879436842,0.1100086557290747,0.3282487368477573,0.9114349876695576,0.7068741794686597
E2a_h0.01_e0.1_L2_rope_attn_s0,7.637513890917172,1.7763568394002505e-15,0.9474345829352574,0.6779742055132598,0.0152535510287115,0.0572668633941006,0.2047259331556183,0.9129239040325148,0.8694039595743106,1.1077326791546298,0.8298644747815297,1.2601975446361264,0.0490078459481336,0.2129248636804213,0.5652608853767634,0.9005841937772443
E2a_h0.01_e0.1_L2_rope_attn_s1,7.535642623341971,1.7763568394002505e-15,0.9549989371517718,0.6436197204642383,0.0253131951674095,0.0865168098335016,0.2097022898732241,1.0453875403463946,0.8364494353833604,1.278260794737081,0.7714660323915313,1.5252189567379013,0.0490078459481336,0.2129248636804213,0.6897308908444332,0.9199866380520494
E2a_h0.01_e0.1_L2_rope_attn_s2,7.729525584082536,1.7763568394002505e-15,0.9457734401409844,0.758146029039558,0.018168699057375,0.0811348569903504,0.1451229246787985,1.0365516315173162,0.8245490565369331,1.3435615072221991,0.77262224868761,1.4978645827642532,0.0490078459481336,0.2129248636804213,0.684746627467467,0.9282184419428764
E2a_h0.03_e0.2_L2_rope_attn_s0,4.485595045196569,2.4424906541753444e-15,0.965554327752464,0.4709689669431871,0.067083221590301,0.1679123064234203,0.1766899183854046,1.06953085661356,0.7530901849045604,1.1955094746784594,0.6296501723074933,1.4996682680251077,0.1100086557290747,0.2784432162713949,0.8805084376758283,0.8626739891017526
E2a_h0.03_e0.2_L2_rope_attn_s1,4.338536351034716,2.4424906541753444e-15,0.9639116735565292,0.4569536766289813,0.0755497671817282,0.1907821595966897,0.2285463355734246,1.1290883064690485,0.7256702892151514,1.248334911265184,0.5932162212630119,1.5545293147767627,0.1100086557290747,0.2784432162713949,0.9182607742867436,0.8674288562548216
E2a_h0.03_e0.2_L2_rope_attn_s2,4.327442269680588,2.4424906541753444e-15,0.9640597563680204,0.4731640379230243,0.0763350021112454,0.192269216067005,0.2213006307840491,1.1333263816893775,0.7215940813077775,1.25892663490921,0.5901446153083586,1.558050813362916,0.1100086557290747,0.2784432162713949,0.9201850464478034,0.8715878129716853
E5a_h0.001_e0.1_L2_alibi_learn_attn_s0,2.156006594036459,6.661338147750939e-15,0.8693504488942279,0.94785935511106,0.0134148410676194,0.3286009517935253,-0.9275496916661758,4.477127716395892,0.3775606874904879,1.470528347782342,0.2565571394026562,1.530537254758732,0.0090004788208656,0.2129248636804213,0.7194221716667364,0.5074386625120597
E5a_h0.001_e0.1_L2_alibi_learn_attn_s1,2.841153278564072,6.661338147750939e-15,0.8832067321791307,1.014420650287725,0.0136216446533691,0.3230726014938362,-1.1461564404428548,4.769592868301857,0.3459866548948124,1.7290961230385415,0.2327410996503465,1.7802383737451783,0.0090004788208656,0.2129248636804213,0.7192736484938727,0.5270307162466644
E5a_h0.001_e0.1_L2_alibi_learn_attn_s2,2.280963263064576,6.661338147750939e-15,0.838078555317692,1.1890636680153357,0.014778164971519,0.3425677055321207,-0.7210269024820738,4.758880278955457,0.3174305922407913,1.5960001152843108,0.2034692443424317,1.6344365770176956,0.0090004788208656,0.2129248636804213,0.6355594706091712,0.4371544721430748
E5a_h0.005_e0.07_L2_alibi_learn_attn_s0,7.272580390513269,1.7763568394002505e-15,0.9526033899065672,0.846387476519336,0.0482570025494062,0.2098373212883031,0.7280199549041587,1.5732726157802497,0.6538029581431399,1.947013642891616,0.5056975189096949,2.298308971175872,0.0294243946940929,0.1857342447961462,0.9251927574723272,0.6834798483143747
E5a_h0.005_e0.07_L2_alibi_learn_attn_s1,7.860476814902891,1.7763568394002505e-15,0.9399625983147176,1.2983950994483762,0.0475867055850329,0.2626839744107097,0.7281588257528903,2.0502795920371666,0.5820154125625125,2.257795431380997,0.4159679551457111,2.613737461794723,0.0294243946940929,0.1857342447961462,0.8581459006928941,0.5653987183013749
E5a_h0.005_e0.07_L2_alibi_learn_attn_s2,7.967297109221066,1.7763568394002505e-15,0.9442274653360596,1.0036087168495744,0.0515290722354617,0.2160063557489146,0.7457744343884353,1.6661293496782337,0.6157907445566824,2.101157296732337,0.4705015899593731,2.457850947309713,0.0294243946940929,0.1857342447961462,0.907344326353136,0.670578602433989
E5a_h0.007_e0.25_L2_alibi_learn_attn_s0,1.687042398938873,1.1102230246251563e-15,0.9255735715001558,0.4550325143375564,0.0236416331322836,0.304647484602657,-0.2062453959563535,1.7919066028739277,0.4360983173634388,1.2496756690913455,0.2915991411498634,1.3417051907467392,0.037692745464657,0.3044508146451344,0.8864447523082153,0.8350235328217985
E5a_h0.007_e0.25_L2_alibi_learn_attn_s1,0.6055407453012387,1.1102230246251563e-15,0.9437598831357344,0.5051025029616596,0.0221739244101891,0.329506188181678,-0.087951612016313,1.4201672604482516,0.6051230828180618,0.6651092059884288,0.4536714769501636,0.7272873627655985,0.037692745464657,0.3044508146451344,0.1832661119520409,0.8330702316113346
E5a_h0.007_e0.25_L2_alibi_learn_attn_s2,1.7834502382709392,1.1102230246251563e-15,0.9081977483554255,0.5267481472373532,0.0248114077203628,0.2943189594347029,-0.153121128086334,1.618579491583796,0.4266603678002278,1.2800945904923913,0.2888866799538199,1.3746125274159513,0.037692745464657,0.3044508146451344,0.8856634639647974,0.8217478142929748
E5a_h0.01_e0.02_L2_alibi_learn_attn_s0,8.564496182747591,1.7763568394002505e-15,0.9541139642120192,0.6677971510529717,0.0862829063902481,0.121766866767325,0.2616088035010649,1.3744173842035543,0.8308471518407161,1.3910306214856656,0.7265733456068185,1.8331702703058903,0.0490078459481336,0.1140910576501494,0.8803671053420833,0.7165411480762773
E5a_h0.01_e0.02_L2_alibi_learn_attn_s1,7.929923447461225,1.7763568394002505e-15,0.9048251583699896,0.9636751679615114,0.0830701605468544,0.1625639818863822,-0.4348586106181564,1.38817915678279,0.8739347631709379,1.167942660525051,0.7442272415816693,1.739584924129496,0.0490078459481336,0.1140910576501494,0.7953205527269617,0.5640970277512447
E5a_h0.01_e0.02_L2_alibi_learn_attn_s2,9.01960308227406,1.7763568394002505e-15,0.951753372393543,0.7031210703768845,0.0842103439061436,0.126248566425265,0.2863314801471617,1.41220442775582,0.8136230548766036,1.499431168648364,0.7061115624721188,1.9451148560774112,0.0490078459481336,0.1140910576501494,0.8964517906392229,0.7051571756290691
E5a_h0.01_e0.4_L2_alibi_learn_attn_s0,0.1357649019206589,6.661338147750939e-16,0.959571500920568,0.0820048570366962,0.0266004063517108,0.2873859070297611,0.0737387151042608,0.4136792025474036,0.4598056873848337,0.3472637577190403,0.3153876032722357,0.3753422223506509,0.0490078459481336,0.3722459361097914,-2.2489347057649582,0.8797920481527292
E5a_h0.01_e0.4_L2_alibi_learn_attn_s1,0.1209572546602207,6.661338147750939e-16,0.8641933906919821,0.3805752590454205,0.0181126416196569,0.3811882528582411,-0.1923282753846564,1.326282295933934,0.2918224712221178,0.3989845138520704,0.1819732957032264,0.3966479862684836,0.0490078459481336,0.3722459361097914,-3.6635161300772072,0.8389891918567021
E5a_h0.01_e0.4_L2_alibi_learn_attn_s2,0.0262186617863112,6.661338147750939e-16,,,,,,,,,,,,,,
E5a_h0.02_e0.15_L2_alibi_learn_attn_s0,4.806141163900491,2.220446049250313e-15,0.9591556374198504,0.4860552637156035,0.081759714627323,0.2116952407967138,0.4308871861216838,1.2675606887868835,0.738315768953051,1.2875914512746174,0.5804777762877491,1.6941287776293177,0.0816250933773043,0.2488499622309287,0.947205381297702,0.8237543709788899
E5a_h0.02_e0.15_L2_alibi_learn_attn_s1,4.913098505958296,2.220446049250313e-15,0.9500671835599026,0.5275216486012448,0.085071831473206,0.2302631800447905,0.2479289453916218,1.3562649492814554,0.7687212906783776,1.2129691404166696,0.6020799526967583,1.6698851032072417,0.0816250933773043,0.2488499622309287,0.9429115618969788,0.7859247268910017
E5a_h0.02_e0.15_L2_alibi_learn_attn_s2,5.41166721994663,2.220446049250313e-15,0.9451116810102612,0.5929381933877256,0.0860435117789358,0.267172357817325,0.4044702422049357,1.6244789751413855,0.7044139367331195,1.4484651171840297,0.5249934600290731,1.9089936466611173,0.0816250933773043,0.2488499622309287,0.9357199650614664,0.7601233012659109
E5a_h0.06_e0.1_L2_alibi_learn_attn_s0,3.3397278295686945,2.4424906541753444e-15,0.9619692613311868,0.3766170642657444,0.1791035528853839,0.1049926051751844,0.3325709620970973,1.1199061758113626,0.9295999962953486,0.5154822257869432,0.860048718808644,0.8395653973292639,0.1832250861566262,0.2129248636804213,0.7336756225728998,0.8230241480708513
E5a_h0.06_e0.1_L2_alibi_learn_attn_s1,3.3575268110537624,2.4424906541753444e-15,0.9799716313942988,0.2810047349797031,0.19062863351698,0.104552602741276,0.2325888988962036,1.176195513376474,0.9469832017395278,0.4424879011551224,0.8938220167402572,0.7360258354928272,0.1832250861566262,0.2129248636804213,0.6595269240142444,0.8486062550694906
E5a_h0.06_e0.1_L2_alibi_learn_attn_s2,3.597542435864824,2.4424906541753444e-15,0.9709540417275444,0.3443892033919334,0.168547142941243,0.1359907775745384,0.2279561962978019,1.1467340656070977,0.9213880540315345,0.5626687779012267,0.8311770794634447,0.9292992811645264,0.1832250861566262,0.2129248636804213,0.8852887358884294,0.8716701479999398
E5n_h0.003_e0.1_L2_alibi_learn_attn_N192_s0,5.206209611094112,2.220446049250313e-15,0.9224439109422397,0.8266415781360724,0.0332963653739284,0.2973022949031044,0.4269702858632942,2.299768109830257,0.4802345465306928,2.104731369554731,0.3219809357892136,2.3041106923557875,0.0202035114346653,0.2129248636804213,0.8224395161721643,0.5404630818227596
E5n_h0.003_e0.1_L2_alibi_learn_attn_N192_s1,4.388283401394764,2.220446049250313e-15,0.881045392695616,0.8390374420432896,0.0238579792352827,0.3114370655290354,0.0234982170078443,2.9508051064207628,0.3997355048534209,2.060178596852887,0.2586756826294808,2.186172879290108,0.0202035114346653,0.2129248636804213,0.7437057402716765,0.4935892897081657
E5n_h0.003_e0.1_L2_alibi_learn_attn_N512_s0,5.004021451866052,2.220446049250313e-15,0.9328821352824376,0.8681081365976316,0.0261337873443238,0.2897399434268247,0.1189003155088197,2.551275529275645,0.4716000999002028,2.071834335605711,0.321682634203266,2.256752721042356,0.0202035114346653,0.2129248636804213,0.835143368346879,0.5639257365411685
E5n_h0.003_e0.1_L2_alibi_learn_attn_N512_s1,5.024056949760164,2.220446049250313e-15,0.9304506217109364,0.9139917625250734,0.0236303156682084,0.2847414096655317,-0.0641690384323329,2.664517521473828,0.4677421033824566,2.074043980972049,0.3227063694211156,2.254333634868887,0.0202035114346653,0.2129248636804213,0.8395157131376189,0.581598662996393
E5n_h0.01_e0.1_L2_alibi_learn_attn_N192_s0,6.638007327058274,1.7763568394002505e-15,0.9461079645874146,0.6861063901164405,0.0625746773987626,0.240479721151038,0.5566203143111934,1.6423985586735872,0.6471182669244939,1.8521746117957667,0.4814914677547779,2.241473667893492,0.0490078459481336,0.2129248636804213,0.9289413046542924,0.687378816719795
E5n_h0.01_e0.1_L2_alibi_learn_attn_N192_s1,5.802531550967833,1.7763568394002505e-15,0.9602618997389064,0.524412255835401,0.0635817479189794,0.2460395177392901,0.164112250527582,1.5794401740622166,0.7540094460658648,1.472673405160811,0.5804119584491603,1.9235080483956453,0.0490078459481336,0.2129248636804213,0.946742025294839,0.6738976383835608
E5n_h0.01_e0.1_L2_alibi_learn_attn_N512_s0,6.774911593837065,1.7763568394002505e-15,0.9567657076864128,0.5817122535729276,0.0656486693347141,0.2027885784999928,0.5491639336585743,1.452706831369986,0.7104948591779517,1.6768531257460846,0.559604287699554,2.0790356860668693,0.0490078459481336,0.2129248636804213,0.9312191452873922,0.7478694414474052
E5n_h0.01_e0.1_L2_alibi_learn_attn_N512_s1,6.495114192897219,1.7763568394002505e-15,0.9413570684371338,0.6995816629750516,0.059483778622915,0.3016589126712204,0.0479014342645307,2.1579243995740427,0.696549176686065,1.7584194435750673,0.5027937156645151,2.23145779308216,0.0490078459481336,0.2129248636804213,0.905832586041391,0.5844666547494372
E5n_h0.03_e0.1_L2_alibi_learn_attn_N192_s0,5.620359065408991,2.664535259100376e-15,0.9484949934614592,0.581311990061653,0.1142070358474369,0.1716368029173251,0.4216628552729755,1.2972224530242789,0.831898175957127,1.0494813133716865,0.698743694703343,1.5087649444887885,0.1100086557290747,0.2129248636804213,0.9227468666517392,0.8157254244827142
E5n_h0.03_e0.1_L2_alibi_learn_attn_N192_s1,5.011648287300242,2.664535259100376e-15,0.9493887037281672,0.5432386945094939,0.131806677587557,0.1774699180066986,0.1761317442154341,1.2878909781534678,0.8910816897553061,0.7925013823377256,0.7756902782869015,1.2323072196570193,0.1100086557290747,0.2129248636804213,0.8786438184333238,0.7980108309687786
E5n_h0.03_e0.1_L2_alibi_learn_attn_N512_s0,5.292081185238303,2.664535259100376e-15,0.9705210340980664,0.428729055344547,0.1018245677605897,0.1363529498518803,0.4105106769018098,1.1612901435638332,0.8425026072196091,1.0066406065675628,0.7336308164260724,1.390141953583323,0.1100086557290747,0.2129248636804213,0.8909926645824412,0.863625839657657
E5n_h0.03_e0.1_L2_alibi_learn_attn_N512_s1,5.186730551742999,2.664535259100376e-15,0.9706424141601264,0.4232617429608549,0.1049739440451291,0.141406542984688,0.4152119058136026,1.168417680946393,0.8530486849421028,0.95855590733603,0.742286437263783,1.3548396071794693,0.1100086557290747,0.2129248636804213,0.89973488776476,0.8605196257390817
E5d_h0.01_e0.1_L2_alibi_learn_attn_K32_s0,6.534219028067052,1.7763568394002505e-15,0.946262984072884,0.7740408383060756,0.0568482656633586,0.2325436424752175,0.5811211995301451,1.5943993549761457,0.6444738394214553,1.8339714525998088,0.483802578501604,2.206645936449639,0.0490078459481336,0.2129248636804213,0.9272943468338106,0.7184162075341369
E5d_h0.01_e0.1_L2_alibi_learn_attn_K32_s1,6.481281114155214,1.7763568394002505e-15,0.9414633684027474,0.8067664872646155,0.0563552592946308,0.2296807979177379,0.6053422948206854,1.5674838384950176,0.6388366977326407,1.8343719259345843,0.4808512471912548,2.198726575195569,0.0490078459481336,0.2129248636804213,0.9215715914792166,0.7229161228212178
E5d_h0.01_e0.1_L2_alibi_learn_attn_K8_s0,7.769445062475778,1.7763568394002505e-15,0.942968385861004,0.7146230771897861,0.0648688272596499,0.1971090433465756,0.519398638220949,1.516269556580522,0.7040109188315438,1.8051362817333847,0.5521019442081831,2.237060423182081,0.0490078459481336,0.2129248636804213,0.8989186538041326,0.7417711143549546
E5d_h0.01_e0.1_L2_alibi_learn_attn_K8_s1,8.244047184769295,1.7763568394002505e-15,0.93142180579028,0.8021776698676576,0.0662631221069959,0.2011090080275161,0.474327040545663,1.572425255328506,0.6755614956215378,1.957039102130472,0.5238614335288531,2.3777069242466378,0.0490078459481336,0.2129248636804213,0.8787478745978767,0.7192241001217481
E5d_h0.01_e0.1_L2_alibi_learn_attn_V128_s0,6.22874146992837,1.7763568394002505e-15,0.9317554403160302,0.8914575634133032,0.0661522490055695,0.2273054226775043,0.6653563154683124,1.4513863002946514,0.6136532544213136,1.9083127420822428,0.4397765562358861,2.283360253999755,0.0490078459481336,0.2129248636804213,0.9095006943901016,0.6519374616689309
E5d_h0.01_e0.1_L2_alibi_learn_attn_V128_s1,6.333383782905743,1.7763568394002505e-15,0.9300799707183478,0.874218340689682,0.0677791999854516,0.2274841197497911,0.6630967024135862,1.4575818965067118,0.6100553403701097,1.922736225143573,0.4370472661443174,2.301476894545893,0.0490078459481336,0.2129248636804213,0.9071004894338376,0.6489778410617106
E5d_h0.01_e0.1_L2_alibi_learn_attn_V32_s0,7.025937092294482,1.7763568394002505e-15,0.9438960596733068,0.6725558132104228,0.058621735756115,0.2331721073877024,0.5953069800953105,1.7399939114155965,0.6973302215556165,1.7314200519840033,0.5467639077583385,2.1369299128564654,0.0490078459481336,0.2129248636804213,0.9241502965906876,0.7418944099558258
E5d_h0.01_e0.1_L2_alibi_learn_attn_V32_s1,7.181095139901285,1.7763568394002505e-15,0.9420293055997332,0.769165326604147,0.0469968493351345,0.2260971646855606,0.4467874907375744,1.7148084117183826,0.6638774741810765,1.8556370052153424,0.5199929661796763,2.221454261240124,0.0490078459481336,0.2129248636804213,0.9182652586120448,0.7675561275597548
E5d_h0.03_e0.2_L2_alibi_learn_attn_K32_s0,2.92084382898208,2.4424906541753444e-15,0.9478080920840232,0.4094387535396958,0.1165592249651927,0.2775560477620156,0.1594410617495444,1.26611888590726,0.8058405550855782,0.8591226566787981,0.6486457103380749,1.1958277069662593,0.1100086557290747,0.2784432162713949,0.9294783756483804,0.7703977641764764
E5d_h0.03_e0.2_L2_alibi_learn_attn_K32_s1,3.0892867333084832,2.4424906541753444e-15,0.9631905558552722,0.360638183615026,0.1036627920410424,0.228186514010382,0.3277092555943648,1.0949435326938946,0.7724984785307561,0.9415177592114572,0.6170670768730235,1.2830441790932956,0.1100086557290747,0.2784432162713949,0.9392276575020138,0.7990999244859598
E5d_h0.03_e0.2_L2_alibi_learn_attn_K8_s0,3.6737588304937066,2.4424906541753444e-15,0.9586754282812046,0.4189777669479414,0.099324572693181,0.2013221800139673,0.2344068205740924,1.0982476589564911,0.7799247282311098,1.0035215949750178,0.635498082278075,1.355067077023482,0.1100086557290747,0.2784432162713949,0.9050655528856824,0.7895374557024912
E5d_h0.03_e0.2_L2_alibi_learn_attn_K8_s1,3.669856877792376,2.4424906541753444e-15,0.9522698139299092,0.450070701590803,0.1002292350813917,0.2254583168733288,0.2515232939144059,1.172094856261854,0.7434225940732263,1.088461767720224,0.5872857726639045,1.44732390239546,0.1100086557290747,0.2784432162713949,0.9351420407526532,0.7963098345886684
E5d_h0.03_e0.2_L2_alibi_learn_attn_V128_s0,3.659332375900927,3.108624468950439e-15,0.9510122351026946,0.4593581283801818,0.1158616553143485,0.2230862983126187,0.3212040308674846,1.0780422162545589,0.7115321523686179,1.160605381237503,0.5472669251924982,1.517393518556624,0.1100086557290747,0.2784432162713949,0.9143775040852828,0.7471420456967215
E5d_h0.03_e0.2_L2_alibi_learn_attn_V128_s1,3.12899835689542,3.108624468950439e-15,0.9510723828757924,0.4092848211441103,0.1206632435416504,0.2547557058210211,0.1120661122915059,1.1146208831842277,0.7514191043208578,1.0058199927551614,0.5876278557024848,1.3413312035047935,0.1100086557290747,0.2784432162713949,0.9066546660955388,0.7472734722491561
E5d_h0.03_e0.2_L2_alibi_learn_attn_V32_s0,3.334788579377426,1.7763568394002505e-15,0.9538422562559956,0.4243091419465944,0.0886166386032282,0.2373096022229413,0.2865804248679326,1.2767911204100542,0.7473086159481888,1.022907784761277,0.5995746137946578,1.354878902172632,0.1100086557290747,0.2784432162713949,0.9428547131545326,0.8415444646201462
E5d_h0.03_e0.2_L2_alibi_learn_attn_V32_s1,3.391922899789665,1.7763568394002505e-15,0.972419075218475,0.3442815141801083,0.0962208257024528,0.2195770475957836,0.3217693652327985,1.2607276577902151,0.7779630762135964,0.9592218734206058,0.6503993926887157,1.258411723189098,0.1100086557290747,0.2784432162713949,0.941531909910854,0.8401476138723616
E5d_h0.01_e0.1_L2_alibi_learn_attn_keysuniform_s0,6.273229368339885,1.7763568394002505e-15,0.9410198637537686,0.6393970631524302,0.054902907900451,0.1962201123208768,0.4201097100344672,1.363868783201826,0.7647645936660596,1.5031586877169956,0.6098172041068508,1.9148527135776976,0.0490078459481336,0.2129248636804213,0.9326916525546188,0.7437289265287659
E5r_h0.003_e0.05_L2_rope_attn_s0,13.08354594444334,2.886579864025407e-15,0.9339778347019184,1.0188856214739033,0.0132508832243576,0.0610004685556104,0.2959012390798163,1.2086807714042291,0.8205417564287161,1.6804488356311764,0.7768852850783059,1.863864761219308,0.0202035114346653,0.1631924040687266,0.5337600896399469,0.917568512628862
E5r_h0.003_e0.1_L2_rope_attn_s0,7.922557863990083,2.220446049250313e-15,0.941587827362956,0.7878103002895467,0.0073829126732078,0.1384374477347408,-1.0030197082530727,1.8385210940346013,0.6606779689479827,1.869628236668756,0.5850552477645865,2.072300624483861,0.0202035114346653,0.2129248636804213,0.6762613404711006,0.9250966134709744
E5r_h0.003_e0.2_L2_rope_attn_s0,2.50681647754799,1.4432899320127037e-15,0.943803009486796,0.6820197704633625,0.0059587508314413,0.2484949420212846,-2.644038831919908,3.763969580004673,0.4305115613974881,1.4144860194851847,0.3449521872031389,1.4980330774423776,0.0202035114346653,0.2784432162713949,0.7772835835552845,0.9253572107445284
E5r_h0.003_e0.3_L2_rope_attn_s0,0.3838797805982888,4.440892098500626e-16,0.9351245550036328,0.250728812331294,0.000337616984325,0.3439304197534411,-81.48331155881829,127.68305820435664,0.3147373102856915,0.6228379883918156,0.2375095716525522,0.6392183561926887,0.0202035114346653,0.3282487368477573,0.6935556250272998,0.930453845630167
E5r_h0.01_e0.05_L2_rope_attn_s0,9.708532878543728,1.7763568394002505e-15,0.949383129167196,0.7584401262599622,0.0268692504596036,0.0511869716065569,0.4092675593908882,1.0502607512937985,0.865115270079486,1.3035659339659509,0.8306341732505782,1.4581566638049603,0.0490078459481336,0.1631924040687266,0.6779276004828239,0.9124056676525476
E5r_h0.01_e0.2_L2_rope_attn_s0,4.345900732239693,2.220446049250313e-15,0.9304617921337016,0.8307288387630642,0.0172967316436073,0.1886889593145858,-0.6300880506777679,1.5065234361182436,0.6273939319070105,1.5036534451263524,0.515105092619299,1.7111394428959703,0.0490078459481336,0.2784432162713949,0.8313019268010329,0.9148164706224098
E5r_h0.01_e0.3_L2_rope_attn_s0,1.163178756103402,1.5543122344752194e-15,0.963032684469832,0.4674563302302012,0.0116403163800275,0.2703132595460653,-1.1091630528149143,2.042209241934078,0.4818513644551246,0.9493762556203114,0.3639061447172834,1.0298396641570329,0.0490078459481336,0.3282487368477573,0.7600449796187569,0.955256293701524
E5r_h0.03_e0.05_L2_rope_attn_s0,6.785261538354326,2.220446049250313e-15,0.9611804299189716,0.5955633574362266,0.0521850936531304,0.0293702848439141,0.5307379036263017,1.0238566200356574,0.8901104786930005,1.0337405729273537,0.8661325997768483,1.1759768594629805,0.1100086557290747,0.1631924040687266,0.6090507000367181,0.8918773784177929
E5r_h0.03_e0.1_L2_rope_attn_s0,6.564314453862806,2.664535259100376e-15,0.9705552362630152,0.4837964123933349,0.0616745440682951,0.094738470162027,0.3249613382349203,1.0827359145082225,0.8462801919180092,1.1293934555953669,0.7700240782287406,1.4272398524084944,0.1100086557290747,0.2129248636804213,0.8178958945319467,0.9208941207620488
E5r_h0.03_e0.3_L2_rope_attn_s0,2.040780227747505,2.220446049250313e-15,0.967077425156494,0.5047586676712779,0.0629906153002031,0.2400093995309973,0.0221969034063602,0.9184552430226888,0.6426350389684451,1.0062598922384225,0.49273908491514,1.2087291862104854,0.1100086557290747,0.3282487368477573,0.9195452181178296,0.8144561136722367
E5d_h0.01_e0.1_L2_alibi_learn_attn_uniform_s0,5.136892659305222,3.552713678800501e-15,0.878080036634472,0.8901156711817981,0.031627479713371744,0.5,-0.33998180119111016,1.1972030842979657,0.9272760407316555,0.8237643407121449,0.9256049508486627,0.802824185267871,0.04900784594813365,0.21292486368042132,0.1657484473546904,0.7429585849601213
E5d_h0.03_e0.2_L2_alibi_learn_attn_keysuniform_s0,2.557894781364113,2.4424906541753444e-15,0.9419612706473386,0.44433664613113094,0.07020932779738885,0.17882577652670117,0.13740649099313745,0.824641053438073,0.7688650415085472,0.9011358155483241,0.6196158213810701,1.1989262868384676,0.1100086557290747,0.2784432162713949,0.8315660030419958,0.82434759799107
E5d_h0.03_e0.2_L2_alibi_learn_attn_uniform_s0,3.2200469278476853,4.440892098500626e-15,0.8573894434492312,0.7753022078827247,0.055782277474610474,0.5,-0.41351095378130404,1.1061769637335723,0.9585243670449163,0.47571636130956424,0.9474981590063741,0.5420124938493767,0.1100086557290747,0.2784432162713949,0.3383739402527486,0.7723347008733648
