run,h,eps,r2,sign_agree,held
E2b_h0.003_e0.05_L2_alibi_learn_attn_s0,0.003,0.05,0.8518572123116517,0.8679245283018868,h=0.003
E2b_h0.003_e0.05_L2_alibi_learn_attn_s1,0.003,0.05,0.7355730770645399,0.7757009345794392,h=0.003
E2b_h0.003_e0.05_L2_alibi_learn_attn_s2,0.003,0.05,0.8062506346044526,0.8454545454545455,h=0.003
E2b_h0.003_e0.1_L2_alibi_learn_attn_s0,0.003,0.1,0.8831774216201307,0.9,h=0.003
E2b_h0.003_e0.1_L2_alibi_learn_attn_s1,0.003,0.1,0.8307625136263947,0.8899082568807339,h=0.003
E2b_h0.003_e0.1_L2_alibi_learn_attn_s2,0.003,0.1,0.8597935430798325,0.8918918918918919,h=0.003
E2b_h0.003_e0.2_L2_alibi_learn_attn_s0,0.003,0.2,0.8158449054292584,0.9174311926605505,h=0.003
E2b_h0.003_e0.2_L2_alibi_learn_attn_s1,0.003,0.2,0.8186696245738599,0.9099099099099099,h=0.003
E2b_h0.003_e0.2_L2_alibi_learn_attn_s2,0.003,0.2,0.7932092962401198,0.9174311926605505,h=0.003
E2b_h0.003_e0.3_L2_alibi_learn_attn_s0,0.003,0.3,0.6672394666215882,0.963302752293578,h=0.003
E2b_h0.003_e0.3_L2_alibi_learn_attn_s1,0.003,0.3,0.7182971330800979,1.0,h=0.003
E2b_h0.003_e0.3_L2_alibi_learn_attn_s2,0.003,0.3,0.6297759080081273,0.963302752293578,h=0.003
E1_h0.01_e0.1_L2_alibi_learn_attn_s0,0.01,0.1,0.9108969582825204,0.8942307692307693,h=0.01
E1_h0.01_e0.1_L2_alibi_learn_attn_s1,0.01,0.1,0.8672470939370405,0.8727272727272727,h=0.01
E1_h0.01_e0.1_L2_alibi_learn_attn_s2,0.01,0.1,0.8963863734925028,0.8378378378378378,h=0.01
E2b_h0.01_e0.05_L2_alibi_learn_attn_s0,0.01,0.05,0.8996952195950239,1.0,h=0.01
E2b_h0.01_e0.05_L2_alibi_learn_attn_s1,0.01,0.05,0.8437756701077032,0.9626168224299065,h=0.01
E2b_h0.01_e0.05_L2_alibi_learn_attn_s2,0.01,0.05,0.9062116855441373,1.0,h=0.01
E2b_h0.01_e0.2_L2_alibi_learn_attn_s0,0.01,0.2,0.9039675809522753,0.9326923076923077,h=0.01
E2b_h0.01_e0.2_L2_alibi_learn_attn_s1,0.01,0.2,0.9056058996411701,0.9428571428571428,h=0.01
E2b_h0.01_e0.2_L2_alibi_learn_attn_s2,0.01,0.2,0.8753441763863002,0.8952380952380953,h=0.01
E2b_h0.01_e0.3_L2_alibi_learn_attn_s0,0.01,0.3,0.7325826833505019,0.9230769230769231,h=0.01
E2b_h0.01_e0.3_L2_alibi_learn_attn_s1,0.01,0.3,0.3625439980139318,0.9285714285714286,h=0.01
E2b_h0.01_e0.3_L2_alibi_learn_attn_s2,0.01,0.3,0.7472243102166809,0.9056603773584906,h=0.01
E1_h0.03_e0.2_L2_alibi_learn_attn_s0,0.03,0.2,0.877354518558499,0.9439252336448598,h=0.03
E1_h0.03_e0.2_L2_alibi_learn_attn_s1,0.03,0.2,0.8880478627928373,0.9629629629629629,h=0.03
E1_h0.03_e0.2_L2_alibi_learn_attn_s2,0.03,0.2,0.8859078890819772,0.9622641509433962,h=0.03
E2b_h0.03_e0.05_L2_alibi_learn_attn_s0,0.03,0.05,0.6121348183566624,0.9181818181818182,h=0.03
E2b_h0.03_e0.05_L2_alibi_learn_attn_s1,0.03,0.05,0.597590044200464,0.9,h=0.03
E2b_h0.03_e0.05_L2_alibi_learn_attn_s2,0.03,0.05,0.6547308227932828,0.9174311926605505,h=0.03
E2b_h0.03_e0.1_L2_alibi_learn_attn_s0,0.03,0.1,0.832990715458382,0.9807692307692307,h=0.03
E2b_h0.03_e0.1_L2_alibi_learn_attn_s1,0.03,0.1,0.7893359464851779,0.9626168224299065,h=0.03
E2b_h0.03_e0.1_L2_alibi_learn_attn_s2,0.03,0.1,0.7908481156224787,0.9716981132075472,h=0.03
E2b_h0.03_e0.3_L2_alibi_learn_attn_s0,0.03,0.3,0.5421040628378062,0.9611650485436893,h=0.03
E2b_h0.03_e0.3_L2_alibi_learn_attn_s1,0.03,0.3,0.5080009696408293,0.98,h=0.03
E2b_h0.03_e0.3_L2_alibi_learn_attn_s2,0.03,0.3,0.6472703097255591,0.9615384615384616,h=0.03
E2b_h0.003_e0.05_L2_alibi_learn_attn_s0,0.003,0.05,0.8165634450100983,0.9339622641509434,eps=0.05
E2b_h0.003_e0.05_L2_alibi_learn_attn_s1,0.003,0.05,0.7889432471555152,0.9065420560747663,eps=0.05
E2b_h0.003_e0.05_L2_alibi_learn_attn_s2,0.003,0.05,0.7776743230026915,0.9272727272727272,eps=0.05
E2b_h0.01_e0.05_L2_alibi_learn_attn_s0,0.01,0.05,0.8737592130505061,0.981651376146789,eps=0.05
E2b_h0.01_e0.05_L2_alibi_learn_attn_s1,0.01,0.05,0.7841106762285458,0.9439252336448598,eps=0.05
E2b_h0.01_e0.05_L2_alibi_learn_attn_s2,0.01,0.05,0.8408921124694684,0.9813084112149533,eps=0.05
E2b_h0.03_e0.05_L2_alibi_learn_attn_s0,0.03,0.05,0.7427395801631946,0.9454545454545454,eps=0.05
E2b_h0.03_e0.05_L2_alibi_learn_attn_s1,0.03,0.05,0.745848826987692,0.9272727272727272,eps=0.05
E2b_h0.03_e0.05_L2_alibi_learn_attn_s2,0.03,0.05,0.7792227841904659,0.944954128440367,eps=0.05
E1_h0.01_e0.1_L2_alibi_learn_attn_s0,0.01,0.1,0.9237738905735995,0.9519230769230769,eps=0.1
E1_h0.01_e0.1_L2_alibi_learn_attn_s1,0.01,0.1,0.8972844013871952,0.9090909090909091,eps=0.1
E1_h0.01_e0.1_L2_alibi_learn_attn_s2,0.01,0.1,0.9178535106051848,0.9099099099099099,eps=0.1
E2b_h0.003_e0.1_L2_alibi_learn_attn_s0,0.003,0.1,0.8881938095370648,0.9727272727272728,eps=0.1
E2b_h0.003_e0.1_L2_alibi_learn_attn_s1,0.003,0.1,0.8578549579604795,0.963302752293578,eps=0.1
E2b_h0.003_e0.1_L2_alibi_learn_attn_s2,0.003,0.1,0.8620705994728667,0.963963963963964,eps=0.1
E2b_h0.03_e0.1_L2_alibi_learn_attn_s0,0.03,0.1,0.9012808372948399,0.9903846153846154,eps=0.1
E2b_h0.03_e0.1_L2_alibi_learn_attn_s1,0.03,0.1,0.877487471779856,0.9813084112149533,eps=0.1
E2b_h0.03_e0.1_L2_alibi_learn_attn_s2,0.03,0.1,0.8852937033994981,0.9716981132075472,eps=0.1
E1_h0.03_e0.2_L2_alibi_learn_attn_s0,0.03,0.2,0.9419127127741909,0.9532710280373832,eps=0.2
E1_h0.03_e0.2_L2_alibi_learn_attn_s1,0.03,0.2,0.9428192957448637,0.9444444444444444,eps=0.2
E1_h0.03_e0.2_L2_alibi_learn_attn_s2,0.03,0.2,0.9364590234240532,0.9339622641509434,eps=0.2
E2b_h0.003_e0.2_L2_alibi_learn_attn_s0,0.003,0.2,0.7788145195598163,0.908256880733945,eps=0.2
E2b_h0.003_e0.2_L2_alibi_learn_attn_s1,0.003,0.2,0.7949601291859494,0.9009009009009009,eps=0.2
E2b_h0.003_e0.2_L2_alibi_learn_attn_s2,0.003,0.2,0.7460987851060967,0.908256880733945,eps=0.2
E2b_h0.01_e0.2_L2_alibi_learn_attn_s0,0.01,0.2,0.9066711030016871,0.9326923076923077,eps=0.2
E2b_h0.01_e0.2_L2_alibi_learn_attn_s1,0.01,0.2,0.9157083947117839,0.9428571428571428,eps=0.2
E2b_h0.01_e0.2_L2_alibi_learn_attn_s2,0.01,0.2,0.8793631459504372,0.8952380952380953,eps=0.2
E2b_h0.003_e0.3_L2_alibi_learn_attn_s0,0.003,0.3,0.728406645320369,0.9541284403669725,eps=0.3
E2b_h0.003_e0.3_L2_alibi_learn_attn_s1,0.003,0.3,0.7856712030564412,0.9903846153846154,eps=0.3
E2b_h0.003_e0.3_L2_alibi_learn_attn_s2,0.003,0.3,0.6955655927153688,0.9541284403669725,eps=0.3
E2b_h0.01_e0.3_L2_alibi_learn_attn_s0,0.01,0.3,0.8590818232749096,0.9134615384615384,eps=0.3
E2b_h0.01_e0.3_L2_alibi_learn_attn_s1,0.01,0.3,0.6096972772506155,0.9183673469387755,eps=0.3
E2b_h0.01_e0.3_L2_alibi_learn_attn_s2,0.01,0.3,0.8531379972419249,0.8962264150943396,eps=0.3
E2b_h0.03_e0.3_L2_alibi_learn_attn_s0,0.03,0.3,0.9304393808466911,0.9514563106796117,eps=0.3
E2b_h0.03_e0.3_L2_alibi_learn_attn_s1,0.03,0.3,0.9406479505271044,0.98,eps=0.3
E2b_h0.03_e0.3_L2_alibi_learn_attn_s2,0.03,0.3,0.9493696464941813,0.9615384615384616,eps=0.3
