run,h,eps,h_free,h_eps_fixed,r2_free,r2_eps_fixed
E1_h0.01_e0.1_L2_alibi_learn_attn_s0,0.01,0.1,0.0583087354089433,0.056794540028310185,0.9369704241351396,0.9366973571852852
E1_h0.01_e0.1_L2_alibi_learn_attn_s1,0.01,0.1,0.0672758684358253,0.05123044337908214,0.947580915708078,0.902391172680297
E1_h0.01_e0.1_L2_alibi_learn_attn_s2,0.01,0.1,0.0595216729579866,0.05478409605529649,0.9394642501807258,0.9366803707253526
E1_h0.03_e0.2_L2_alibi_learn_attn_s0,0.03,0.2,0.0999316783032956,0.11617418007566767,0.9521790108603976,0.9432619922290432
E1_h0.03_e0.2_L2_alibi_learn_attn_s1,0.03,0.2,0.1054392010595663,0.11024046976962859,0.951581404374612,0.9507511722298794
E1_h0.03_e0.2_L2_alibi_learn_attn_s2,0.03,0.2,0.1024578527479942,0.10538724521824602,0.9501773915645724,0.9498482500754436
E2b_h0.003_e0.05_L2_alibi_learn_attn_s0,0.003,0.05,0.0412300719589147,0.03441156345870535,0.949500083390547,0.9288062883936237
E2b_h0.003_e0.05_L2_alibi_learn_attn_s1,0.003,0.05,0.0405291533581971,0.03084116450998275,0.9342888408881608,0.8660221059028429
E2b_h0.003_e0.05_L2_alibi_learn_attn_s2,0.003,0.05,0.0466737212743378,0.0346924346462415,0.9307492163488412,0.8943965046483168
E2b_h0.003_e0.1_L2_alibi_learn_attn_s0,0.003,0.1,0.0244649754276,0.023946818983890936,0.9383268882125771,0.9266058535806768
E2b_h0.003_e0.1_L2_alibi_learn_attn_s1,0.003,0.1,0.0243213657450067,0.02352925107148859,0.9319229506712452,0.8961467625683744
E2b_h0.003_e0.1_L2_alibi_learn_attn_s2,0.003,0.1,0.0256902607464492,0.024588396018834145,0.935217627477856,0.9151420683215888
E2b_h0.003_e0.2_L2_alibi_learn_attn_s0,0.003,0.2,0.0150538925060821,0.014234908805806131,0.8733394505950052,0.8430856759063392
E2b_h0.003_e0.2_L2_alibi_learn_attn_s1,0.003,0.2,0.0121651016826744,0.01099435863233829,0.8785300510192247,0.8560216191712062
E2b_h0.003_e0.2_L2_alibi_learn_attn_s2,0.003,0.2,0.013873585587451,0.012518468546796436,0.86661873861799,0.8299920246073191
E2b_h0.003_e0.3_L2_alibi_learn_attn_s0,0.003,0.3,0.0121029250906773,0.012001835316843448,0.8542219683608535,0.854073971472119
E2b_h0.003_e0.3_L2_alibi_learn_attn_s1,0.003,0.3,0.0111375041830835,0.011074260527224305,0.8793200249356876,0.8792117368895733
E2b_h0.003_e0.3_L2_alibi_learn_attn_s2,0.003,0.3,0.0123602185540975,0.01233364189765207,0.8777100005217875,0.8776720920803518
E2b_h0.01_e0.05_L2_alibi_learn_attn_s0,0.01,0.05,0.0702807127282689,0.07336692370444307,0.9543783117411252,0.9538815981058574
E2b_h0.01_e0.05_L2_alibi_learn_attn_s1,0.01,0.05,0.0719384460457469,0.06979359407546165,0.929057463005728,0.9286314844248759
E2b_h0.01_e0.05_L2_alibi_learn_attn_s2,0.01,0.05,0.0688278495439713,0.07691237538800476,0.9493793251136492,0.9464506726444715
E2b_h0.01_e0.2_L2_alibi_learn_attn_s0,0.01,0.2,0.04805973722204,0.047964656076896005,0.935348939695302,0.9353475753475313
E2b_h0.01_e0.2_L2_alibi_learn_attn_s1,0.01,0.2,0.04797060214942,0.04188112647265161,0.955521506777888,0.944647182686977
E2b_h0.01_e0.2_L2_alibi_learn_attn_s2,0.01,0.2,0.0465897247518777,0.045072387683841954,0.9265402023353092,0.9262262375148257
E2b_h0.01_e0.3_L2_alibi_learn_attn_s0,0.01,0.3,0.029462272968006,0.038485276370959345,0.92110567528531,0.9114235677907752
E2b_h0.01_e0.3_L2_alibi_learn_attn_s1,0.01,0.3,0.0262012492366987,0.029824497945931484,0.9507075991919484,0.8603557682220282
E2b_h0.01_e0.3_L2_alibi_learn_attn_s2,0.01,0.3,0.0278757826234082,0.034513577161707394,0.9153342192734724,0.9059668087652681
E2b_h0.03_e0.05_L2_alibi_learn_attn_s0,0.03,0.05,0.1220203003115074,0.1826059260864839,0.9629330500221764,0.9292139238021726
E2b_h0.03_e0.05_L2_alibi_learn_attn_s1,0.03,0.05,0.146763810556347,0.16498888541909412,0.9370646625057816,0.9330471792018629
E2b_h0.03_e0.05_L2_alibi_learn_attn_s2,0.03,0.05,0.1221346251548375,0.173085909788068,0.9688432005108144,0.943884009664617
E2b_h0.03_e0.1_L2_alibi_learn_attn_s0,0.03,0.1,0.1095096087569004,0.14873967025043264,0.9591039724522727,0.9360329805920942
E2b_h0.03_e0.1_L2_alibi_learn_attn_s1,0.03,0.1,0.1335542065995866,0.1509521614440285,0.948358279961889,0.9440312846204802
E2b_h0.03_e0.1_L2_alibi_learn_attn_s2,0.03,0.1,0.1134636862391833,0.13059046682314732,0.9303831471768796,0.9232935891540197
E2b_h0.03_e0.3_L2_alibi_learn_attn_s0,0.03,0.3,0.0966597260204079,0.10934494407953871,0.96618176311978,0.9593836564214684
E2b_h0.03_e0.3_L2_alibi_learn_attn_s1,0.03,0.3,0.108107854863974,0.10074176705455294,0.9631750663496657,0.9609378006661523
E2b_h0.03_e0.3_L2_alibi_learn_attn_s2,0.03,0.3,0.1049504650225524,0.10759847921469119,0.9633079185479824,0.9630236404267226
