run,exp,h,eps,N,V,K,key_dist,typo,pe,sd_y,rmse_law,r2_law,r2_law_ab,r2_true_ab,r2_cross,r2_cross_ab,h_cross,eps_cross,b_fit
E1_h0.01_e0.1_L2_alibi_learn_attn_s0,E1,0.01,0.1,256,64,16,zipf,structured,alibi_learn,2.65016831641955,0.7337196808171629,0.9233497771528303,0.9328453046542596,0.7250239599006676,0.9166453772995241,0.9365548884861179,0.055765323504766866,0.2119242713366232,1.5601275686657927
E1_h0.01_e0.1_L2_alibi_learn_attn_s1,E1,0.01,0.1,256,64,16,zipf,structured,alibi_learn,2.496605638467641,0.7939586429771182,0.8988663067011555,0.9018079858482244,0.5647096386099715,0.8846953029399676,0.8994314968308662,0.055765323504766866,0.2119242713366232,2.347903289730874
E1_h0.01_e0.1_L2_alibi_learn_attn_s2,E1,0.01,0.1,256,64,16,zipf,structured,alibi_learn,2.6685856267769963,0.7816148253396321,0.91421264230086,0.9343998624304211,0.7059343941802134,0.8996990356337335,0.9362541365750673,0.055765323504766866,0.2119242713366232,1.659130484272606
E1_h0.03_e0.2_L2_alibi_learn_attn_s0,E1,0.03,0.2,256,64,16,zipf,structured,alibi_learn,1.885940180293246,0.45631192077174815,0.9414579667085832,0.9424454810943522,0.7985635668418031,0.8967778577348354,0.9501921546812688,0.09311504807655492,0.23615001183166578,1.177840043220309
E1_h0.03_e0.2_L2_alibi_learn_attn_s1,E1,0.03,0.2,256,64,16,zipf,structured,alibi_learn,1.891754000957065,0.4263475129495658,0.9492076688501623,0.9507619848183488,0.7931424700629435,0.8850448291660328,0.9482172087642956,0.09311504807655492,0.23615001183166578,1.317605178801454
E1_h0.03_e0.2_L2_alibi_learn_attn_s2,E1,0.03,0.2,256,64,16,zipf,structured,alibi_learn,1.9001282606767242,0.44182473094900543,0.9459327589680878,0.9492569498914447,0.8006258873113424,0.8773230114787701,0.9457698897341189,0.09311504807655492,0.23615001183166578,1.3481286428872243
E2b_h0.003_e0.05_L2_alibi_learn_attn_s0,E2b,0.003,0.05,256,64,16,zipf,structured,alibi_learn,2.9062717586675,0.9732944510053827,0.8878456684487207,0.9060849962634547,0.6332908110952505,0.9002700228296198,0.9423564090392352,0.030195295114864934,0.1971364527287994,1.745797177494006
E2b_h0.003_e0.05_L2_alibi_learn_attn_s1,E2b,0.003,0.05,256,64,16,zipf,structured,alibi_learn,2.9867453595099858,1.2955657691666347,0.8118420666457228,0.8499688400867441,0.526610931416746,0.8351519458035079,0.9097344954330202,0.030195295114864934,0.1971364527287994,2.1698326462581083
E2b_h0.003_e0.05_L2_alibi_learn_attn_s2,E2b,0.003,0.05,256,64,16,zipf,structured,alibi_learn,3.0930665819570864,1.2174619854733386,0.845071155645488,0.8731795985759789,0.5814614411481984,0.8600438688259706,0.9165926795169199,0.030195295114864934,0.1971364527287994,1.948317246418836
E2b_h0.003_e0.1_L2_alibi_learn_attn_s0,E2b,0.003,0.1,256,64,16,zipf,structured,alibi_learn,2.1610624430963172,0.6832155656913892,0.9000504431401288,0.9246215735533221,0.6818501566982371,0.8403155623324601,0.9374099668964918,0.022990967449070216,0.25401363509628044,1.929318708793468
E2b_h0.003_e0.1_L2_alibi_learn_attn_s1,E2b,0.003,0.1,256,64,16,zipf,structured,alibi_learn,2.196177779579744,0.8069715683745005,0.8649851677565717,0.8943139123426633,0.6139399684983764,0.8265202981730715,0.9286578755694002,0.022990967449070216,0.25401363509628044,2.329748317493722
E2b_h0.003_e0.1_L2_alibi_learn_attn_s2,E2b,0.003,0.1,256,64,16,zipf,structured,alibi_learn,2.2739925857488847,0.7985645954612206,0.8766775867245279,0.9124888255454736,0.6493818509799391,0.8165600591642254,0.9344867746428187,0.022990967449070216,0.25401363509628044,2.1000453738640608
E2b_h0.003_e0.2_L2_alibi_learn_attn_s0,E2b,0.003,0.2,256,64,16,zipf,structured,alibi_learn,1.1837303913089587,0.4815196244623781,0.8345288110583453,0.8353442016862317,0.7075714509009158,0.6794349122648353,0.871879884162621,0.01710332881645034,0.3268495053645871,3.318302776552813
E2b_h0.003_e0.2_L2_alibi_learn_attn_s1,E2b,0.003,0.2,256,64,16,zipf,structured,alibi_learn,1.2525948135148544,0.5108178222765692,0.8336928717822825,0.837100537317732,0.7409514327319762,0.6542149995919961,0.8719036789370631,0.01710332881645034,0.3268495053645871,4.109148976387094
E2b_h0.003_e0.2_L2_alibi_learn_attn_s2,E2b,0.003,0.2,256,64,16,zipf,structured,alibi_learn,1.183379222967378,0.5100769580226278,0.8142094883045952,0.8171206594450252,0.6957007463464258,0.676001338975653,0.8624298182304637,0.01710332881645034,0.3268495053645871,3.826038278250018
E2b_h0.003_e0.3_L2_alibi_learn_attn_s0,E2b,0.003,0.3,256,64,16,zipf,structured,alibi_learn,0.6040633513461885,0.3472530332003757,0.6695337439199989,0.8366980376147827,0.8231593261431428,0.47252322669810976,0.825306229566322,0.014050339341493925,0.38069185147448414,2.140526565993264
E2b_h0.003_e0.3_L2_alibi_learn_attn_s1,E2b,0.003,0.3,256,64,16,zipf,structured,alibi_learn,0.7136084305960249,0.36414575950023687,0.739606241910032,0.8566831578136909,0.8515715044329024,0.40798757628998294,0.8484163698616471,0.014050339341493925,0.38069185147448414,2.8060570851055378
E2b_h0.003_e0.3_L2_alibi_learn_attn_s2,E2b,0.003,0.3,256,64,16,zipf,structured,alibi_learn,0.5547347861748977,0.34084944703742504,0.6224674627308895,0.8618234850104136,0.8436221883423052,0.4994462662369845,0.8478124713272608,0.014050339341493925,0.38069185147448414,1.903082602599778
E2b_h0.01_e0.05_L2_alibi_learn_attn_s0,E2b,0.01,0.05,256,64,16,zipf,structured,alibi_learn,2.894006249383826,0.7711842837509527,0.9289903435580055,0.930330553866865,0.7346699780733286,0.9353027175886811,0.9539919315985967,0.07323964962033153,0.16241956034677246,1.4120656754841832
E2b_h0.01_e0.05_L2_alibi_learn_attn_s1,E2b,0.01,0.05,256,64,16,zipf,structured,alibi_learn,2.716849014901647,1.0014484215286459,0.864129189785979,0.9093520755665964,0.6696000501294029,0.9229247902212596,0.9280488339021052,0.07323964962033153,0.16241956034677246,1.3624725777780176
E2b_h0.01_e0.05_L2_alibi_learn_attn_s2,E2b,0.01,0.05,256,64,16,zipf,structured,alibi_learn,3.017057044352314,0.8943770324589126,0.9121232001955188,0.9189753347064484,0.7455877742750281,0.9381939847670752,0.9464465978232238,0.07323964962033153,0.16241956034677246,1.4269919320211977
E2b_h0.01_e0.2_L2_alibi_learn_attn_s0,E2b,0.01,0.2,256,64,16,zipf,structured,alibi_learn,1.8195359764449217,0.4851280315346517,0.9289127939811406,0.935239256302907,0.8211639772505314,0.930682175403102,0.9317508375399501,0.04148466855823096,0.2771756356287696,1.4355572698562031
E2b_h0.01_e0.2_L2_alibi_learn_attn_s1,E2b,0.01,0.2,256,64,16,zipf,structured,alibi_learn,1.7120658900850818,0.4488503019944691,0.9312675074222149,0.937912956812067,0.7306945217360287,0.9241643743723108,0.9440491086460362,0.04148466855823096,0.2771756356287696,1.893059964551551
E2b_h0.01_e0.2_L2_alibi_learn_attn_s2,E2b,0.01,0.2,256,64,16,zipf,structured,alibi_learn,1.7654543818425155,0.524195381836973,0.9118396347804268,0.92473055297641,0.8123329100364081,0.9248338102516325,0.9251172906709932,0.04148466855823096,0.2771756356287696,1.453813230060626
E2b_h0.01_e0.3_L2_alibi_learn_attn_s0,E2b,0.01,0.3,256,64,16,zipf,structured,alibi_learn,1.088012225361334,0.46480477578155005,0.8174954850825352,0.901152907205151,0.8565561674674573,0.8512784915700564,0.9110577431201724,0.034079545389545954,0.32680782790422575,1.115886743822349
E2b_h0.01_e0.3_L2_alibi_learn_attn_s1,E2b,0.01,0.3,256,64,16,zipf,structured,alibi_learn,0.9653019732140592,0.6821061956053014,0.5006815650121528,0.7684488845809337,0.69065103587412,0.7083652871686363,0.8530407723940763,0.034079545389545954,0.32680782790422575,4.75177229805979
E2b_h0.01_e0.3_L2_alibi_learn_attn_s2,E2b,0.01,0.3,256,64,16,zipf,structured,alibi_learn,1.1266217999406014,0.4737437536310325,0.8231802824215672,0.8892354097762948,0.8554510745751506,0.8648510203514537,0.9066315149169784,0.034079545389545954,0.32680782790422575,1.2285772060117766
E2b_h0.03_e0.05_L2_alibi_learn_attn_s0,E2b,0.03,0.05,256,64,16,zipf,structured,alibi_learn,2.3718852828300485,1.014892103012181,0.8169151596372932,0.8793261697205491,0.8488223865346793,0.9437585683119482,0.9494672699862634,0.16439117709074982,0.1352022667550577,1.209936204082627
E2b_h0.03_e0.05_L2_alibi_learn_attn_s1,E2b,0.03,0.05,256,64,16,zipf,structured,alibi_learn,2.2196642858681583,0.9782069686604544,0.8057831455221964,0.8996490229769549,0.7709820198472163,0.9175744043023326,0.9331019109261233,0.16439117709074982,0.1352022667550577,1.2432822099588752
E2b_h0.03_e0.05_L2_alibi_learn_attn_s2,E2b,0.03,0.05,256,64,16,zipf,structured,alibi_learn,2.357713305254556,0.9211499048649349,0.8473563878958648,0.9045308869781352,0.8547619324089719,0.9513641599699698,0.9586608355335475,0.16439117709074982,0.1352022667550577,1.2125942065786155
E2b_h0.03_e0.1_L2_alibi_learn_attn_s0,E2b,0.03,0.1,256,64,16,zipf,structured,alibi_learn,2.414074211759057,0.7393525312617285,0.9062002038256193,0.9167164523847864,0.8388739195996077,0.938658535768107,0.9543395567182594,0.12516891081972364,0.17817599584811522,1.2689866027049026
E2b_h0.03_e0.1_L2_alibi_learn_attn_s1,E2b,0.03,0.1,256,64,16,zipf,structured,alibi_learn,2.2162081624746532,0.7441980297192851,0.887239775568624,0.9212079959557488,0.7924704837055396,0.9226096243841319,0.9478039752684285,0.12516891081972364,0.17817599584811522,1.296775707695844
E2b_h0.03_e0.1_L2_alibi_learn_attn_s2,E2b,0.03,0.1,256,64,16,zipf,structured,alibi_learn,2.1781626800801352,0.7172307136199624,0.8915730772454908,0.9169624512284905,0.7916718897075505,0.8829865596986433,0.9283178819546009,0.12516891081972364,0.17817599584811522,1.1932199314207186
E2b_h0.03_e0.3_L2_alibi_learn_attn_s0,E2b,0.03,0.3,256,64,16,zipf,structured,alibi_learn,1.1877289168287835,0.42257746372672444,0.8734162363382145,0.9593885617895038,0.7113359379055302,0.5848090850949899,0.9498356535155767,0.0764937654719454,0.2812948477628056,0.8773965178208426
E2b_h0.03_e0.3_L2_alibi_learn_attn_s1,E2b,0.03,0.3,256,64,16,zipf,structured,alibi_learn,1.1746494735576227,0.43997634825243187,0.8597050350697814,0.95796984118406,0.7241755107673824,0.5497684717496822,0.9432412460522457,0.0764937654719454,0.2812948477628056,1.3607533272037444
E2b_h0.03_e0.3_L2_alibi_learn_attn_s2,E2b,0.03,0.3,256,64,16,zipf,structured,alibi_learn,1.2501832391369248,0.3720529615270914,0.9114349876695577,0.9628375982719207,0.7068741794686597,0.667615133057426,0.9453810844252819,0.0764937654719454,0.2812948477628056,1.1017363531480286
E2a_h0.01_e0.1_L2_rope_attn_s0,E2a,0.01,0.1,256,64,16,zipf,structured,rope,2.7636052342759037,1.8221761788751387,0.5652608853767634,0.6723428801510627,0.9005841937772443,0.61216213470037,0.6848383953286952,0.055765323504766866,0.2119242713366232,0.9129239040325148
E2a_h0.01_e0.1_L2_rope_attn_s1,E2a,0.01,0.1,256,64,16,zipf,structured,rope,2.74511249739277,1.5290772131122194,0.6897308908444332,0.7784242860609117,0.9199866380520494,0.7325033749694547,0.7890013093378584,0.055765323504766866,0.2119242713366232,1.0453875403463946
E2a_h0.01_e0.1_L2_rope_attn_s2,E2a,0.01,0.1,256,64,16,zipf,structured,rope,2.7802024358097626,1.5610121743466694,0.684746627467467,0.7416848777266516,0.9282184419428764,0.7146021572081613,0.7468433985113512,0.055765323504766866,0.2119242713366232,1.0365516315173162
E2a_h0.03_e0.2_L2_rope_attn_s0,E2a,0.03,0.2,256,64,16,zipf,structured,rope,2.1179223416349733,0.7321138981771219,0.8805084376758283,0.9040787143133951,0.8626739891017526,0.9298551360296725,0.9380754855275485,0.09311504807655492,0.23615001183166578,1.06953085661356
E2a_h0.03_e0.2_L2_rope_attn_s1,E2a,0.03,0.2,256,64,16,zipf,structured,rope,2.0829153489843786,0.5955070126055565,0.9182607742867436,0.9286542018439954,0.8674288562548216,0.9440615421477166,0.9530491528234147,0.09311504807655492,0.23615001183166578,1.1290883064690485
E2a_h0.03_e0.2_L2_rope_attn_s2,E2a,0.03,0.2,256,64,16,zipf,structured,rope,2.080250530508426,0.5877028192499747,0.9201850464478034,0.9310702878117262,0.8715878129716853,0.9452208724997034,0.9542419511784501,0.09311504807655492,0.23615001183166578,1.1333263816893775
E5a_h0.001_e0.1_L2_alibi_learn_attn_s0,E5a,0.001,0.1,256,64,16,zipf,structured,alibi_learn,1.468334632853308,0.7777709483047986,0.7194221716667364,0.7400350616675205,0.5074386625120597,0.4768681060738835,0.856737979781876,0.010242948740933974,0.2969362502353539,4.477127716395892
E5a_h0.001_e0.1_L2_alibi_learn_attn_s1,E5a,0.001,0.1,256,64,16,zipf,structured,alibi_learn,1.6855720923662896,0.8930770369687957,0.7192736484938727,0.7644604613932947,0.5270307162466644,0.44198022127673586,0.873501729589911,0.010242948740933974,0.2969362502353539,4.769592868301857
E5a_h0.001_e0.1_L2_alibi_learn_attn_s2,E5a,0.001,0.1,256,64,16,zipf,structured,alibi_learn,1.5102858216458817,0.9117430883271266,0.6355594706091712,0.6738292826827916,0.4371544721430748,0.4239280844186001,0.8120401730331275,0.010242948740933974,0.2969362502353539,4.758880278955457
E5a_h0.005_e0.07_L2_alibi_learn_attn_s0,E5a,0.005,0.07,256,64,16,zipf,structured,alibi_learn,2.6967722170241353,0.7375918146747044,0.9251927574723272,0.9321950714097074,0.6834798483143747,0.9300632382325121,0.9465184976520014,0.038594710894363025,0.20621499955380204,1.5732726157802497
E5a_h0.005_e0.07_L2_alibi_learn_attn_s1,E5a,0.005,0.07,256,64,16,zipf,structured,alibi_learn,2.803654189607358,1.0559549510762467,0.8581459006928941,0.8931862839169022,0.5653987183013749,0.8602180144975331,0.9193478380188672,0.038594710894363025,0.20621499955380204,2.0502795920371666
E5a_h0.005_e0.07_L2_alibi_learn_attn_s2,E5a,0.005,0.07,256,64,16,zipf,structured,alibi_learn,2.8226400955880058,0.8591945535206735,0.9073443263531361,0.9202028752501104,0.670578602433989,0.9135223440681007,0.9353875665532614,0.038594710894363025,0.20621499955380204,1.6661293496782337
E5a_h0.007_e0.25_L2_alibi_learn_attn_s0,E5a,0.007,0.25,256,64,16,zipf,structured,alibi_learn,1.2988619630041034,0.4376899787270054,0.8864447523082153,0.9065852069203016,0.8350235328217985,0.887547818236605,0.9217622813891796,0.02872839717534718,0.31806001283363505,1.7919066028739277
E5a_h0.007_e0.25_L2_alibi_learn_attn_s1,E5a,0.007,0.25,256,64,16,zipf,structured,alibi_learn,0.7781649859131665,0.7032536151925133,0.1832661119520409,0.9152208732838295,0.8330702316113346,0.7467363279224578,0.9382620850302413,0.02872839717534718,0.31806001283363505,1.4201672604482516
E5a_h0.007_e0.25_L2_alibi_learn_attn_s2,E5a,0.007,0.25,256,64,16,zipf,structured,alibi_learn,1.3354588118960986,0.45156784920436466,0.8856634639647974,0.8963830298211333,0.8217478142929748,0.8540597776533194,0.9028517004118937,0.02872839717534718,0.31806001283363505,1.618579491583796
E5a_h0.01_e0.02_L2_alibi_learn_attn_s0,E5a,0.01,0.02,256,64,16,zipf,structured,alibi_learn,2.926516048605849,1.0122230335399272,0.8803671053420833,0.9167457734888046,0.7165411480762773,0.9215100644283001,0.9441482370850267,0.10347631721063984,0.11355884498998405,1.3744173842035543
E5a_h0.01_e0.02_L2_alibi_learn_attn_s1,E5a,0.01,0.02,256,64,16,zipf,structured,alibi_learn,2.816011975731145,1.2740064160528668,0.7953205527269617,0.8640902625775988,0.5640970277512447,0.8222830504316344,0.8527023843241531,0.10347631721063984,0.11355884498998405,1.38817915678279
E5a_h0.01_e0.02_L2_alibi_learn_attn_s2,E5a,0.01,0.02,256,64,16,zipf,structured,alibi_learn,3.0032654032359614,0.9664179987533478,0.8964517906392229,0.9202906898308482,0.7051571756290691,0.9092182247658759,0.9361460625348313,0.10347631721063984,0.11355884498998405,1.41220442775582
E5a_h0.01_e0.4_L2_alibi_learn_attn_s0,E5a,0.01,0.4,256,64,16,zipf,structured,alibi_learn,0.3684628908325218,0.6641470482316431,-2.2489347057649582,0.9130398159063887,0.8797920481527292,-0.8360782643021423,0.9096542205027248,0.029006392856898062,0.3706756259392846,0.4136792025474036
E5a_h0.01_e0.4_L2_alibi_learn_attn_s1,E5a,0.01,0.4,256,64,16,zipf,structured,alibi_learn,0.3477890950852553,0.7510566610834338,-3.6635161300772072,0.6733513739405417,0.8389891918567021,-1.0147474057201324,0.831191983534923,0.029006392856898062,0.3706756259392846,1.326282295933934
E5a_h0.02_e0.15_L2_alibi_learn_attn_s0,E5a,0.02,0.15,256,64,16,zipf,structured,alibi_learn,2.192291304526041,0.5037245181421536,0.947205381297702,0.9472181187842433,0.8237543709788899,0.9396276116500664,0.9566856144297,0.07845308656767759,0.22325041709087898,1.2675606887868835
E5a_h0.02_e0.15_L2_alibi_learn_attn_s1,E5a,0.02,0.15,256,64,16,zipf,structured,alibi_learn,2.2165510384284626,0.5296046827129132,0.9429115618969789,0.945861412329251,0.7859247268910017,0.9406025150495827,0.9490783208297053,0.07845308656767759,0.22325041709087898,1.3562649492814554
E5a_h0.02_e0.15_L2_alibi_learn_attn_s2,E5a,0.02,0.15,256,64,16,zipf,structured,alibi_learn,2.326299039235203,0.5897984045196174,0.9357199650614665,0.9437678679163548,0.7601233012659109,0.9077032832062528,0.9357662016212943,0.07845308656767759,0.22325041709087898,1.6244789751413855
E5a_h0.06_e0.1_L2_alibi_learn_attn_s0,E5a,0.06,0.1,256,64,16,zipf,structured,alibi_learn,1.8274922242156584,0.9431070644342789,0.7336756225728998,0.8318483796849574,0.8230241480708513,0.9082959138847384,0.9384409967308218,0.20846649057819291,0.15913878156340877,1.1199061758113626
E5a_h0.06_e0.1_L2_alibi_learn_attn_s1,E5a,0.06,0.1,256,64,16,zipf,structured,alibi_learn,1.8323555362029942,1.0691807522884609,0.6595269240142444,0.8323301003640388,0.8486062550694906,0.9302537711283799,0.9505274620806582,0.20846649057819291,0.15913878156340877,1.176195513376474
E5a_h0.06_e0.1_L2_alibi_learn_attn_s2,E5a,0.06,0.1,256,64,16,zipf,structured,alibi_learn,1.896718860523305,0.6424006853304819,0.8852887358884294,0.9185653711662842,0.8716701479999398,0.9245007997467615,0.9647446227744345,0.20846649057819291,0.15913878156340877,1.1467340656070977
E5n_h0.003_e0.1_L2_alibi_learn_attn_N192_s0,E5n,0.003,0.1,192,64,16,zipf,structured,alibi_learn,2.2817119912675463,0.9614661187244192,0.8224395161721643,0.8534836667162371,0.5404630818227596,0.7938306923944483,0.9025165888790018,0.022990967449070216,0.25401363509628044,2.299768109830257
E5n_h0.003_e0.1_L2_alibi_learn_attn_N192_s1,E5n,0.003,0.1,192,64,16,zipf,structured,alibi_learn,2.0948230000156967,1.0605148965660787,0.7437057402716765,0.792114867541865,0.49358928970816573,0.7619032186189706,0.8515243899320956,0.022990967449070216,0.25401363509628044,2.9508051064207628
E5n_h0.003_e0.1_L2_alibi_learn_attn_N512_s0,E5n,0.003,0.1,512,64,16,zipf,structured,alibi_learn,2.236967020737242,0.9082654464827988,0.835143368346879,0.8712377253340491,0.5639257365411685,0.8095596503358701,0.9201591295096799,0.022990967449070216,0.25401363509628044,2.551275529275645
E5n_h0.003_e0.1_L2_alibi_learn_attn_N512_s1,E5n,0.003,0.1,512,64,16,zipf,structured,alibi_learn,2.2414408200441436,0.8979321782508131,0.8395157131376189,0.8759470004593795,0.581598662996393,0.809830113517773,0.9209012390024801,0.022990967449070216,0.25401363509628044,2.664517521473828
E5n_h0.01_e0.1_L2_alibi_learn_attn_N192_s0,E5n,0.01,0.1,192,64,16,zipf,structured,alibi_learn,2.576433062794039,0.6867955593595585,0.9289413046542924,0.9377672398296297,0.687378816719795,0.9190671028417632,0.9411184151882356,0.055765323504766866,0.2119242713366232,1.6423985586735872
E5n_h0.01_e0.1_L2_alibi_learn_attn_N192_s1,E5n,0.01,0.1,192,64,16,zipf,structured,alibi_learn,2.4088444430821667,0.5559056381863234,0.946742025294839,0.949129969683938,0.6738976383835608,0.952710374467772,0.9537967785126282,0.055765323504766866,0.2119242713366232,1.5794401740622166
E5n_h0.01_e0.1_L2_alibi_learn_attn_N512_s0,E5n,0.01,0.1,512,64,16,zipf,structured,alibi_learn,2.6028660345544226,0.6826303611959176,0.9312191452873922,0.9372994873754673,0.7478694414474052,0.9469689894095715,0.9492186049003116,0.055765323504766866,0.2119242713366232,1.452706831369986
E5n_h0.01_e0.1_L2_alibi_learn_attn_N512_s1,E5n,0.01,0.1,512,64,16,zipf,structured,alibi_learn,2.5485513910645827,0.7820665616883188,0.905832586041391,0.9076990330934656,0.5844666547494372,0.8906415171081534,0.9010026656972485,0.055765323504766866,0.2119242713366232,2.1579243995740427
E5n_h0.03_e0.1_L2_alibi_learn_attn_N192_s0,E5n,0.03,0.1,192,64,16,zipf,structured,alibi_learn,2.370729648316946,0.6589312167025835,0.9227468666517392,0.9263323262783075,0.8157254244827142,0.9147189201454898,0.9473299404709532,0.12516891081972364,0.17817599584811522,1.2972224530242789
E5n_h0.03_e0.1_L2_alibi_learn_attn_N192_s1,E5n,0.03,0.1,192,64,16,zipf,structured,alibi_learn,2.2386710985091676,0.7798682577858456,0.8786438184333238,0.9166671101362656,0.7980108309687786,0.9292505325264347,0.9486835000258066,0.12516891081972364,0.17817599584811522,1.2878909781534678
E5n_h0.03_e0.1_L2_alibi_learn_attn_N512_s0,E5n,0.03,0.1,512,64,16,zipf,structured,alibi_learn,2.3004523870835283,0.7595233168351213,0.8909926645824412,0.9100872233226344,0.863625839657657,0.9374337670082562,0.9571802247541171,0.12516891081972364,0.17817599584811522,1.1612901435638332
E5n_h0.03_e0.1_L2_alibi_learn_attn_N512_s1,E5n,0.03,0.1,512,64,16,zipf,structured,alibi_learn,2.277439472684839,0.7211436201648466,0.89973488776476,0.916127323638456,0.8605196257390817,0.9349040611849996,0.960566918327343,0.12516891081972364,0.17817599584811522,1.168417680946393
E5d_h0.01_e0.1_L2_alibi_learn_attn_K32_s0,E5d,0.01,0.1,256,64,32,zipf,structured,alibi_learn,2.556211851170996,0.6892566012498959,0.9272943468338106,0.9428143578315414,0.7184162075341369,0.9092822306603535,0.9428140971144017,0.055765323504766866,0.2119242713366232,1.5943993549761457
E5d_h0.01_e0.1_L2_alibi_learn_attn_K32_s1,E5d,0.01,0.1,256,64,32,zipf,structured,alibi_learn,2.5458360344207587,0.7129632269332008,0.9215715914792166,0.938679601708891,0.7229161228212178,0.9022603001395335,0.9387596765976421,0.055765323504766866,0.2119242713366232,1.5674838384950176
E5d_h0.01_e0.1_L2_alibi_learn_attn_K8_s0,E5d,0.01,0.1,256,64,8,zipf,structured,alibi_learn,2.7873724298119504,0.8861974757975146,0.8989186538041326,0.9209169386504954,0.7417711143549546,0.9216986036945356,0.9334726664995966,0.055765323504766866,0.2119242713366232,1.516269556580522
E5d_h0.01_e0.1_L2_alibi_learn_attn_K8_s1,E5d,0.01,0.1,256,64,8,zipf,structured,alibi_learn,2.8712448841520457,0.9998041023463888,0.8787478745978767,0.9100057919382423,0.7192241001217481,0.9039699555507084,0.9225178330192401,0.055765323504766866,0.2119242713366232,1.572425255328506
E5d_h0.01_e0.1_L2_alibi_learn_attn_V128_s0,E5d,0.01,0.1,256,128,16,zipf,structured,alibi_learn,2.495744672423117,0.7507974279738151,0.9095006943901015,0.9154045283368337,0.6519374616689309,0.9045796095307905,0.9265906583416126,0.055765323504766866,0.2119242713366232,1.4513863002946514
E5d_h0.01_e0.1_L2_alibi_learn_attn_V128_s1,E5d,0.01,0.1,256,128,16,zipf,structured,alibi_learn,2.5166215017172813,0.7670516629664614,0.9071004894338376,0.9111248333662803,0.6489778410617106,0.9057769621079901,0.9234738064132175,0.055765323504766866,0.2119242713366232,1.4575818965067118
E5d_h0.01_e0.1_L2_alibi_learn_attn_V32_s0,E5d,0.01,0.1,256,32,16,zipf,structured,alibi_learn,2.65064842864807,0.7300104414479448,0.9241502965906876,0.9404486948388255,0.7418944099558258,0.9144149663999281,0.9406643983034509,0.055765323504766866,0.2119242713366232,1.7399939114155965
E5d_h0.01_e0.1_L2_alibi_learn_attn_V32_s1,E5d,0.01,0.1,256,32,16,zipf,structured,alibi_learn,2.679756544893824,0.7661233282847696,0.9182652586120449,0.9391624503182844,0.7675561275597548,0.9000880501985777,0.9317494708774458,0.055765323504766866,0.2119242713366232,1.7148084117183826
E5d_h0.01_e0.1_L2_alibi_learn_attn_keysuniform_s0,E5d,0.01,0.1,256,64,16,uniform,structured,alibi_learn,2.5046415648431384,0.649800509332511,0.9326916525546187,0.9337626121813123,0.7437289265287659,0.93750087512254,0.9390242953719283,0.055765323504766866,0.2119242713366232,1.363868783201826
E5d_h0.01_e0.1_L2_alibi_learn_attn_uniform_s0,E5d,0.01,0.1,256,64,16,zipf,uniform,alibi_learn,2.2664714115349485,2.070135424748264,0.1657484473546904,0.7900124198544016,0.7429585849601213,0.17762012711009056,0.7813488231103779,0.055765323504766866,0.2119242713366232,1.1972030842979655
E5d_h0.03_e0.2_L2_alibi_learn_attn_K32_s0,E5d,0.03,0.2,256,64,32,zipf,structured,alibi_learn,1.7090476380083968,0.4538531164344042,0.9294783756483803,0.9467139096798389,0.7703977641764764,0.8091917729877884,0.9390529111160594,0.09311504807655492,0.23615001183166578,1.26611888590726
E5d_h0.03_e0.2_L2_alibi_learn_attn_K32_s1,E5d,0.03,0.2,256,64,32,zipf,structured,alibi_learn,1.7576366897935658,0.4332934241724749,0.9392276575020138,0.9497425486689616,0.7990999244859598,0.8523982975533018,0.9581104678038825,0.09311504807655492,0.23615001183166578,1.0949435326938946
E5d_h0.03_e0.2_L2_alibi_learn_attn_K8_s0,E5d,0.03,0.2,256,64,8,zipf,structured,alibi_learn,1.9167052017703992,0.5905643600864022,0.9050655528856825,0.922527243921272,0.7895374557024912,0.9051297725182104,0.9417871679600133,0.09311504807655492,0.23615001183166578,1.0982476589564911
E5d_h0.03_e0.2_L2_alibi_learn_attn_K8_s1,E5d,0.03,0.2,256,64,8,zipf,structured,alibi_learn,1.9156870511104822,0.48787234787744727,0.9351420407526533,0.9383052259964474,0.7963098345886684,0.9093536022738289,0.948390509535343,0.09311504807655492,0.23615001183166578,1.172094856261854
E5d_h0.03_e0.2_L2_alibi_learn_attn_V128_s0,E5d,0.03,0.2,256,128,16,zipf,structured,alibi_learn,1.9129381526596532,0.5597509905361219,0.9143775040852828,0.9253288525736605,0.7471420456967215,0.8515990239978339,0.9307613451503132,0.09311504807655492,0.23615001183166578,1.0780422162545589
E5d_h0.03_e0.2_L2_alibi_learn_attn_V128_s1,E5d,0.03,0.2,256,128,16,zipf,structured,alibi_learn,1.768897497566046,0.5404418529415667,0.9066546660955387,0.9415884524414967,0.7472734722491561,0.7945890229895218,0.9370618248624834,0.09311504807655492,0.23615001183166578,1.1146208831842277
E5d_h0.03_e0.2_L2_alibi_learn_attn_V32_s0,E5d,0.03,0.2,256,32,16,zipf,structured,alibi_learn,1.8261403504050355,0.43654031879943417,0.9428547131545326,0.9457532562787416,0.8415444646201462,0.9170860674277708,0.9531361112922204,0.09311504807655492,0.23615001183166578,1.2767911204100542
E5d_h0.03_e0.2_L2_alibi_learn_attn_V32_s1,E5d,0.03,0.2,256,32,16,zipf,structured,alibi_learn,1.8417173778269198,0.4453304993825817,0.941531909910854,0.9524788836556756,0.8401476138723616,0.954884606448183,0.968030600915573,0.09311504807655492,0.23615001183166578,1.2607276577902151
E5d_h0.03_e0.2_L2_alibi_learn_attn_keysuniform_s0,E5d,0.03,0.2,256,64,16,uniform,structured,alibi_learn,1.599341983868401,0.6563813234874816,0.8315660030419958,0.8880190006513909,0.82434759799107,0.7118894617783829,0.9205050353902797,0.09311504807655492,0.23615001183166578,0.824641053438073
E5d_h0.03_e0.2_L2_alibi_learn_attn_uniform_s0,E5d,0.03,0.2,256,64,16,zipf,uniform,alibi_learn,1.7944489203785337,1.4596119213931853,0.3383739402527486,0.7790359104320423,0.7723347008733648,0.0866335731470399,0.7825109073865187,0.09311504807655492,0.23615001183166578,1.1061769637335723
E5r_h0.003_e0.05_L2_rope_attn_s0,E5r,0.003,0.05,256,64,16,zipf,structured,rope,3.617118458724201,2.469832238903869,0.5337600896399469,0.7865835321408774,0.917568512628862,0.4753922528462302,0.68818810443416,0.030195295114864934,0.1971364527287994,1.2086807714042291
E5r_h0.003_e0.1_L2_rope_attn_s0,E5r,0.003,0.1,256,64,16,zipf,structured,rope,2.8147038679033507,1.6015112434598422,0.6762613404711006,0.8515706875256782,0.9250966134709745,0.5247403270022981,0.7611402205867389,0.022990967449070216,0.25401363509628044,1.8385210940346013
E5r_h0.003_e0.2_L2_rope_attn_s0,E5r,0.003,0.2,256,64,16,zipf,structured,rope,1.5832929222187506,0.7472008983961765,0.7772835835552845,0.8747565390934559,0.9253572107445283,0.49348671344483974,0.8501349395067517,0.01710332881645034,0.3268495053645871,3.763969580004673
E5r_h0.003_e0.3_L2_rope_attn_s0,E5r,0.003,0.3,256,64,16,zipf,structured,rope,0.6195803261872417,0.3429836722500065,0.6935556250272998,0.8312618903387479,0.930453845630167,0.48746490439429646,0.8465641828048966,0.014050339341493925,0.38069185147448414,127.68305820435664
E5r_h0.01_e0.05_L2_rope_attn_s0,E5r,0.01,0.05,256,64,16,zipf,structured,rope,3.1158518704430938,1.768290270284824,0.6779276004828239,0.7799879220815187,0.9124056676525476,0.7768912199989164,0.8030011950383674,0.07323964962033153,0.16241956034677246,1.0502607512937985
E5r_h0.01_e0.2_L2_rope_attn_s0,E5r,0.01,0.2,256,64,16,zipf,structured,rope,2.0846824056051543,0.8562389151649301,0.8313019268010329,0.8550702838550679,0.9148164706224098,0.7927488936114427,0.8480792441799547,0.04148466855823096,0.2771756356287696,1.5065234361182436
E5r_h0.01_e0.3_L2_rope_attn_s0,E5r,0.01,0.3,256,64,16,zipf,structured,rope,1.078507652315644,0.5283091728598138,0.7600449796187569,0.8634196907775112,0.9552562937015241,0.8180377998715721,0.8791926601195887,0.034079545389545954,0.32680782790422575,2.042209241934078
E5r_h0.03_e0.05_L2_rope_attn_s0,E5r,0.03,0.05,256,64,16,zipf,structured,rope,2.60485345813432,1.628709074232536,0.6090507000367181,0.752140262437542,0.8918773784177929,0.8252407534982796,0.8388478034457132,0.16439117709074982,0.1352022667550577,1.0238566200356574
E5r_h0.03_e0.1_L2_rope_attn_s0,E5r,0.03,0.1,256,64,16,zipf,structured,rope,2.56209181214546,1.093338287828474,0.8178958945319467,0.8586168729398149,0.9208941207620487,0.9137209020139947,0.9137738044849104,0.12516891081972364,0.17817599584811522,1.0827359145082225
E5r_h0.03_e0.3_L2_rope_attn_s0,E5r,0.03,0.3,256,64,16,zipf,structured,rope,1.4285587939414692,0.40520430413912406,0.9195452181178295,0.9278173137641528,0.8144561136722367,0.8484707474408358,0.9591320528496642,0.0764937654719454,0.2812948477628056,0.9184552430226888
