run,h,eps,r2_seed_ceiling,r2_loso,r2_law_insample,r2_own_fit
E2b_h0.003_e0.05_L2_alibi_learn_attn_s0,0.003,0.05,0.9804183741678901,0.8645425805040392,0.8878390834882802,0.949500083390547
E2b_h0.003_e0.05_L2_alibi_learn_attn_s1,0.003,0.05,0.9641384944271275,0.770910640722843,0.8121349200720118,0.9342888408881608
E2b_h0.003_e0.05_L2_alibi_learn_attn_s2,0.003,0.05,0.9833278823207355,0.8212792947669292,0.8450650606148402,0.9307492163488412
E2b_h0.003_e0.1_L2_alibi_learn_attn_s0,0.003,0.1,0.991347070204741,0.8936642135053774,0.8999408607530284,0.9383268882125771
E2b_h0.003_e0.1_L2_alibi_learn_attn_s1,0.003,0.1,0.9866793628937183,0.8609210657317974,0.8650045319115466,0.9319229506712452
E2b_h0.003_e0.1_L2_alibi_learn_attn_s2,0.003,0.1,0.9946578235394283,0.8683137201585708,0.8765442109551321,0.935217627477856
E2b_h0.003_e0.2_L2_alibi_learn_attn_s0,0.003,0.2,0.9933510753393676,0.8058184384485381,0.8346430495348927,0.8733394505950052
E2b_h0.003_e0.2_L2_alibi_learn_attn_s1,0.003,0.2,0.9887915913149702,0.816528411804725,0.8337154019545381,0.8785300510192247
E2b_h0.003_e0.2_L2_alibi_learn_attn_s2,0.003,0.2,0.9951853379471467,0.7787285699008819,0.8143585084365155,0.86661873861799
E2b_h0.003_e0.3_L2_alibi_learn_attn_s0,0.003,0.3,0.9888997665343354,0.5699949655518124,0.669707872616714,0.8542219683608535
E2b_h0.003_e0.3_L2_alibi_learn_attn_s1,0.003,0.3,0.9521475518371267,0.7134397833121175,0.7395987328966859,0.8793200249356876
E2b_h0.003_e0.3_L2_alibi_learn_attn_s2,0.003,0.3,0.9551561476325285,0.4821989184820148,0.6227354264532573,0.8777100005217875
E2b_h0.01_e0.05_L2_alibi_learn_attn_s0,0.01,0.05,0.9798583634858866,0.922679192297559,0.9288503571873159,0.9543783117411252
E2b_h0.01_e0.05_L2_alibi_learn_attn_s1,0.01,0.05,0.9113830911407994,0.8574938524815345,0.8638330105433629,0.929057463005728
E2b_h0.01_e0.05_L2_alibi_learn_attn_s2,0.01,0.05,0.972927332184868,0.9053362311766686,0.9118260879701277,0.9493793251136492
E1_h0.01_e0.1_L2_alibi_learn_attn_s0,0.01,0.1,0.9681491961467452,0.9188862702368354,0.9233486376762015,0.9369704241351396
E1_h0.01_e0.1_L2_alibi_learn_attn_s1,0.01,0.1,0.8850376131716753,0.894055103468208,0.89908855761905,0.947580915708078
E1_h0.01_e0.1_L2_alibi_learn_attn_s2,0.01,0.1,0.9740496874119167,0.9075689856522099,0.9142995276026752,0.9394642501807258
E2b_h0.01_e0.2_L2_alibi_learn_attn_s0,0.01,0.2,0.973931972080473,0.9225083578760047,0.9289828397843515,0.935348939695302
E2b_h0.01_e0.2_L2_alibi_learn_attn_s1,0.01,0.2,0.8877404340240288,0.9338499310733096,0.9313521232101303,0.955521506777888
E2b_h0.01_e0.2_L2_alibi_learn_attn_s2,0.01,0.2,0.9694627497424467,0.9038603286508131,0.9119857232557067,0.9265402023353092
E2b_h0.01_e0.3_L2_alibi_learn_attn_s0,0.01,0.3,0.9321821341165911,0.8321089920225262,0.8177771159206073,0.92110567528531
E2b_h0.01_e0.3_L2_alibi_learn_attn_s1,0.01,0.3,0.641733828086062,0.5304613792901962,0.5012795300886909,0.9507075991919484
E2b_h0.01_e0.3_L2_alibi_learn_attn_s2,0.01,0.3,0.9268823520577503,0.8353201477874375,0.823427248768752,0.9153342192734724
E2b_h0.03_e0.05_L2_alibi_learn_attn_s0,0.03,0.05,0.9866439038205929,0.7112099989935877,0.8163066891410506,0.9629330500221764
E2b_h0.03_e0.05_L2_alibi_learn_attn_s1,0.03,0.05,0.96139229585483,0.7168760892236561,0.8053266639614702,0.9370646625057816
E2b_h0.03_e0.05_L2_alibi_learn_attn_s2,0.03,0.05,0.9923816448663283,0.7491923830644451,0.8468016020489479,0.9688432005108144
E2b_h0.03_e0.1_L2_alibi_learn_attn_s0,0.03,0.1,0.9463668288835057,0.8902671390971215,0.9058744589455747,0.9591039724522727
E2b_h0.03_e0.1_L2_alibi_learn_attn_s1,0.03,0.1,0.9801363956852397,0.8661236183408519,0.8869344704173,0.948358279961889
E2b_h0.03_e0.1_L2_alibi_learn_attn_s2,0.03,0.1,0.9703491903209778,0.8755942377851449,0.8913961971975252,0.9303831471768796
E1_h0.03_e0.2_L2_alibi_learn_attn_s0,0.03,0.2,0.9864608162990326,0.9400850413083044,0.9414288007677493,0.9521790108603976
E1_h0.03_e0.2_L2_alibi_learn_attn_s1,0.03,0.2,0.9898630736682532,0.9447709524349248,0.9492556410435047,0.951581404374612
E1_h0.03_e0.2_L2_alibi_learn_attn_s2,0.03,0.2,0.9912369581755438,0.939580632341066,0.9460110637347775,0.9501773915645724
E2b_h0.03_e0.3_L2_alibi_learn_attn_s0,0.03,0.3,0.9906953615901517,0.8770759717637244,0.8737698752962602,0.96618176311978
E2b_h0.03_e0.3_L2_alibi_learn_attn_s1,0.03,0.3,0.9844859464689427,0.8670399822994873,0.8601418688244868,0.9631750663496657
E2b_h0.03_e0.3_L2_alibi_learn_attn_s2,0.03,0.3,0.9938416503302212,0.9140601428809192,0.911706196027856,0.9633079185479824
