run,exp,h,eps,seed,pe,V,K,N,key_dist,typo,dir,var_y,bayes_check,bfree.r2,bfree.cv_rmse,h_fit,eps_fit,a_fit,b_fit,cexp.r2,cexp.cv_rmse,cpow.r2,cpow.cv_rmse,h_law,eps_law,r2_law,r2_true_bayes,bayes_wins
E1_h0.01_e0.1_L2_alibi_learn_attn_s0,E1,0.01,0.1,0,alibi_learn,64,16,256,zipf,structured,results/runs/E1_h0.01_e0.1_L2_alibi_learn_attn_s0,7.0233921053540325,1.7763568394002505e-15,0.9369704241351395,0.8383909890963099,0.058308735408943387,0.21948217816785487,0.6113154343798355,1.5601275686657927,0.644828837605443,1.8949651929913613,0.48663982992533383,2.279861060055103,0.04900784594813365,0.21292486368042132,0.9233497771528303,0.7250239599006676,True
E1_h0.01_e0.1_L2_alibi_learn_attn_s1,E1,0.01,0.1,1,alibi_learn,64,16,256,zipf,structured,results/runs/E1_h0.01_e0.1_L2_alibi_learn_attn_s1,6.2330397140284175,1.7763568394002505e-15,0.9475809157080779,0.6303806907631818,0.06727586843582539,0.3249339075411878,0.1433795679471581,2.347903289730874,0.7181400044576725,1.6088061978977986,0.5255369157023025,2.104604685463765,0.04900784594813365,0.21292486368042132,0.8988663067011555,0.5647096386099715,True
E1_h0.01_e0.1_L2_alibi_learn_attn_s2,E1,0.01,0.1,2,alibi_learn,64,16,256,zipf,structured,results/runs/E1_h0.01_e0.1_L2_alibi_learn_attn_s2,7.121349247440773,1.7763568394002505e-15,0.9394642501807258,0.8832581240995147,0.05952167295798662,0.23384829118619369,0.679923106336592,1.659130484272606,0.6277473136252416,1.9517041237443877,0.4675188795472305,2.3362278888378643,0.04900784594813365,0.21292486368042132,0.91421264230086,0.7059343941802134,True
E1_h0.03_e0.2_L2_alibi_learn_attn_s0,E1,0.03,0.2,0,alibi_learn,64,16,256,zipf,structured,results/runs/E1_h0.03_e0.2_L2_alibi_learn_attn_s0,3.5567703636445214,2.4424906541753444e-15,0.9521790108603975,0.4499164477825246,0.0999316783032956,0.23228417112354938,0.28023120193128537,1.177840043220309,0.7102732449217801,1.1434344194621924,0.5508704133644173,1.4912938453414,0.1100086557290747,0.2784432162713949,0.9414579667085832,0.7985635668418031,True
E1_h0.03_e0.2_L2_alibi_learn_attn_s1,E1,0.03,0.2,1,alibi_learn,64,16,256,zipf,structured,results/runs/E1_h0.03_e0.2_L2_alibi_learn_attn_s1,3.5787332001370635,2.4424906541753444e-15,0.9515814043746119,0.44355916051963135,0.10543920105956639,0.2630821288401451,0.27472465465446416,1.317605178801454,0.746630962576913,1.0758567539465078,0.5789188832784344,1.4508795061442548,0.1100086557290747,0.2784432162713949,0.9492076688501623,0.7931424700629435,True
E1_h0.03_e0.2_L2_alibi_learn_attn_s2,E1,0.03,0.2,2,alibi_learn,64,16,256,zipf,structured,results/runs/E1_h0.03_e0.2_L2_alibi_learn_attn_s2,3.6104874070223536,2.4424906541753444e-15,0.9501773915645723,0.46262308425267773,0.10245785274799427,0.26882995888365335,0.27163016892209374,1.3481286428872243,0.6960053139007212,1.19051332171243,0.5255573619692759,1.5530209806938045,0.1100086557290747,0.2784432162713949,0.9459327589680878,0.8006258873113424,True
E2b_h0.003_e0.05_L2_alibi_learn_attn_s0,E2b,0.003,0.05,0,alibi_learn,64,16,256,zipf,structured,results/runs/E2b_h0.003_e0.05_L2_alibi_learn_attn_s0,8.446415535228285,2.886579864025407e-15,0.949500083390547,0.9459898290720528,0.041230071958914795,0.21099476990517133,0.8408817946613475,1.745797177494006,0.6275367273126495,2.2063293146786975,0.48680935640894785,2.5347851146605596,0.020203511434665342,0.1631924040687266,0.8878456684487207,0.6332908110952505,True
E2b_h0.003_e0.05_L2_alibi_learn_attn_s1,E2b,0.003,0.05,1,alibi_learn,64,16,256,zipf,structured,results/runs/E2b_h0.003_e0.05_L2_alibi_learn_attn_s1,8.920647842554434,2.886579864025407e-15,0.9342888408881609,1.2873591590675453,0.04052915335819712,0.2530478489528758,0.8077427150354637,2.1698326462581083,0.5541797003012539,2.4882048419653646,0.40017052348134396,2.8126876465145543,0.020203511434665342,0.1631924040687266,0.8118420666457228,0.526610931416746,True
E2b_h0.003_e0.05_L2_alibi_learn_attn_s2,E2b,0.003,0.05,2,alibi_learn,64,16,256,zipf,structured,results/runs/E2b_h0.003_e0.05_L2_alibi_learn_attn_s2,9.567060880419692,2.886579864025407e-15,0.9307492163488412,1.2858564921109117,0.046673721274337845,0.22999173814384377,0.9090639577481866,1.9483172464188354,0.5630321051824458,2.4752516906291038,0.4215583634793969,2.821483750977405,0.020203511434665342,0.1631924040687266,0.845071155645488,0.5814614411481984,True
E2b_h0.003_e0.1_L2_alibi_learn_attn_s0,E2b,0.003,0.1,0,alibi_learn,64,16,256,zipf,structured,results/runs/E2b_h0.003_e0.1_L2_alibi_learn_attn_s0,4.670190882961424,2.220446049250313e-15,0.9383268882125773,0.8413771705915628,0.024464975427600063,0.24636500358639637,0.1703464782215611,1.9293187087934678,0.5428150832224133,1.830564516760185,0.4016589757546781,2.0314660982262422,0.020203511434665342,0.21292486368042132,0.9000504431401288,0.6818501566982371,True
E2b_h0.003_e0.1_L2_alibi_learn_attn_s1,E2b,0.003,0.1,1,alibi_learn,64,16,256,zipf,structured,results/runs/E2b_h0.003_e0.1_L2_alibi_learn_attn_s1,4.823196839519814,2.220446049250313e-15,0.9319229506712452,0.869776896798333,0.024321365745006738,0.2718577472739978,0.0576728767383232,2.329748317493722,0.4839170753059917,1.9886305938659925,0.3414208455167962,2.1694520956641954,0.020203511434665342,0.21292486368042132,0.8649851677565717,0.6139399684983764,True
E2b_h0.003_e0.1_L2_alibi_learn_attn_s2,E2b,0.003,0.1,2,alibi_learn,64,16,256,zipf,structured,results/runs/E2b_h0.003_e0.1_L2_alibi_learn_attn_s2,5.171042280040898,2.220446049250313e-15,0.935217627477856,1.0108213209355157,0.025690260746449246,0.25651132426009793,0.11871844010339014,2.1000453738640608,0.5213576931128958,1.9669778579096164,0.376941803293105,2.178423725133756,0.020203511434665342,0.21292486368042132,0.8766775867245279,0.6493818509799391,True
E2b_h0.003_e0.2_L2_alibi_learn_attn_s0,E2b,0.003,0.2,0,alibi_learn,64,16,256,zipf,structured,results/runs/E2b_h0.003_e0.2_L2_alibi_learn_attn_s0,1.4012176393084608,1.4432899320127035e-15,0.8733394505950052,0.7433516956716975,0.015053892506082134,0.33259869339569836,-0.7733725535101017,3.3183027765528132,0.34777336851356233,1.2177487163407381,0.2269641148629139,1.2587546100443125,0.020203511434665342,0.2784432162713949,0.8345288110583453,0.7075714509009158,True
E2b_h0.003_e0.2_L2_alibi_learn_attn_s1,E2b,0.003,0.2,1,alibi_learn,64,16,256,zipf,structured,results/runs/E2b_h0.003_e0.2_L2_alibi_learn_attn_s1,1.5689937668443126,1.4432899320127035e-15,0.8785300510192247,0.7935476939534943,0.012165101682674482,0.3251121668565372,-1.433736129749976,4.109148976387094,0.3382181709957387,1.2868794670271042,0.22802698044997372,1.323317879193631,0.020203511434665342,0.2784432162713949,0.8336928717822825,0.7409514327319762,True
E2b_h0.003_e0.2_L2_alibi_learn_attn_s2,E2b,0.003,0.2,2,alibi_learn,64,16,256,zipf,structured,results/runs/E2b_h0.003_e0.2_L2_alibi_learn_attn_s2,1.4003863853508756,1.4432899320127035e-15,0.86661873861799,0.8231432177758848,0.01387358558745104,0.3368935300179672,-1.0311004494445757,3.8260382782500186,0.3255118913912174,1.2388692810554283,0.2112683877155559,1.271669895481954,0.020203511434665342,0.2784432162713949,0.8142094883045952,0.6957007463464258,True
E2b_h0.003_e0.3_L2_alibi_learn_attn_s0,E2b,0.003,0.3,0,alibi_learn,64,16,256,zipf,structured,results/runs/E2b_h0.003_e0.3_L2_alibi_learn_attn_s0,0.3648925324395888,4.440892098500626e-16,0.8542219683608535,0.43408823623729925,0.012102925090677357,0.331896850810378,-0.5641369958539404,2.1405265659932637,0.3391156791612868,0.620631852550641,0.22628556414653123,0.6399172359515112,0.020203511434665342,0.3282487368477573,0.6695337439199989,0.8231593261431428,True
E2b_h0.003_e0.3_L2_alibi_learn_attn_s1,E2b,0.003,0.3,1,alibi_learn,64,16,256,zipf,structured,results/runs/E2b_h0.003_e0.3_L2_alibi_learn_attn_s1,0.5092369922177216,4.440892098500626e-16,0.8793200249356876,0.4870783085412856,0.011137504183083537,0.331400375801984,-1.00610356187574,2.8060570851055378,0.3296459211722843,0.7412301818238491,0.22352106957026163,0.7581784095356328,0.020203511434665342,0.3282487368477573,0.739606241910032,0.8515715044329024,True
E2b_h0.003_e0.3_L2_alibi_learn_attn_s2,E2b,0.003,0.3,2,alibi_learn,64,16,256,zipf,structured,results/runs/E2b_h0.003_e0.3_L2_alibi_learn_attn_s2,0.30773068299250944,4.440892098500626e-16,0.8777100005217875,0.36686122752104444,0.012360218554097503,0.33017779187190105,-0.4383258437308068,1.903082602599778,0.37659498474732134,0.5583699135292429,0.2578349471784911,0.5790124072835283,0.020203511434665342,0.3282487368477573,0.6224674627308895,0.8436221883423052,True
E2b_h0.01_e0.05_L2_alibi_learn_attn_s0,E2b,0.01,0.05,0,alibi_learn,64,16,256,zipf,structured,results/runs/E2b_h0.01_e0.05_L2_alibi_learn_attn_s0,8.375272171472641,1.7763568394002505e-15,0.9543783117411252,0.6636067262134826,0.07028071272826898,0.15567385730479813,0.6414806635222778,1.4120656754841832,0.776460966708933,1.6021998411445624,0.644931793652266,2.071024605548026,0.04900784594813365,0.1631924040687266,0.9289903435580055,0.7346699780733286,True
E2b_h0.01_e0.05_L2_alibi_learn_attn_s1,E2b,0.01,0.05,1,alibi_learn,64,16,256,zipf,structured,results/runs/E2b_h0.01_e0.05_L2_alibi_learn_attn_s1,7.381268569772049,1.7763568394002505e-15,0.9290574630057279,0.800675090039498,0.07193844604574692,0.17061970536896354,-0.04533324734777762,1.3624725777780176,0.8693968141524825,1.1457130692624695,0.7341372863850363,1.7018700569312362,0.04900784594813365,0.1631924040687266,0.864129189785979,0.6696000501294029,True
E2b_h0.01_e0.05_L2_alibi_learn_attn_s2,E2b,0.01,0.05,2,alibi_learn,64,16,256,zipf,structured,results/runs/E2b_h0.01_e0.05_L2_alibi_learn_attn_s2,9.102633208875922,1.7763568394002505e-15,0.9493793251136492,0.7265708183973423,0.06882784954397135,0.14499904681757292,0.6619790257760649,1.4269919320211975,0.7559188278402877,1.742127561205502,0.6317979418383853,2.188031095378137,0.04900784594813365,0.1631924040687266,0.9121232001955188,0.7455877742750281,True
E2b_h0.01_e0.2_L2_alibi_learn_attn_s0,E2b,0.01,0.2,0,alibi_learn,64,16,256,zipf,structured,results/runs/E2b_h0.01_e0.2_L2_alibi_learn_attn_s0,3.3107111695773748,2.220446049250313e-15,0.9353489396953021,1.0000937400904655,0.04805973722204002,0.279090459449414,0.3374318894138383,1.4355572698562031,0.5401312493555278,1.523023588219638,0.38260663235502346,1.734955093456745,0.04900784594813365,0.2784432162713949,0.9289127939811406,0.8211639772505314,True
E2b_h0.01_e0.2_L2_alibi_learn_attn_s1,E2b,0.01,0.2,1,alibi_learn,64,16,256,zipf,structured,results/runs/E2b_h0.01_e0.2_L2_alibi_learn_attn_s1,2.9311696119928237,2.220446049250313e-15,0.955521506777888,0.6980772821958958,0.04797060214942001,0.3368865742819848,-0.06726635245621573,1.8930599645515507,0.627803300711473,1.397583331110424,0.4360928962831936,1.6386174267371498,0.04900784594813365,0.2784432162713949,0.9312675074222149,0.7306945217360287,True
E2b_h0.01_e0.2_L2_alibi_learn_attn_s2,E2b,0.01,0.2,2,alibi_learn,64,16,256,zipf,structured,results/runs/E2b_h0.01_e0.2_L2_alibi_learn_attn_s2,3.1168291743669383,2.220446049250313e-15,0.9265402023353093,1.0740348420468047,0.046589724751877705,0.2866809973269107,0.316051530459503,1.4538132300606261,0.5121077534552152,1.5255089378088231,0.35622217540833534,1.7201984413321825,0.04900784594813365,0.2784432162713949,0.9118396347804268,0.8123329100364081,True
E2b_h0.01_e0.3_L2_alibi_learn_attn_s0,E2b,0.01,0.3,0,alibi_learn,64,16,256,zipf,structured,results/runs/E2b_h0.01_e0.3_L2_alibi_learn_attn_s0,1.1837706025357224,1.5543122344752192e-15,0.92110567528531,0.4670943823850872,0.029462272968006006,0.28781792755888813,-0.03603607152211257,1.115886743822349,0.46215148788735183,1.012488864367144,0.3177015535795522,1.1012023163044125,0.04900784594813365,0.3282487368477573,0.8174954850825352,0.8565561674674573,True
E2b_h0.01_e0.3_L2_alibi_learn_attn_s1,E2b,0.01,0.3,1,alibi_learn,64,16,256,zipf,structured,results/runs/E2b_h0.01_e0.3_L2_alibi_learn_attn_s1,0.9318078994909563,1.5543122344752192e-15,0.9507075991919485,0.9045594443892574,0.026201249236698764,0.45433721612170547,-0.13384538876010643,4.75177229805979,0.481281242712444,1.0483130796672937,0.305755330840181,1.077519141151688,0.04900784594813365,0.3282487368477573,0.5006815650121528,0.69065103587412,True
E2b_h0.01_e0.3_L2_alibi_learn_attn_s2,E2b,0.01,0.3,2,alibi_learn,64,16,256,zipf,structured,results/runs/E2b_h0.01_e0.3_L2_alibi_learn_attn_s2,1.2692766801014004,1.5543122344752192e-15,0.9153342192734725,0.4777022448744988,0.02787578262340825,0.291644611222775,-0.08083204600113567,1.2285772060117766,0.4491397666170961,1.0646630499649745,0.3091166581320026,1.1484809032547203,0.04900784594813365,0.3282487368477573,0.8231802824215672,0.8554510745751506,True
E2b_h0.03_e0.05_L2_alibi_learn_attn_s0,E2b,0.03,0.05,0,alibi_learn,64,16,256,zipf,structured,results/runs/E2b_h0.03_e0.05_L2_alibi_learn_attn_s0,5.625839794905779,2.220446049250313e-15,0.9629330500221764,0.5122322608128986,0.12202030031150748,0.09662199157929693,0.3646288367586591,1.209936204082627,0.880378180518551,0.9076298349074583,0.7962912672066412,1.2733319812587125,0.1100086557290747,0.1631924040687266,0.8169151596372932,0.8488223865346793,True
E2b_h0.03_e0.05_L2_alibi_learn_attn_s1,E2b,0.03,0.05,1,alibi_learn,64,16,256,zipf,structured,results/runs/E2b_h0.03_e0.05_L2_alibi_learn_attn_s1,4.926909541958602,2.220446049250313e-15,0.9370646625057817,0.6103986733639205,0.14676381055634707,0.13864990380630732,-0.0752802821899233,1.2432822099588752,0.9317780022952894,0.6166145154366636,0.8385768038684533,1.0667223564951553,0.1100086557290747,0.1631924040687266,0.8057831455221964,0.7709820198472163,True
E2b_h0.03_e0.05_L2_alibi_learn_attn_s2,E2b,0.03,0.05,2,alibi_learn,64,16,256,zipf,structured,results/runs/E2b_h0.03_e0.05_L2_alibi_learn_attn_s2,5.558812029774363,2.220446049250313e-15,0.9688432005108144,0.4656510685284442,0.1221346251548375,0.10479828707773958,0.2733760296360895,1.2125942065786157,0.8889636712217118,0.8681613118893092,0.802324723104853,1.2523229149769204,0.1100086557290747,0.1631924040687266,0.8473563878958648,0.8547619324089719,True
E2b_h0.03_e0.1_L2_alibi_learn_attn_s0,E2b,0.03,0.1,0,alibi_learn,64,16,256,zipf,structured,results/runs/E2b_h0.03_e0.1_L2_alibi_learn_attn_s0,5.8277542998801115,2.6645352591003757e-15,0.9591039724522729,0.5350482822102074,0.1095096087569004,0.1527738198493898,0.4702889396101376,1.2689866027049026,0.8010821969472727,1.1755552960064237,0.6757157466502055,1.5999313610630617,0.1100086557290747,0.21292486368042132,0.9062002038256193,0.8388739195996077,True
E2b_h0.03_e0.1_L2_alibi_learn_attn_s1,E2b,0.03,0.1,1,alibi_learn,64,16,256,zipf,structured,results/runs/E2b_h0.03_e0.1_L2_alibi_learn_attn_s1,4.911578619419279,2.6645352591003757e-15,0.948358279961889,0.5447464272486517,0.13355420659958667,0.1846516779544831,0.1573025082069368,1.296775707695844,0.8875458787766829,0.8028688013743097,0.7686805562571627,1.242821263271347,0.1100086557290747,0.21292486368042132,0.887239775568624,0.7924704837055396,True
E2b_h0.03_e0.1_L2_alibi_learn_attn_s2,E2b,0.03,0.1,2,alibi_learn,64,16,256,zipf,structured,results/runs/E2b_h0.03_e0.1_L2_alibi_learn_attn_s2,4.744392660893878,2.6645352591003757e-15,0.9303831471768796,0.6294210427590049,0.11346368623918339,0.1777383768492697,0.08085588857426819,1.1932199314207186,0.8974200064073738,0.7556303368182514,0.7755002914221303,1.2097184319650558,0.1100086557290747,0.21292486368042132,0.8915730772454908,0.7916718897075505,True
E2b_h0.03_e0.3_L2_alibi_learn_attn_s0,E2b,0.03,0.3,0,alibi_learn,64,16,256,zipf,structured,results/runs/E2b_h0.03_e0.3_L2_alibi_learn_attn_s0,1.4106999798712754,2.220446049250313e-15,0.96618176311978,0.23850917621788692,0.09665972602040797,0.277745027479097,0.14012170035142502,0.8773965178208426,0.6986019603745628,0.7507924508843699,0.5278646169131163,0.9771124435027956,0.1100086557290747,0.3282487368477573,0.8734162363382145,0.7113359379055302,True
E2b_h0.03_e0.3_L2_alibi_learn_attn_s1,E2b,0.03,0.3,1,alibi_learn,64,16,256,zipf,structured,results/runs/E2b_h0.03_e0.3_L2_alibi_learn_attn_s1,1.3798013857292004,2.220446049250313e-15,0.9631750663496655,0.2865625034189739,0.10810785486397402,0.3659135357240978,0.10462631199141703,1.3607533272037444,0.711836893744509,0.7291846532400738,0.5320805053841673,0.956095359273756,0.1100086557290747,0.3282487368477573,0.8597050350697814,0.7241755107673824,True
E2b_h0.03_e0.3_L2_alibi_learn_attn_s2,E2b,0.03,0.3,2,alibi_learn,64,16,256,zipf,structured,results/runs/E2b_h0.03_e0.3_L2_alibi_learn_attn_s2,1.5629581314188934,2.220446049250313e-15,0.9633079185479823,0.28034644407436926,0.10495046502255247,0.3169288629766363,0.12392131779974629,1.1017363531480286,0.6741453293033062,0.8189855974390027,0.4999740938082722,1.0502785879436842,0.1100086557290747,0.3282487368477573,0.9114349876695577,0.7068741794686597,True
E2a_h0.01_e0.1_L2_rope_attn_s0,E2a,0.01,0.1,0,rope,64,16,256,zipf,structured,results/runs/E2a_h0.01_e0.1_L2_rope_attn_s0,7.637513890917172,1.7763568394002505e-15,0.9474345829352574,0.6779742055132598,0.01525355102871158,0.0572668633941006,0.20472593315561838,0.9129239040325149,0.8694039595743106,1.1077326791546298,0.8298644747815297,1.2601975446361264,0.04900784594813365,0.21292486368042132,0.5652608853767634,0.9005841937772443,True
E2a_h0.01_e0.1_L2_rope_attn_s1,E2a,0.01,0.1,1,rope,64,16,256,zipf,structured,results/runs/E2a_h0.01_e0.1_L2_rope_attn_s1,7.535642623341971,1.7763568394002505e-15,0.9549989371517718,0.6436197204642383,0.025313195167409524,0.08651680983350168,0.20970228987322412,1.0453875403463946,0.8364494353833604,1.278260794737081,0.7714660323915313,1.5252189567379013,0.04900784594813365,0.21292486368042132,0.6897308908444332,0.9199866380520494,True
E2a_h0.01_e0.1_L2_rope_attn_s2,E2a,0.01,0.1,2,rope,64,16,256,zipf,structured,results/runs/E2a_h0.01_e0.1_L2_rope_attn_s2,7.729525584082536,1.7763568394002505e-15,0.9457734401409843,0.758146029039558,0.01816869905737503,0.08113485699035042,0.14512292467879853,1.0365516315173162,0.8245490565369331,1.3435615072221991,0.77262224868761,1.4978645827642532,0.04900784594813365,0.21292486368042132,0.684746627467467,0.9282184419428764,True
E2a_h0.03_e0.2_L2_rope_attn_s0,E2a,0.03,0.2,0,rope,64,16,256,zipf,structured,results/runs/E2a_h0.03_e0.2_L2_rope_attn_s0,4.485595045196569,2.4424906541753444e-15,0.9655543277524641,0.47096896694318713,0.06708322159030108,0.16791230642342037,0.17668991838540468,1.06953085661356,0.7530901849045604,1.1955094746784594,0.6296501723074933,1.4996682680251077,0.1100086557290747,0.2784432162713949,0.8805084376758283,0.8626739891017526,True
E2a_h0.03_e0.2_L2_rope_attn_s1,E2a,0.03,0.2,1,rope,64,16,256,zipf,structured,results/runs/E2a_h0.03_e0.2_L2_rope_attn_s1,4.338536351034716,2.4424906541753444e-15,0.9639116735565293,0.45695367662898134,0.07554976718172828,0.19078215959668976,0.2285463355734246,1.1290883064690485,0.7256702892151514,1.248334911265184,0.5932162212630119,1.5545293147767627,0.1100086557290747,0.2784432162713949,0.9182607742867436,0.8674288562548216,True
E2a_h0.03_e0.2_L2_rope_attn_s2,E2a,0.03,0.2,2,rope,64,16,256,zipf,structured,results/runs/E2a_h0.03_e0.2_L2_rope_attn_s2,4.327442269680588,2.4424906541753444e-15,0.9640597563680203,0.47316403792302436,0.07633500211124546,0.192269216067005,0.22130063078404918,1.1333263816893775,0.7215940813077775,1.25892663490921,0.5901446153083586,1.558050813362916,0.1100086557290747,0.2784432162713949,0.9201850464478034,0.8715878129716853,True
