kind,r2_bayes,r2_counter
generic,0.15502591526238885,0.8715801108796905
generic,0.9362957101029987,0.9059197420281943
generic,0.5295767611858222,0.5839734909147989
generic,0.676420974066128,0.6149072238284987
generic,0.9445263660140714,0.7977120749791355
generic,0.469546695693025,0.8648204719523251
generic,0.9433477104721469,0.7465103923392077
generic,0.695181516126566,0.8170417679896322
generic,0.5293910094870891,0.5963922586497448
generic,0.507182283695972,0.5403677136660353
generic,0.8643288895628802,0.6581534718675828
generic,0.8171613954865191,0.45217463206633035
generic,0.9388916877250093,0.7110511676241931
generic,0.5570189696748122,0.6092755292007572
generic,0.7031184423416315,0.6513699573729428
generic,0.5276130743096168,0.9113583887265253
generic,0.4620857790446288,0.5988293280756813
generic,0.8735205382678348,0.5365420489437156
generic,0.7869217398159009,0.8741769172837385
generic,0.8233137249827851,0.7734516469655711
generic,0.5851247406697713,0.6824691428041674
generic,0.4888055940959565,0.6148108307000583
generic,0.6969041290897802,0.7992809327155957
generic,0.47581868701397845,0.6503321746249051
generic,0.3049220229531392,0.9129546272798471
generic,0.9779249175921789,0.6682803569728455
generic,0.9443495929187994,0.8621337952229113
generic,0.5595629637782898,0.8346777344628085
generic,0.45774082137437444,0.4829135318191562
generic,0.6708585047371118,0.888443286267537
generic,0.7291130125331792,0.7110963166461951
generic,0.8422437545962462,0.8659051063378974
generic,0.5972890027022761,0.6485929554135323
generic,0.9184964940096274,0.9238946133612367
generic,0.4847879094052332,0.578310265643783
generic,0.5873945127269451,0.8899160295290438
generic,0.8258769244468399,0.7081307842377589
generic,0.6927473382572603,0.858673419148162
generic,0.41618537925372656,0.4573871563853016
generic,0.7119747314918884,0.7862919647506987
generic,0.4011989341443559,0.5981661878417509
generic,0.6146673773923172,0.7327638487431184
generic,0.7074212746752151,0.8838929743276129
generic,0.7081735611165293,0.8826968008617669
generic,0.9118179692745727,0.9672890351546396
generic,0.46931275080014256,0.9015240152710993
generic,0.8411175191590334,0.7997269938047457
generic,0.9620984332328268,0.9576321606156342
generic,0.9791021847533952,0.949441437630918
generic,0.7544401231811639,0.5957301130764718
generic,0.7658300768660283,0.7314688957837245
generic,0.5455072283198719,0.5080026512779174
generic,0.9414086995126507,0.7582495746882627
generic,0.34977863683966437,0.4193467317868431
generic,0.8539029393939624,0.9143036044184745
generic,0.8147002704573562,0.8027386964174344
generic,0.9434064124254125,0.7420550770269569
generic,0.30210036318893707,0.8581397237713437
generic,0.5397879373301,0.8533787967735903
generic,0.8308288213848939,0.9009095569146934
generic,0.504814779464843,0.6004849046403293
generic,0.6753833784253853,0.8494292671400856
generic,0.7072521711663363,0.7654822924347567
generic,0.7514977017378016,0.8211385736852389
generic,0.8602366508522397,0.8990562138525958
generic,0.3899908397738143,0.7790708399381132
generic,0.7508357298225521,0.8179761522442752
generic,0.3956475311927443,0.498724247494854
generic,0.8991552365563017,0.9100499201255918
generic,0.8316509995771172,0.9379057589090978
generic,0.8655324537507805,0.9235695967287207
generic,0.4267776261414097,0.540165459524172
generic,0.9029919402276333,0.8803202685894994
generic,0.8785554243974174,0.9471108620856254
generic,0.5786566694747746,0.8619674419251367
generic,0.8158056381402747,0.8501621985523189
generic,0.7642293485150751,0.876980504643714
generic,0.9025321873694625,0.7533230853238614
generic,0.7286492920158532,0.8739479124127875
generic,0.8193454349551103,0.7909187396568067
generic,0.6878946932377873,0.8935729470109472
generic,0.9460548192674015,0.7280022812137592
generic,0.8172885769403389,0.7021382817712079
generic,0.7908541016425742,0.8918464841257998
generic,0.8489757596493731,0.8611004492365211
generic,0.9770703364547586,0.6378014229199791
generic,0.722824446559692,0.8342267360667854
generic,0.41893538394799135,0.6896477723733841
generic,0.7724385042373124,0.766146549362188
generic,0.7284574479242556,0.764796723567603
generic,0.46233934932553955,0.6036592794123175
generic,0.782799843536373,0.7275141752560086
generic,0.760885808399286,0.6092659620249412
generic,0.3447464493722425,0.675492138377316
generic,0.7304752756220445,0.8454263172949598
generic,0.9024276090693115,0.8997501502847212
generic,0.8546113366902809,0.8078684149074487
generic,0.7932157540371677,0.8819493410913568
generic,0.4682379287391504,0.5557083562245158
generic,0.9624952434469006,0.652548127449098
generic,0.4795595969020787,0.5430520387124622
generic,0.9742364738888128,0.9925823183220348
generic,0.8558327276062148,0.879876488897803
generic,0.4732686602065507,0.5919999995636294
generic,0.7736896812343487,0.5743449483671285
generic,0.8270176226768507,0.7715399348414225
generic,0.4730178793695271,0.5640822561279414
generic,0.5604380826766209,0.5666707007238414
generic,0.4662443870338936,0.8029448466715374
generic,0.8069877824206828,0.8355959790426699
generic,0.9525721745291674,0.8541386159637878
generic,0.9693580946748686,0.9245258035627701
generic,0.9757478049546081,0.9565592425936155
generic,0.4362763314279896,0.6491756340888909
generic,0.9511378734781308,0.7527543684589251
generic,0.6937275249713624,0.8588028083816642
generic,0.7052464730933519,0.891186042236086
generic,0.8371602829905537,0.8948922148798077
generic,0.36536283899189226,0.7405992223320181
generic,0.6325039673126478,0.7059642527049594
generic,0.7065237677281138,0.8477114453784012
generic,0.33528827696580144,0.6073331510035482
generic,0.8018736108182636,0.7976029556498314
generic,0.7685880343259409,0.8598810818115297
generic,0.6803367069535278,0.7827838502907342
generic,0.46755321224577506,0.576832779791887
generic,0.5286997757035332,0.868510196328378
generic,0.7207418109089243,0.8647882937619378
generic,0.7543408424491835,0.8446068668157507
generic,0.844718596015799,0.7915101395247354
generic,0.6028296496606854,0.6539452774056298
generic,0.5804509880951174,0.7313615566948934
generic,0.8504093912413373,0.8483325607790309
generic,0.42961049744425006,0.6914624441074735
generic,0.9101448227741693,0.921094883285217
generic,0.8946549561458337,0.7741552643676319
generic,0.7186961365070972,0.8744903746250983
generic,0.5158522861295018,0.8392034601845528
generic,0.7252448616739409,0.8807147592351732
generic,0.6713259082119033,0.7778328195014678
generic,0.8853655956171619,0.866236945986032
generic,0.6439330068141651,0.766880881606161
generic,0.4422786049743602,0.5989613746966751
generic,0.7564161995899079,0.8257419002692079
generic,0.8964982652842775,0.9611392291634029
generic,0.8882240332201166,0.9518445097854201
generic,0.7324585348900801,0.8339181362556453
generic,0.8730032135020281,0.807290176673191
generic,0.8266915828944599,0.9362993767359741
generic,0.9330435603744973,0.7823317838639552
generic,0.9044584259999762,0.7506190287345912
generic,0.37756212672359146,0.38330738930698993
generic,0.5567229670984291,0.7117550136158632
generic,0.8825059069341401,0.7448220328153999
generic,0.9430620813481896,0.7957877875394398
generic,0.6160710899194289,0.8632714192370279
generic,0.5486495614415092,0.8235258130367831
generic,0.8412481090124259,0.7651323100088894
generic,0.6792414521664244,0.7758580320293362
generic,0.8331876503911425,0.9381109975410231
generic,0.7733531275771304,0.812072380595332
generic,0.5565593550869554,0.8323255975114676
generic,0.7593436395806694,0.8313298449874705
generic,0.578357501363947,0.7023174980049227
generic,0.19418360945566682,0.5401027510291134
generic,0.8252635636697915,0.8248346612641633
generic,0.9099903608964434,0.8779589709918543
generic,0.5284034206153844,0.763456984129664
generic,0.4684643032132042,0.6671842463244344
generic,0.3748282857226315,0.6117509254441551
generic,0.6822011076216328,0.8728099200495953
generic,0.7425949732845762,0.7708353224743714
generic,0.7354034930137805,0.9313066238759307
generic,0.9603294638774481,0.7309186183849776
generic,0.5781467008323835,0.5757733412923242
generic,0.5232421696464769,0.6008782316888304
generic,0.63057625263632,0.7162146783789256
generic,0.522145240095296,0.866146829225436
generic,0.879284292554227,0.6282787731891277
generic,0.9247447867604922,0.9717792252379069
generic,0.7971932274975464,0.8740216402619698
generic,0.8139380127386775,0.9035409635367873
generic,0.7361117810195463,0.7400501924985247
generic,0.7410246162427683,0.8816906416919202
generic,0.9018123446926413,0.9106681770636718
generic,0.8896385338844295,0.929981672993167
generic,0.675039576255615,0.8357003652645305
generic,0.6399704718505013,0.7501236629452688
generic,0.5281967724321739,0.7075257285581337
generic,0.5845350458419589,0.6073114533877589
generic,0.7975094023616378,0.8246310031666918
generic,0.44589958216744996,0.8927433677018358
generic,0.6448936290369032,0.8645172411675004
generic,0.34355205927808263,0.470924889219982
generic,0.6713607897136973,0.6786743612261561
generic,0.8833978278331368,0.8447794119708063
generic,0.9607360906516474,0.94609008662685
generic,0.6920906000489842,0.9252040302770013
generic,0.1385567164927034,0.9515527937501348
generic,0.41711814100958333,0.5360564772436678
generic,0.7554268519309905,0.8116350597322821
generic,0.4775385619384983,0.6212166688042269
generic,0.4868351874121458,0.6321699763378215
generic,0.7194857555487413,0.6988396356923576
generic,0.9239720106970187,0.941331071882154
generic,0.8605644273112055,0.9260224850796879
generic,0.5190992135515793,0.8411767499368428
generic,0.48739774856823415,0.5693695120871411
generic,0.8414018906692564,0.9095728409809952
generic,0.7083570123578202,0.8743014570710828
generic,0.8625771934969552,0.7454560799566303
generic,0.9823488839655893,0.778330120496405
generic,0.6647264362068515,0.6753307631960535
generic,0.7964227863771649,0.8004178997181846
generic,0.9945135874336738,0.9512200283349306
generic,0.7492060205054887,0.7499404802979885
generic,0.7062315858155072,0.7474258341308438
generic,0.9273142049264773,0.7628156504525152
generic,0.6974302947240727,0.8422627417151994
generic,0.9062432580792041,0.7596214204840558
generic,0.8087950799811028,0.8949018792776716
generic,0.8816319013265225,0.7694027915598123
generic,0.7198193946534494,0.7292533288224331
generic,0.6597174264744874,0.752666856771345
generic,0.7746386620256102,0.8480751501245326
generic,0.7561786852698098,0.7060827809206915
generic,0.6234952003775918,0.6014509000361533
generic,0.6321167177293354,0.7189243792205151
generic,0.944667374637788,0.9432200429012593
generic,0.9318007922426138,0.7991410207501639
generic,0.9467424048460231,0.7799996574991319
generic,0.6734787422829199,0.8531429399813258
generic,0.5161407665310819,0.5699913311030899
generic,0.5992502814210297,0.7886116217200467
generic,0.7091578751184278,0.8438392477443124
generic,0.867665818321364,0.7948469408684087
generic,0.6722007346178622,0.8186374410208286
generic,0.4630908132758109,0.5781506661006184
generic,0.6360683330834983,0.862152649881002
generic,0.3898588110166842,0.811918148504416
generic,0.5660976295485372,0.8206797818811444
generic,0.7634298951848452,0.7059259465037027
generic,0.887581774856484,0.9545926546631496
generic,0.5393759156892615,0.6192414182495778
generic,0.8630129888047242,0.8391875881199476
generic,0.7724283776955669,0.8839531228042479
generic,0.7803896830247713,0.8843133061704592
generic,0.6475977751223572,0.7533490165415303
shuffled,0.07163874524430192,0.033448414123163905
shuffled,0.0464011365633904,0.02409074889628171
shuffled,0.07160353077203474,0.03649243905908106
shuffled,0.07312973536406853,0.038278163334616755
shuffled,0.07386243830668482,0.03792894686582604
shuffled,0.07450642590195022,0.03875691915638779
shuffled,0.07100398609826586,0.03845803055469377
shuffled,0.08148938728660082,0.04296025422788863
shuffled,0.07825776517412886,0.03943222165322935
shuffled,0.08818000884288857,0.04896199859919648
shuffled,0.08340735281624134,0.05235219424858806
shuffled,0.08781675088441965,0.05021383048351569
shuffled,0.08385443035960771,0.04560996833649544
shuffled,0.08065068274199017,0.04263599852495603
shuffled,0.08118227472670059,0.0415835451390858
shuffled,0.0774333225598216,0.04144701067037426
shuffled,0.08334450275797134,0.04263411037686238
shuffled,0.08299016746843146,0.046062101701099034
shuffled,0.04426598386265623,0.021931222190217592
shuffled,0.05344660024804482,0.028324090150775194
shuffled,0.059981616170017515,0.033464983793686454
shuffled,0.07012206965775081,0.04073810112567067
shuffled,0.07387147742681788,0.04495280152140024
shuffled,0.07311728459852185,0.039501249418442796
shuffled,0.028560406251235126,0.02078542096765912
shuffled,0.031477480076258724,0.01786613078200916
shuffled,0.02201032357852184,0.00434208705268857
shuffled,0.08995623845577538,0.04578881066665075
shuffled,0.07428574307805302,0.044945857282965185
shuffled,0.07515025342532233,0.048429424814299904
shuffled,0.06240092772409289,0.04598178952220777
shuffled,0.08795756218190975,0.03958209402127377
shuffled,0.05790492370000233,0.03248804440162367
shuffled,0.08492807933662783,0.04206561812910148
shuffled,0.08637887186168713,0.04209540671094436
shuffled,0.0888599326195787,0.04461171767724659
shuffled,0.05374541169078839,0.023502925648941964
shuffled,0.07698997383681394,0.04298780898501631
shuffled,0.08019584269066116,0.03652507520623105
shuffled,0.08601430344519945,0.038967976819854644
shuffled,0.05541407672053189,0.027012924124286797
shuffled,0.08097820549355839,0.03840929889806033
shuffled,0.061929570924014854,0.032197853653972874
shuffled,0.04892426186125565,0.029554206377181313
shuffled,0.06584905768901628,0.03589230088748441
shuffled,0.04643293628778433,0.030305399419807588
shuffled,0.03964951543384021,0.023423874524095667
shuffled,0.04291461085800108,0.027878514201230997
shuffled,0.02955811790212659,0.015485133326209155
shuffled,0.029521541829989895,0.017842747949556315
shuffled,0.028645976342215884,0.015606059434757125
shuffled,0.035452828761670996,0.01871367136088775
shuffled,0.03335958123707217,0.019847624511300288
shuffled,0.03459991665332518,0.020372513504185674
shuffled,0.06943309549070498,0.03328037661713645
shuffled,0.06088213660363173,0.037071972023767774
shuffled,0.06573072485496856,0.03084081855026788
shuffled,0.05533289524105178,0.027927057310506043
shuffled,0.024090676618373275,0.00981937319582471
shuffled,0.05022298791717528,0.0255325648728556
shuffled,0.03558807071125225,0.019263777338048738
shuffled,0.016736493863735213,0.003804213135224166
shuffled,0.03395123599472727,0.018175406907123492
shuffled,0.0442347652495374,0.04266095665386482
shuffled,0.04968599204921509,0.043445083249311844
shuffled,0.04887084485868609,0.04376134601531234
shuffled,0.0666338697811254,0.04357423437851904
shuffled,0.06425071784317637,0.04646450575074157
shuffled,0.06877402869202864,0.04875434800970602
shuffled,0.08719578656180327,0.043750822607799056
shuffled,0.07731523758770642,0.043029855877977585
shuffled,0.08779890190180051,0.04609982295828252
shuffled,0.04657013802739429,0.03006328303932415
shuffled,0.04837696064504282,0.0320382007949509
shuffled,0.04743937325649772,0.030797237767405172
shuffled,0.05772633283880124,0.03757602962041984
shuffled,0.05758634389365769,0.03738228133183963
shuffled,0.05887936872086785,0.03804769139215647
shuffled,0.05873184369158124,0.0342233969753456
shuffled,0.06085025591574722,0.03534978242105946
shuffled,0.06029615590798987,0.03601170602536463
shuffled,0.05397983271213769,0.03132948233854804
shuffled,0.056364870107490916,0.03133928896382032
shuffled,0.05452542374264835,0.030608850443558322
shuffled,0.03209619052018342,0.05966776511983107
shuffled,0.033287397647486006,0.06099287037292245
shuffled,0.0330888894552579,0.06117964438824208
shuffled,0.07738869850243268,0.03780297639796992
shuffled,0.07642946623182534,0.040558583450963304
shuffled,0.07026477434054534,0.04140253464469967
shuffled,0.05068801190737082,0.02575978634209164
shuffled,0.0935192706500867,0.05422862784879823
shuffled,0.08294278904147101,0.046363794426958815
shuffled,0.07477055464369675,0.04359812867056556
shuffled,0.07835011604320274,0.05129977091835891
shuffled,0.09374074681097833,0.05174265772884523
shuffled,0.09344383378867993,0.05165705030704948
shuffled,0.09013669871685615,0.05060617536520473
shuffled,0.08646381988158947,0.04938525644229819
shuffled,0.08879113016553708,0.036746778601714936
shuffled,0.08780829735422024,0.03615642779464445
shuffled,0.08577136207531244,0.04073277895775007
shuffled,0.08547251462932026,0.04209230994609503
shuffled,0.06896732788405002,0.031608761182580936
shuffled,0.08342614195956721,0.048162024684951565
shuffled,0.07161131500923845,0.033325818445256616
shuffled,0.06913930375472155,0.030859714610405597
shuffled,0.0672381000509048,0.03058367943050999
shuffled,0.07023837380732834,0.041782130884380986
shuffled,0.06910687449146125,0.033622089097939845
shuffled,0.06273885129279344,0.04383170831522365
shuffled,0.0714708505845496,0.03850765269347034
shuffled,0.08832820693186871,0.04911617271669644
