run,repeat_ce_ordinary,repeat_ce_probe_background,diff
E1_h0.01_e0.1_L2_alibi_learn_attn_s0,1.0645021200180054,1.0590933805560196,-0.005408739461985723
E1_h0.01_e0.1_L2_alibi_learn_mlp_s0,1.0526604652404785,1.0477904508522016,-0.004870014388276944
E1_h0.01_e0.1_L3_alibi_learn_attn_s0,1.0536047220230103,1.0489091122117553,-0.004695609811254942
E1_h0.03_e0.2_L2_alibi_learn_attn_s0,1.9086251258850098,1.9246924346227754,0.01606730873776563
E1_h0.03_e0.2_L2_alibi_learn_mlp_s0,1.8947222232818604,1.9091130603016124,0.014390837019752079
E1_h0.03_e0.2_L3_alibi_learn_attn_s0,1.8923470973968506,1.908407461462946,0.016060364066095456
E2a_h0.01_e0.1_L2_learned_abs_attn_s0,1.0700743198394775,1.0646662569711338,-0.0054080628683437215
E2a_h0.01_e0.1_L2_rope_attn_s0,1.0595730543136597,1.0537059114953213,-0.005867142818338333
E2a_h0.01_e0.1_L3_learned_abs_attn_s0,1.0561323165893555,1.0507879078243796,-0.005344408764975883
E2a_h0.01_e0.1_L3_rope_attn_s0,1.052977204322815,1.0474779900158744,-0.005499214306940559
E2a_h0.03_e0.2_L2_learned_abs_attn_s0,1.9138883352279663,1.928838757937171,0.01495042270920477
E2a_h0.03_e0.2_L2_rope_attn_s0,1.9035353660583496,1.9188527067319743,0.015317340673624669
E2a_h0.03_e0.2_L3_learned_abs_attn_s0,1.8928881883621216,1.9083127180111121,0.015424529648990548
E2a_h0.03_e0.2_L3_rope_attn_s0,1.8939151763916016,1.9087892746365611,0.014874098244959555
E2b_h0.003_e0.05_L2_alibi_learn_attn_s0,0.5024393200874329,0.4972399564761049,-0.005199363611327945
E2b_h0.03_e0.3_L2_alibi_learn_attn_s0,2.0010972023010254,2.0145218246094077,0.013424622308382261
