run,max_abs_diff,mean_abs_diff,h16,h32,e16,e32,r2_16,r2_32
E1_h0.01_e0.1_L2_alibi_learn_attn_s0,0.028766751289367676,0.005309000345213073,0.058308735408943387,0.058238212331481236,0.21948217816785487,0.21956379099920056,0.9369704241351395,0.9367350874096771
E1_h0.01_e0.1_L2_alibi_learn_attn_s1,0.015596389770507812,0.0033593582255499704,0.06727586843582539,0.06718195347043972,0.3249339075411878,0.3244084279865317,0.9475809157080779,0.9474237608844844
E1_h0.03_e0.2_L2_alibi_learn_mlp_s0,0.019464492797851562,0.0035546119158555356,0.07993467135236011,0.07988880318976355,0.25761507208820256,0.25791858421087716,0.9670954022086731,0.9670664880800319
E1_h0.03_e0.2_L2_alibi_learn_mlp_s1,0.017908751964569092,0.0032359366970402853,0.07965437338757632,0.07970597086581202,0.27991665243605324,0.2799114346931767,0.966337064865831,0.966458740698034
E1_h0.01_e0.1_L3_alibi_learn_attn_s0,0.033186912536621094,0.007168301880093557,0.018910490420860984,0.0189409603976594,0.06551459446080464,0.06523600949438593,0.9598252801467173,0.9599977714616852
E1_h0.01_e0.1_L3_alibi_learn_attn_s1,0.025282055139541626,0.004348706819915346,0.03169860510983767,0.03186074738559979,0.11578198803271941,0.11592319344570082,0.9627441295427289,0.9628914318288234
E2a_h0.01_e0.1_L2_rope_attn_s0,0.018589258193969727,0.004230264607550842,0.01525355102871158,0.015171683006555142,0.0572668633941006,0.057021561091260414,0.9474345829352574,0.9473505927420938
E2a_h0.01_e0.1_L2_rope_attn_s1,0.015535593032836914,0.0033155055051403387,0.025313195167409524,0.025253747312107833,0.08651680983350168,0.08631804537046618,0.9549989371517718,0.9550694082838459
E2a_h0.03_e0.2_L2_learned_abs_attn_s0,0.005528256297111511,0.0016242214145937137,0.10820395096024284,0.10841962628783432,0.17071568511159974,0.17106801698188207,0.9192772264890715,0.9191411407543542
E2a_h0.03_e0.2_L2_learned_abs_attn_s1,0.0062487125396728516,0.0014485691208392382,0.047376576839622556,0.04740157195659634,0.15923646334186634,0.15924749744684183,0.962508417648631,0.9625413041352173
E2b_h0.003_e0.1_L2_alibi_learn_attn_s0,0.045998573303222656,0.008022799988144211,0.024464975427600063,0.024736131305720957,0.24636500358639637,0.24604209763235632,0.9383268882125773,0.9381857766963612
E2b_h0.003_e0.1_L2_alibi_learn_attn_s1,0.019809246063232422,0.0026437858385699137,0.024321365745006738,0.024381447059169788,0.2718577472739978,0.2719860694809932,0.9319229506712452,0.9320481936311601
