run,h,eps,pred_h,pred_eps,fit_h,fit_eps,r2_law,r2_true_bayes_insample,r2_true_bayes_median_ab,r2_mean_surface,r2_counter_median
E2b_h0.003_e0.05_L2_alibi_learn_attn_s0,0.003,0.05,0.016680801897158756,0.1456102678284021,0.0412300719589147,0.2109947699051713,0.8645425805040388,0.6332908110952505,0.10723357747887041,0.7272331988974026,0.534719090187926
E2b_h0.003_e0.05_L2_alibi_learn_attn_s1,0.003,0.05,0.016680801897158756,0.1456102678284021,0.0405291533581971,0.2530478489528758,0.7709106407228429,0.526610931416746,-0.12432587369739934,0.6290776879774682,0.43671297210419757
E2b_h0.003_e0.05_L2_alibi_learn_attn_s2,0.003,0.05,0.016680801897158756,0.1456102678284021,0.0466737212743378,0.2299917381438437,0.8212792947669288,0.5814614411481984,0.12898158048765718,0.6843490114732069,0.47847502416285315
E2b_h0.003_e0.1_L2_alibi_learn_attn_s0,0.003,0.1,0.019196864642008763,0.2086104065057859,0.0244649754276,0.2463650035863963,0.8936642135053774,0.6818501566982371,0.5477559217751184,0.5753153881154838,0.37161440010645375
E2b_h0.003_e0.1_L2_alibi_learn_attn_s1,0.003,0.1,0.019196864642008763,0.2086104065057859,0.0243213657450067,0.2718577472739978,0.8609210657317974,0.6139399684983764,0.48304280319151327,0.4764958006266924,0.27389322881530453
E2b_h0.003_e0.1_L2_alibi_learn_attn_s2,0.003,0.1,0.019196864642008763,0.2086104065057859,0.0256902607464492,0.2565113242600979,0.8683137201585708,0.6493818509799391,0.5362278488978756,0.5869672265311512,0.3763171021673438
E2b_h0.003_e0.2_L2_alibi_learn_attn_s0,0.003,0.2,0.02236365761428178,0.2722113922924963,0.0150538925060821,0.3325986933956983,0.8058184384485378,0.7075714509009158,0.04430449898386368,-1.3780329368956528,-1.3780022997597206
E2b_h0.003_e0.2_L2_alibi_learn_attn_s1,0.003,0.2,0.02236365761428178,0.2722113922924963,0.0121651016826744,0.3251121668565372,0.8165284118047249,0.7409514327319762,0.10344597016280266,-1.1128719851315125,-1.1524010156771345
E2b_h0.003_e0.2_L2_alibi_learn_attn_s2,0.003,0.2,0.02236365761428178,0.2722113922924963,0.013873585587451,0.3368935300179672,0.7787285699008816,0.6957007463464258,0.07457335495636697,-1.5160568267109098,-1.4940859973030856
E2b_h0.003_e0.3_L2_alibi_learn_attn_s0,0.003,0.3,0.023200876208766093,0.3274909156085741,0.0121029250906773,0.331896850810378,0.5699949655518124,0.8231593261431428,-1.4517594425257379,-8.231729487134714,-7.300374291694034
E2b_h0.003_e0.3_L2_alibi_learn_attn_s1,0.003,0.3,0.023200876208766093,0.3274909156085741,0.0111375041830835,0.331400375801984,0.7134397833121175,0.8515715044329024,-1.115605299935937,-5.115031875948495,-4.714491954634251
E2b_h0.003_e0.3_L2_alibi_learn_attn_s2,0.003,0.3,0.023200876208766093,0.3274909156085741,0.0123602185540975,0.330177791871901,0.4821989184820148,0.8436221883423052,-1.761200556293523,-9.979789230238945,-8.756720016765083
E2b_h0.01_e0.05_L2_alibi_learn_attn_s0,0.01,0.05,0.04743811274598792,0.1658806920561193,0.0702807127282689,0.1556738573047981,0.9226791922975591,0.7346699780733286,0.11583755578625798,0.6268219228982314,0.46954293310642925
E2b_h0.01_e0.05_L2_alibi_learn_attn_s1,0.01,0.05,0.04743811274598792,0.1658806920561193,0.0719384460457469,0.1706197053689635,0.8574938524815349,0.6696000501294029,-0.08473355543830707,0.504425450917524,0.3824011977075754
E2b_h0.01_e0.05_L2_alibi_learn_attn_s2,0.01,0.05,0.04743811274598792,0.1658806920561193,0.0688278495439713,0.1449990468175729,0.905336231176669,0.7455877742750281,0.26241459657660227,0.5671323255523768,0.40986710995330655
E1_h0.01_e0.1_L2_alibi_learn_attn_s0,0.01,0.1,0.048161220016573324,0.21086018629255726,0.0583087354089433,0.2194821781678548,0.9188862702368354,0.7250239599006676,0.6315828555605951,0.8189294361156069,0.5838780029525052
E1_h0.01_e0.1_L2_alibi_learn_attn_s1,0.01,0.1,0.048161220016573324,0.21086018629255726,0.0672758684358253,0.3249339075411878,0.8940551034682076,0.5647096386099715,0.3368552662673244,0.824525741831441,0.6203169835613103
E1_h0.01_e0.1_L2_alibi_learn_attn_s2,0.01,0.1,0.048161220016573324,0.21086018629255726,0.0595216729579866,0.2338482911861936,0.9075689856522098,0.7059343941802134,0.608193846422959,0.8098856821224927,0.5788685528554984
E2b_h0.01_e0.2_L2_alibi_learn_attn_s0,0.01,0.2,0.049116636810331925,0.27755475798024465,0.04805973722204,0.279090459449414,0.9225083578760044,0.8211639772505314,0.5381858546177509,0.7845131658841256,0.46681790168821347
E2b_h0.01_e0.2_L2_alibi_learn_attn_s1,0.01,0.2,0.049116636810331925,0.27755475798024465,0.04797060214942,0.3368865742819848,0.9338499310733094,0.7306945217360287,0.2785879798816644,0.8170706987456912,0.5094122430016652
E2b_h0.01_e0.2_L2_alibi_learn_attn_s2,0.01,0.2,0.049116636810331925,0.27755475798024465,0.0465897247518777,0.2866809973269107,0.9038603286508126,0.8123329100364081,0.5463271024110992,0.7311972453640727,0.4026474255679129
E2b_h0.01_e0.3_L2_alibi_learn_attn_s0,0.01,0.3,0.05160513076746924,0.33869412781781394,0.029462272968006,0.2878179275588881,0.8321089920225262,0.8565561674674573,-0.3025836567980431,-0.1569113508310518,-0.5870597305272631
E2b_h0.01_e0.3_L2_alibi_learn_attn_s1,0.01,0.3,0.05160513076746924,0.33869412781781394,0.0262012492366987,0.4543372161217054,0.5304613792901962,0.69065103587412,-0.6389929859746255,-0.9871464196850468,-1.1976464839767393
E2b_h0.01_e0.3_L2_alibi_learn_attn_s2,0.01,0.3,0.05160513076746924,0.33869412781781394,0.0278757826234082,0.291644611222775,0.8353201477874375,0.8554510745751506,-0.2157775313673418,-0.10921210264758141,-0.5241427130544165
E2b_h0.03_e0.05_L2_alibi_learn_attn_s0,0.03,0.05,0.10711586456852061,0.18697634831777502,0.1220203003115074,0.0966219915792969,0.7112099989935887,0.8488223865346793,-0.05222003381015616,-0.37157275381366306,-0.4080718699860819
E2b_h0.03_e0.05_L2_alibi_learn_attn_s1,0.03,0.05,0.10711586456852061,0.18697634831777502,0.146763810556347,0.1386499038063073,0.716876089223657,0.7709820198472163,-0.45564525700752534,-0.4502311024351542,-0.49234119029222745
E2b_h0.03_e0.05_L2_alibi_learn_attn_s2,0.03,0.05,0.10711586456852061,0.18697634831777502,0.1221346251548375,0.1047982870777395,0.7491923830644461,0.8547619324089719,-0.0699522229360261,-0.33118206246187243,-0.3890454262558194
E2b_h0.03_e0.1_L2_alibi_learn_attn_s0,0.03,0.1,0.10916254185268923,0.2172908642935876,0.1095096087569004,0.1527738198493898,0.8902671390971215,0.8388739195996077,0.5315067586597729,0.3874128266779425,0.19857318752014863
E2b_h0.03_e0.1_L2_alibi_learn_attn_s1,0.03,0.1,0.10916254185268923,0.2172908642935876,0.1335542065995866,0.1846516779544831,0.8661236183408519,0.7924704837055396,0.2890913165321536,0.28755711102132453,0.14218691634792813
E2b_h0.03_e0.1_L2_alibi_learn_attn_s2,0.03,0.1,0.10916254185268923,0.2172908642935876,0.1134636862391833,0.1777383768492697,0.8755942377851449,0.7916718897075505,0.24456349637636365,0.3712428620118283,0.22934334153664226
E1_h0.03_e0.2_L2_alibi_learn_attn_s0,0.03,0.2,0.11206304263953419,0.2805246200385195,0.0999316783032956,0.2322841711235493,0.9400850413083044,0.7985635668418031,0.5678708569500475,0.8139952685293591,0.44917507486939257
E1_h0.03_e0.2_L2_alibi_learn_attn_s1,0.03,0.2,0.11206304263953419,0.2805246200385195,0.1054392010595663,0.2630821288401451,0.9447709524349248,0.7931424700629435,0.59321622283271,0.8398107474634465,0.5291673233087617
E1_h0.03_e0.2_L2_alibi_learn_attn_s2,0.03,0.2,0.11206304263953419,0.2805246200385195,0.1024578527479942,0.2688299588836533,0.939580632341066,0.8006258873113424,0.6211543619807068,0.8488153473823717,0.49093848912086346
E2b_h0.03_e0.3_L2_alibi_learn_attn_s0,0.03,0.3,0.11137286628558768,0.33145800837703543,0.0966597260204079,0.277745027479097,0.8770759717637246,0.7113359379055302,0.008055031126884327,0.6030599877775559,0.04676399200719461
E2b_h0.03_e0.3_L2_alibi_learn_attn_s1,0.03,0.3,0.11137286628558768,0.33145800837703543,0.108107854863974,0.3659135357240978,0.8670399822994876,0.7241755107673824,0.04559303565582473,0.5383242136545279,0.02664992232595098
E2b_h0.03_e0.3_L2_alibi_learn_attn_s2,0.03,0.3,0.11137286628558768,0.33145800837703543,0.1049504650225524,0.3169288629766363,0.9140601428809193,0.7068741794686597,0.07060514278428165,0.6454709227121611,0.08777807170909724
