id,claim,reported,recomputed,tol,verdict,note
R1,gate: repeat-sighting accuracy (both seeds),"1, 1","1, 1",1e-06,ok,
R1b,gate: |excess| below 1e-4 nats,0,1.119e-05,0.0001,ok,
R2,"run 1: excess loss range over points x architectures (min, max)","0.0004, 0.021","0.000428, 0.02094",0.0006,ok,
R3,"cliff at C: Bayes, L2, L2+MLP, L3","0.9, 3.14, 2.96, 1.59","0.8961, 3.139, 2.956, 1.593",0.02,ok,
R3b,"cliff at D: Bayes, L2, L2+MLP, L3","1.37, 2.25, 2.36, 1.62","1.373, 2.25, 2.359, 1.618",0.02,ok,
R3c,cliff RoPE / learned-abs L2 at C,"1.61, 2.2","1.614, 2.203",0.02,ok,
R4,"G* at C, L2 (n_w = 1, 2, 3), mean over seeds","78.3, 38.5, 20","78.3, 38.5, 19.98",0.6,ok,
R4b,"Bayes G* at C (n_w = 2, 3)","51.6, 6.87","51.65, 6.871",0.1,ok,
R4c,"measured Bayes per-copy weight at h=0.003, eps=0.05",2.948,2.948,0.005,ok,
R5,"learned slope L2: A, C, D, B","0.002, 0.078, 0.115, 0.572","0.002494, 0.07766, 0.115, 0.5719",0.002,ok,
R6,"Bayes(h', eps') best held-out description: count of 84",75,75,0.0,ok,
R6b,"median held-out R² range, Bayes(h', eps') (min, max over arch)","0.845, 0.954","0.8454, 0.9535",0.002,ok,
R6c,"median held-out R² range, counter (min, max over arch)","0.371, 0.742","0.3706, 0.7416",0.002,ok,
R7,"h' law: coefficient, exponent","1.45, 0.74","1.453, 0.7359",0.02,ok,
R7b,"eps' law: intercept, slope","-0.35, 0.44","-0.345, 0.4376",0.02,ok,
R7c,"h'/h range on the grid (min, max)","2.8, 14","2.788, 13.74",0.3,ok,
R8,"random counter sums: median R² Bayes(h', eps'), counter","0.74, 0.99","0.7442, 0.9861",0.02,ok,
R8b,"trained models: median in-sample R² Bayes(h', eps'), counter","0.94, 0.72","0.9489, 0.7172",0.02,ok,
R9,"spacing 2/8: Bayes(h', eps') beats best counter, share of 168 pairs",0.9,0.8988,0.01,ok,n = 168
R9b,"median R² on spacing 2, 8","0.925, 0.93","0.9249, 0.9299",0.002,ok,
R9c,"swapped layout: Bayes(h', eps') lower error share",0.94,0.9405,0.01,ok,
R9d,"refit (h', eps') within 2x",0.97,0.9702,0.01,ok,
R10,slope surgery: monotone models of 57,56,56,0.0,ok,
R10b,"slope surgery: median h' x0.5, x1, x2","0.03, 0.055, 0.109","0.02956, 0.05459, 0.1085",0.002,ok,
R10c,"slope surgery: median loss change x0.5, x2 (nats)","0.01, 0.02","0.005861, 0.0155",0.006,ok,
R10d,ablating all late heads: median |LO| reduction,0.96,0.9628,0.01,ok,
R11,"width 256: h'/h ALiBi (min, max)","2.9, 5.3","2.937, 5.316",0.1,ok,
R11b,"width 256: h'/h RoPE (min, max)","1.3, 1.5","1.307, 1.543",0.1,ok,
R11c,"3x training: h' change factor (min, max)","0.76, 1.17","0.7645, 1.169",0.02,ok,
R12,"ALiBi copy heads: n, r(kernel decay, slope)","124, 0.99","124, 0.9898",0.002,ok,
R12b,decision from measured attention: median R² range over attention-only arch,"0.9, 0.99","0.9016, 0.9926",0.01,ok,
