run,h,eps,b,r2,fine_h,fine_eps,h_lo,h_hi,eps_lo,eps_hi,arch,true_h,true_eps,exp
E1_h0.01_e0.1_L2_alibi_learn_attn_s0,0.058308735408943387,0.21948217816785487,1.5601275686657927,0.9369704241351395,0.05830851704680715,0.21948148719533606,0.0476577738470149,0.0681739028587446,0.2062262313194266,0.23883279419478237,L2,0.01,0.1,E1
E1_h0.01_e0.1_L2_alibi_learn_attn_s1,0.06727586843582539,0.3249339075411878,2.347903289730874,0.9475809157080779,0.06727555162453663,0.3249308765195178,0.060416206425759705,0.0731841839142665,0.30815673278491895,0.3438813636288439,L2,0.01,0.1,E1
E1_h0.01_e0.1_L2_alibi_learn_attn_s2,0.05952167295798662,0.23384829118619369,1.659130484272606,0.9394642501807258,0.059521733362623966,0.23384904575180634,0.049427768980120405,0.06896285052879675,0.22224072959916946,0.2545991692739568,L2,0.01,0.1,E1
E1_h0.01_e0.1_L2_alibi_learn_mlp_s0,0.048344591255200776,0.23994224113948381,1.8943263539116442,0.937313697539682,0.04834443410500052,0.2399423745135782,0.0393752883030708,0.054183457939789466,0.21843236454218667,0.25825733703942505,L2+mlp,0.01,0.1,E1
E1_h0.01_e0.1_L2_alibi_learn_mlp_s1,0.051399851910945156,0.2270989375130511,1.8185067059737607,0.9449916658365118,0.05139946101064848,0.22709959764593077,0.04292269362129075,0.05850229143244835,0.2099098509117093,0.24429194842857785,L2+mlp,0.01,0.1,E1
E1_h0.01_e0.1_L2_alibi_learn_mlp_s2,0.05001729979483264,0.22679073343555037,1.7983545913586862,0.9408171340675513,0.05001737302935007,0.22679126730893748,0.041241793515201026,0.056410160189553776,0.20758690806388969,0.24376015524190955,L2+mlp,0.01,0.1,E1
E1_h0.01_e0.1_L3_alibi_learn_attn_s0,0.018910490420860984,0.06551459446080464,0.9775280779502439,0.9598252801467173,0.01891036868861069,0.06551448495127733,0.015737203673333037,0.02174035751677055,0.059140853398347626,0.07252618971405328,L3,0.01,0.1,E1
E1_h0.01_e0.1_L3_alibi_learn_attn_s1,0.03169860510983767,0.11578198803271941,1.159395534216899,0.9627441295427289,0.031698666320987744,0.11578166343002601,0.028238239254678266,0.036189494319291554,0.10751310573982759,0.12516396586046402,L3,0.01,0.1,E1
E1_h0.01_e0.1_L3_alibi_learn_attn_s2,0.032233805189605017,0.10508923683721347,1.0815791445930174,0.9447644615061633,0.0322335026833506,0.10508914159396456,0.028084756611660003,0.037793455146473594,0.0960579448124427,0.1156288822020666,L3,0.01,0.1,E1
E1_h0.03_e0.2_L2_alibi_learn_attn_s0,0.0999316783032956,0.23228417112354938,1.177840043220309,0.9521790108603975,0.09993042780262813,0.23228367410861983,0.08820657044637427,0.10953866880568162,0.21763655958643852,0.25036000695709537,L2,0.03,0.2,E1
E1_h0.03_e0.2_L2_alibi_learn_attn_s1,0.10543920105956639,0.2630821288401451,1.317605178801454,0.9515814043746119,0.10543971996072146,0.26308326669504006,0.09234836006508414,0.1159369564579687,0.2419945192071269,0.2830820266952997,L2,0.03,0.2,E1
E1_h0.03_e0.2_L2_alibi_learn_attn_s2,0.10245785274799427,0.26882995888365335,1.3481286428872243,0.9501773915645723,0.10245870836073227,0.2688309683499609,0.09066548716851011,0.1146683674330741,0.24857732794573756,0.2952471803733735,L2,0.03,0.2,E1
E1_h0.03_e0.2_L2_alibi_learn_mlp_s0,0.07993467135236011,0.25761507208820256,1.4517878774756077,0.9670954022086731,0.07993638693373198,0.25761831644990857,0.07059763639167015,0.08810591535854308,0.24618041798315218,0.27115776272129916,L2+mlp,0.03,0.2,E1
E1_h0.03_e0.2_L2_alibi_learn_mlp_s1,0.07965437338757632,0.27991665243605324,1.5940970526372815,0.966337064865831,0.07965436621415398,0.27991693612999113,0.07031027440520093,0.08742533931881706,0.26720897272408217,0.2978790139611938,L2+mlp,0.03,0.2,E1
E1_h0.03_e0.2_L2_alibi_learn_mlp_s2,0.0797857109878641,0.2758260963935724,1.5131165891884164,0.9659545317855791,0.0797860634572962,0.2758267362675646,0.070063372047124,0.08793609294314476,0.26314211251094216,0.293671788449911,L2+mlp,0.03,0.2,E1
E1_h0.03_e0.2_L3_alibi_learn_attn_s0,0.06498047598438324,0.17962381273770014,1.0504083161468245,0.9634340493638988,0.06498080574791164,0.17962494370250293,0.058210989853598204,0.06901081617780663,0.1658261512536931,0.1886642974135581,L3,0.03,0.2,E1
E1_h0.03_e0.2_L3_alibi_learn_attn_s1,0.06407061290782094,0.17372525934861646,1.0431651977710097,0.9763531027905719,0.06407128074483456,0.17372723385463562,0.058723927860777375,0.06848182156646745,0.16488767668612428,0.18162556749148395,L3,0.03,0.2,E1
E1_h0.03_e0.2_L3_alibi_learn_attn_s2,0.06109046004360524,0.16307748580561823,0.975784074873041,0.9800749419211835,0.061090783482686324,0.1630773614835916,0.05706939114127942,0.06364345278092404,0.15441572457902134,0.16878703840014983,L3,0.03,0.2,E1
E2a_h0.01_e0.1_L2_learned_abs_attn_s0,0.06688336233486368,0.3315186832414397,2.0227435868210812,0.9516859451552082,0.06688335642051338,0.33151430266014315,0.06259207015377122,0.0716007761774304,0.3115759620190876,0.35653314260023466,L2 learned_abs,0.01,0.1,E2a
E2a_h0.01_e0.1_L2_learned_abs_attn_s1,0.07070857179742109,0.26050052010522023,1.4561811469106198,0.9465086618999046,0.07070901952252165,0.2605027776021216,0.06290283118845383,0.07604171828366629,0.24478373392533812,0.2748096761835986,L2 learned_abs,0.01,0.1,E2a
E2a_h0.01_e0.1_L2_learned_abs_attn_s2,0.06563746651655877,0.2063222635044441,1.335934927611957,0.9213383569884663,0.06563838230428506,0.20632390733482373,0.05574634775853337,0.07286166782822405,0.1872171518498756,0.2225691569998039,L2 learned_abs,0.01,0.1,E2a
E2a_h0.01_e0.1_L2_rope_attn_s0,0.01525355102871158,0.0572668633941006,0.9129239040325149,0.9474345829352574,0.015253719352609765,0.057267210434643216,0.0103435950209245,0.02067009697832856,0.05072115627956757,0.06450485286594348,L2 rope,0.01,0.1,E2a
E2a_h0.01_e0.1_L2_rope_attn_s1,0.025313195167409524,0.08651680983350168,1.0453875403463946,0.9549989371517718,0.0253130285102351,0.08651702974952055,0.020925570566121342,0.030925772723706065,0.07996119770787674,0.09570671230917245,L2 rope,0.01,0.1,E2a
E2a_h0.01_e0.1_L2_rope_attn_s2,0.01816869905737503,0.08113485699035042,1.0365516315173162,0.9457734401409843,0.018168585513670777,0.08113412206462746,0.013888469320422757,0.023209775944785377,0.07494092225039407,0.08788562490348091,L2 rope,0.01,0.1,E2a
E2a_h0.01_e0.1_L3_learned_abs_attn_s0,0.007478171656690223,0.43985838194588517,29.99999999407009,0.6408999426526152,0.005975799694264281,0.44153932583948674,0.006656825666101888,0.028871495058983676,0.3920479675565529,0.4507184404555827,L3 learned_abs,0.01,0.1,E2a
E2a_h0.01_e0.1_L3_learned_abs_attn_s1,0.052005922477243685,0.3732110774444953,1.685728747097085,0.8409844890111017,0.0520062101182437,0.37321432146644584,0.04031656782967617,0.060685518885569674,0.3334318981847684,0.42353065989371724,L3 learned_abs,0.01,0.1,E2a
E2a_h0.01_e0.1_L3_learned_abs_attn_s2,0.0363799956373652,0.3718586914194335,2.2018247074681656,0.924924025039845,0.03637943521941497,0.3718588419762244,0.031199852912212122,0.04071105049033869,0.3597827573553885,0.38789262290480947,L3 learned_abs,0.01,0.1,E2a
E2a_h0.01_e0.1_L3_rope_attn_s0,0.01887334783418577,0.16934340247500554,1.6208523362484055,0.9421632190698843,0.018873249629371504,0.16934371608965068,0.01691440483512058,0.023538130822207726,0.15890602295977255,0.1784505920683371,L3 rope,0.01,0.1,E2a
E2a_h0.01_e0.1_L3_rope_attn_s1,0.01772721132216226,0.10721663493879137,1.1595423081526233,0.9741658752912216,0.017726893046049807,0.10721601462374161,0.015548647777257724,0.020394721854759396,0.10051690678338275,0.11401137746772799,L3 rope,0.01,0.1,E2a
E2a_h0.01_e0.1_L3_rope_attn_s2,0.013801880394042586,0.10935883433659847,1.1307883919599344,0.9876349871296002,0.013801697580998869,0.10935871331048753,0.012445822735728175,0.015193177895662735,0.10591007221428292,0.11380663193618287,L3 rope,0.01,0.1,E2a
E2a_h0.03_e0.2_L2_learned_abs_attn_s0,0.10820395096024284,0.17071568511159974,0.5031988864756178,0.9192772264890715,0.10820633520384715,0.17071888970263138,0.09367358718948736,0.1218727385427564,0.1578044391331282,0.18007784724575232,L2 learned_abs,0.03,0.2,E2a
E2a_h0.03_e0.2_L2_learned_abs_attn_s1,0.047376576839622556,0.15923646334186634,0.6790551024343352,0.962508417648631,0.04737572336144647,0.15923455420880842,0.04182680215683633,0.05227975629640756,0.15065843124684702,0.16638437503825096,L2 learned_abs,0.03,0.2,E2a
E2a_h0.03_e0.2_L2_learned_abs_attn_s2,0.09522514418398889,0.30871687509496815,0.8367054645801311,0.914765828886251,0.09523146774993413,0.30873486755713564,0.0892900915932346,0.10261063946120819,0.2768727724822123,0.33385425917122,L2 learned_abs,0.03,0.2,E2a
E2a_h0.03_e0.2_L2_rope_attn_s0,0.06708322159030108,0.16791230642342037,1.06953085661356,0.9655543277524641,0.06708457398542084,0.16791393892076692,0.058407590173832104,0.07405330791089958,0.15958000319733623,0.1778170150153684,L2 rope,0.03,0.2,E2a
E2a_h0.03_e0.2_L2_rope_attn_s1,0.07554976718172828,0.19078215959668976,1.1290883064690485,0.9639116735565293,0.07555008007728667,0.1907819347816966,0.06503037851499184,0.08444316818193179,0.1801363532000406,0.20058485196699588,L2 rope,0.03,0.2,E2a
E2a_h0.03_e0.2_L2_rope_attn_s2,0.07633500211124546,0.192269216067005,1.1333263816893775,0.9640597563680203,0.07633336415962153,0.1922669030564086,0.06537538050991848,0.08493363704096489,0.18001495368563106,0.20320665745146413,L2 rope,0.03,0.2,E2a
E2a_h0.03_e0.2_L3_learned_abs_attn_s0,0.04720357008697718,0.23479195654403992,1.0875951579630505,0.9725493199411497,0.04720316628502669,0.2347894496462283,0.043533672396727355,0.051043364081559676,0.22819478759812478,0.2466738496944867,L3 learned_abs,0.03,0.2,E2a
E2a_h0.03_e0.2_L3_learned_abs_attn_s1,0.05704512187024984,0.1554627890593845,0.8524790981504801,0.9622655777763485,0.057045422769499254,0.15546246524369606,0.047534349069709526,0.06312522657600539,0.14512134923096626,0.1640234397196084,L3 learned_abs,0.03,0.2,E2a
E2a_h0.03_e0.2_L3_learned_abs_attn_s2,0.055599763942537996,0.1860682309302724,0.9641403633662216,0.9740302798924575,0.05559948955190719,0.18606858299890236,0.0489141608364709,0.061395524761689746,0.17742418560875983,0.19475932630537127,L3 learned_abs,0.03,0.2,E2a
E2a_h0.03_e0.2_L3_rope_attn_s0,0.054000191836443216,0.21010348092605993,1.1609108539344415,0.9539340782339188,0.0540006332774099,0.21010313221105706,0.04576722787273148,0.06065505529413764,0.19542531215306802,0.22654806020863985,L3 rope,0.03,0.2,E2a
E2a_h0.03_e0.2_L3_rope_attn_s1,0.04785296459509042,0.23980154709763596,1.1750037893841605,0.9845814521907229,0.04785309803663465,0.23980192352101082,0.04420838618292117,0.05136416760891343,0.23421921446944427,0.24863107548920546,L3 rope,0.03,0.2,E2a
E2a_h0.03_e0.2_L3_rope_attn_s2,0.049479768786374036,0.1920890972139346,1.1083838515847837,0.9775369970202983,0.04947942319957972,0.19208875344970705,0.04363472851419155,0.05302757646881536,0.18289730932243597,0.2015457263275396,L3 rope,0.03,0.2,E2a
E2b_h0.003_e0.05_L2_alibi_learn_attn_s0,0.041230071958914795,0.21099476990517133,1.745797177494006,0.949500083390547,0.04123043045902165,0.21099442766999682,0.03308629992087408,0.047791629149794596,0.20168612219801713,0.2256652686165725,L2,0.003,0.05,E2b
E2b_h0.003_e0.05_L2_alibi_learn_attn_s1,0.04052915335819712,0.2530478489528758,2.1698326462581083,0.9342888408881609,0.040529372769938544,0.25304786890671627,0.028878012336784695,0.04552165809136,0.23931921725718155,0.2694677002969698,L2,0.003,0.05,E2b
E2b_h0.003_e0.05_L2_alibi_learn_attn_s2,0.046673721274337845,0.22999173814384377,1.9483172464188354,0.9307492163488412,0.046673299157702505,0.22999214566311513,0.03796574359343439,0.053566456626758796,0.21435744996924738,0.2513600341126634,L2,0.003,0.05,E2b
E2b_h0.003_e0.1_L2_alibi_learn_attn_s0,0.024464975427600063,0.24636500358639637,1.9293187087934678,0.9383268882125773,0.024464718092659023,0.24636616440108983,0.018160101752171857,0.032513961653174314,0.23934294776004428,0.2612794293682245,L2,0.003,0.1,E2b
E2b_h0.003_e0.1_L2_alibi_learn_attn_s1,0.024321365745006738,0.2718577472739978,2.329748317493722,0.9319229506712452,0.024321507421131417,0.27185472636987806,0.01778157837239693,0.030806127664141134,0.2591467375193809,0.29075000188749345,L2,0.003,0.1,E2b
E2b_h0.003_e0.1_L2_alibi_learn_attn_s2,0.025690260746449246,0.25651132426009793,2.1000453738640608,0.935217627477856,0.025690158518289107,0.2565094619317766,0.01890072968838329,0.033329214197732666,0.24652691514590935,0.27183519199437306,L2,0.003,0.1,E2b
E2b_h0.003_e0.2_L2_alibi_learn_attn_s0,0.015053892506082134,0.33259869339569836,3.3183027765528132,0.8733394505950052,0.015053264341561753,0.33259974605958503,0.0014538962953575853,0.019771611502563874,0.30423149409754485,0.4086889291100046,L2,0.003,0.2,E2b
E2b_h0.003_e0.2_L2_alibi_learn_attn_s1,0.012165101682674482,0.3251121668565372,4.109148976387094,0.8785300510192247,0.012165294198650234,0.3251142567683922,0.0011194264510259496,0.016127891360511546,0.2961621693659843,0.3967876948885944,L2,0.003,0.2,E2b
E2b_h0.003_e0.2_L2_alibi_learn_attn_s2,0.01387358558745104,0.3368935300179672,3.8260382782500186,0.86661873861799,0.0138738315512003,0.3368931157469439,0.0016341515323381151,0.01848418544712028,0.3067376592416227,0.4068798305954179,L2,0.003,0.2,E2b
E2b_h0.003_e0.3_L2_alibi_learn_attn_s0,0.012102925090677357,0.331896850810378,2.1405265659932637,0.8542219683608535,0.012103294227412612,0.331896918627439,0.00010000000000000009,0.016512242960418474,0.3016483859203773,0.41051906859387904,L2,0.003,0.3,E2b
E2b_h0.003_e0.3_L2_alibi_learn_attn_s1,0.011137504183083537,0.331400375801984,2.8060570851055378,0.8793200249356876,0.011137742585507909,0.3314016864606589,0.00045713903291529865,0.01615691790260481,0.3036986424313264,0.41051906859387904,L2,0.003,0.3,E2b
E2b_h0.003_e0.3_L2_alibi_learn_attn_s2,0.012360218554097503,0.33017779187190105,1.903082602599778,0.8777100005217875,0.012359337888092941,0.3301754758205267,0.00010000000000000009,0.01597552556455841,0.3020373659806252,0.41051906859387904,L2,0.003,0.3,E2b
E2b_h0.01_e0.05_L2_alibi_learn_attn_s0,0.07028071272826898,0.15567385730479813,1.4120656754841832,0.9543783117411252,0.07028180670611305,0.15567414353118197,0.05943738484490978,0.07794916289381952,0.14469051202607747,0.16347249674818845,L2,0.01,0.05,E2b
E2b_h0.01_e0.05_L2_alibi_learn_attn_s1,0.07193844604574692,0.17061970536896354,1.3624725777780176,0.9290574630057279,0.07193545140708622,0.17061652685347342,0.05958212159461117,0.08245278397452639,0.1543664974038353,0.1853176778929251,L2,0.01,0.05,E2b
E2b_h0.01_e0.05_L2_alibi_learn_attn_s2,0.06882784954397135,0.14499904681757292,1.4269919320211975,0.9493793251136492,0.06882877579850509,0.14500058554709858,0.05854522523357765,0.07509717154701631,0.13618874437604356,0.15171362893908075,L2,0.01,0.05,E2b
E2b_h0.01_e0.2_L2_alibi_learn_attn_s0,0.04805973722204002,0.279090459449414,1.4355572698562031,0.9353489396953021,0.048060028604118996,0.27908864827252206,0.03889333666666458,0.0531412457801952,0.25905820687383196,0.29778510445069467,L2,0.01,0.2,E2b
E2b_h0.01_e0.2_L2_alibi_learn_attn_s1,0.04797060214942001,0.3368865742819848,1.8930599645515507,0.955521506777888,0.04797020336982373,0.3368840069365856,0.04362951159474607,0.052356582191520507,0.3196976238740556,0.3600960533946343,L2,0.01,0.2,E2b
E2b_h0.01_e0.2_L2_alibi_learn_attn_s2,0.046589724751877705,0.2866809973269107,1.4538132300606261,0.9265402023353093,0.04659000085443415,0.28668285416848577,0.03676002295352361,0.051609319966155025,0.26469496197981446,0.30763395984408903,L2,0.01,0.2,E2b
E2b_h0.01_e0.3_L2_alibi_learn_attn_s0,0.029462272968006006,0.28781792755888813,1.115886743822349,0.92110567528531,0.02946135365557644,0.2878196043225768,0.021937265418203174,0.037128033179331624,0.26702737465689347,0.31729756738478854,L2,0.01,0.3,E2b
E2b_h0.01_e0.3_L2_alibi_learn_attn_s1,0.026201249236698764,0.45433721612170547,4.75177229805979,0.9507075991919485,0.026202147599255102,0.45433695727098267,0.01640236364221596,0.03247594713892385,0.4455708545687505,0.4698751872968173,L2,0.01,0.3,E2b
E2b_h0.01_e0.3_L2_alibi_learn_attn_s2,0.02787578262340825,0.291644611222775,1.2285772060117766,0.9153342192734725,0.02787627304094222,0.2916428322879604,0.02083731514286465,0.03584837737778676,0.2696769194571847,0.3208725941220182,L2,0.01,0.3,E2b
E2b_h0.03_e0.05_L2_alibi_learn_attn_s0,0.12202030031150748,0.09662199157929693,1.209936204082627,0.9629330500221764,0.12201776555888554,0.09662100361244176,0.10929418457011361,0.13236817727173245,0.08871004351780579,0.10347308322921946,L2,0.03,0.05,E2b
E2b_h0.03_e0.05_L2_alibi_learn_attn_s1,0.14676381055634707,0.13864990380630732,1.2432822099588752,0.9370646625057817,0.14675864583453388,0.1386472034837564,0.12431257368331194,0.16109470287157138,0.12145063485098975,0.1492675683943146,L2,0.03,0.05,E2b
E2b_h0.03_e0.05_L2_alibi_learn_attn_s2,0.1221346251548375,0.10479828707773958,1.2125942065786157,0.9688432005108144,0.12213723564415047,0.10479932264137999,0.11131671071940337,0.12986160505180025,0.0968466309268368,0.11069992420774544,L2,0.03,0.05,E2b
E2b_h0.03_e0.1_L2_alibi_learn_attn_s0,0.1095096087569004,0.1527738198493898,1.2689866027049026,0.9591039724522729,0.1095103907003385,0.15277468839844252,0.09489963612367483,0.11811807657056979,0.14286991820828135,0.1617772992302605,L2,0.03,0.1,E2b
E2b_h0.03_e0.1_L2_alibi_learn_attn_s1,0.13355420659958667,0.1846516779544831,1.296775707695844,0.948358279961889,0.13355138535706285,0.18464941864020243,0.11775977460931356,0.14279667434776638,0.1652943768752903,0.19595843128492,L2,0.03,0.1,E2b
E2b_h0.03_e0.1_L2_alibi_learn_attn_s2,0.11346368623918339,0.1777383768492697,1.1932199314207186,0.9303831471768796,0.11346186142414717,0.17773689685199617,0.09376220859687484,0.1245075454237453,0.15518695666517396,0.19175669787557517,L2,0.03,0.1,E2b
E2b_h0.03_e0.3_L2_alibi_learn_attn_s0,0.09665972602040797,0.277745027479097,0.8773965178208426,0.96618176311978,0.09665843575716687,0.27774015800532004,0.08868396698509173,0.10523225640231282,0.2619977014782555,0.2988041328265221,L2,0.03,0.3,E2b
E2b_h0.03_e0.3_L2_alibi_learn_attn_s1,0.10810785486397402,0.3659135357240978,1.3607533272037444,0.9631750663496655,0.10810659293266335,0.3659075858373032,0.09966215819182711,0.1165844756247984,0.34380081771371024,0.3908073902946498,L2,0.03,0.3,E2b
E2b_h0.03_e0.3_L2_alibi_learn_attn_s2,0.10495046502255247,0.3169288629766363,1.1017363531480286,0.9633079185479823,0.10495088356811413,0.3169284021769156,0.0970053243720403,0.11418487720288838,0.2983381544375064,0.34656357698251916,L2,0.03,0.3,E2b
E2c_h0.01_e0.1_L2_alibi_learn_attn_cf0.2_s0,0.03930412780429505,0.15469603284103253,0.7607280474774005,0.9209860778292132,0.03930434174335377,0.15469612613957712,0.0329649188164014,0.04267419311967318,0.13712418579342653,0.16625271931794275,L2 enriched0.2,0.01,0.1,E2c
E2c_h0.01_e0.1_L2_alibi_learn_attn_cf0.2_s1,0.04017853009228862,0.14561067083192805,0.7570884576336631,0.9203005856841103,0.04017712127408861,0.14560930762124843,0.03353217863431326,0.04359664026384745,0.1281962684764876,0.1564612480739793,L2 enriched0.2,0.01,0.1,E2c
E2c_h0.01_e0.1_L2_alibi_learn_attn_cf0.2_s2,0.03976254270834599,0.14611677123507175,0.7747927891702072,0.9183357139143029,0.039761535094864076,0.14611503195464995,0.03264387652440278,0.043064905691467564,0.12773561439509754,0.15658643014793686,L2 enriched0.2,0.01,0.1,E2c
E2c_h0.01_e0.1_L3_alibi_learn_attn_cf0.2_s0,0.02762374783464434,0.10606366793299779,0.7958576926748779,0.967404405655091,0.027624131217371065,0.1060640513867933,0.024918408674898602,0.031185460846715602,0.09941736191394658,0.11053231269790122,L3 enriched0.2,0.01,0.1,E2c
E2c_h0.01_e0.1_L3_alibi_learn_attn_cf0.2_s1,0.027699973274938963,0.09611327773774636,0.7786100287446333,0.9619749864303775,0.027700036302063767,0.0961121977952623,0.02441090744668441,0.03190815041386277,0.08896022207524355,0.10026902563298103,L3 enriched0.2,0.01,0.1,E2c
E2c_h0.01_e0.1_L3_alibi_learn_attn_cf0.2_s2,0.0255325403419204,0.0946711114456459,0.7804857369410002,0.9708207536496494,0.025532833853206933,0.0946721148394733,0.022581205688004934,0.028869372415307903,0.08910415736167424,0.09868016860873016,L3 enriched0.2,0.01,0.1,E2c
E2c_h0.03_e0.2_L2_alibi_learn_attn_cf0.2_s0,0.0907421057760336,0.3184593743882914,1.1596339076803008,0.9260411786627922,0.09074012487349044,0.3184448866204791,0.07968524906650402,0.0994597472974932,0.29365831752412896,0.3571004401304822,L2 enriched0.2,0.03,0.2,E2c
E2c_h0.03_e0.2_L2_alibi_learn_attn_cf0.2_s1,0.09197602137416382,0.3121933315450115,1.1174577238568355,0.927242444110292,0.09197832724834365,0.3122062955171858,0.08021260845194678,0.1001227680589404,0.2874675843301508,0.3505026945336845,L2 enriched0.2,0.03,0.2,E2c
E2c_h0.03_e0.2_L2_alibi_learn_attn_cf0.2_s2,0.09355995246182854,0.3070873375580024,1.0862638876752337,0.9240274665861373,0.09356228992607565,0.307102383758588,0.08098908854504278,0.10192977881434707,0.2811891011357749,0.343652021095928,L2 enriched0.2,0.03,0.2,E2c
E2c_h0.03_e0.2_L3_alibi_learn_attn_cf0.2_s0,0.054816293613469055,0.22973937499411337,0.8902322571434894,0.9585612895008423,0.054817096075696695,0.22974061574924912,0.04958631927327032,0.058315021205542016,0.21837972597156202,0.2428215938957912,L3 enriched0.2,0.03,0.2,E2c
E2c_h0.03_e0.2_L3_alibi_learn_attn_cf0.2_s1,0.05241796432660567,0.2157667741222818,0.8542289320600912,0.9642539765703416,0.052417763829274516,0.215766755225935,0.04773519418148356,0.055157777209506584,0.2051335804059227,0.22796177979629098,L3 enriched0.2,0.03,0.2,E2c
E2c_h0.03_e0.2_L3_alibi_learn_attn_cf0.2_s2,0.05432704501756319,0.21806206172401787,0.849839373360112,0.961048997443407,0.05432657564296765,0.21806052010502863,0.048777333134941536,0.058320446585267464,0.2068914406394447,0.23000189687128736,L3 enriched0.2,0.03,0.2,E2c
