run,h,eps,layers,mlp,scale,h_eff,eps_eff,ce_rep
E1_h0.01_e0.1_L2_alibi_learn_attn_s0,0.01,0.1,2,0,0.25,0.0082866445729348,0.31370285440103035,1.2409920692443848
E1_h0.01_e0.1_L2_alibi_learn_attn_s0,0.01,0.1,2,0,0.5,0.01833389801669337,0.2616025253791104,1.0923444032669067
E1_h0.01_e0.1_L2_alibi_learn_attn_s0,0.01,0.1,2,0,0.71,0.035532609457845366,0.23035696819058205,1.0767619609832764
E1_h0.01_e0.1_L2_alibi_learn_attn_s0,0.01,0.1,2,0,1.0,0.05740540889642498,0.21697714356984973,1.0727040767669678
E1_h0.01_e0.1_L2_alibi_learn_attn_s0,0.01,0.1,2,0,1.41,0.08329754739652778,0.19274342179537465,1.0831959247589111
E1_h0.01_e0.1_L2_alibi_learn_attn_s0,0.01,0.1,2,0,2.0,0.11104030544664935,0.15326857115336187,1.129624605178833
E1_h0.01_e0.1_L2_alibi_learn_attn_s0,0.01,0.1,2,0,4.0,0.1933353031606537,0.08604469720345173,1.3875811100006104
E1_h0.01_e0.1_L2_alibi_learn_attn_s1,0.01,0.1,2,0,0.25,0.003017088168272581,0.41051906859387904,1.139228105545044
E1_h0.01_e0.1_L2_alibi_learn_attn_s1,0.01,0.1,2,0,0.5,0.03546180801066443,0.34767306424624117,1.092468023300171
E1_h0.01_e0.1_L2_alibi_learn_attn_s1,0.01,0.1,2,0,0.71,0.04965160570913,0.34747761355945983,1.082393765449524
E1_h0.01_e0.1_L2_alibi_learn_attn_s1,0.01,0.1,2,0,1.0,0.06687231125420529,0.3247119433167259,1.0786267518997192
E1_h0.01_e0.1_L2_alibi_learn_attn_s1,0.01,0.1,2,0,1.41,0.08885570581754144,0.27957249466507844,1.0842880010604858
E1_h0.01_e0.1_L2_alibi_learn_attn_s1,0.01,0.1,2,0,2.0,0.11587985044423373,0.22725715812367178,1.1034541130065918
E1_h0.01_e0.1_L2_alibi_learn_attn_s1,0.01,0.1,2,0,4.0,0.19159485227382528,0.13318554525661877,1.221877932548523
E1_h0.01_e0.1_L2_alibi_learn_attn_s2,0.01,0.1,2,0,0.25,0.004473936626900687,0.32132096463098686,1.1686861515045166
E1_h0.01_e0.1_L2_alibi_learn_attn_s2,0.01,0.1,2,0,0.5,0.017076200488928845,0.27822146286867283,1.088067650794983
E1_h0.01_e0.1_L2_alibi_learn_attn_s2,0.01,0.1,2,0,0.71,0.035698315410655566,0.2435183986400438,1.0757852792739868
E1_h0.01_e0.1_L2_alibi_learn_attn_s2,0.01,0.1,2,0,1.0,0.05988329165480322,0.23144802252890842,1.0717746019363403
E1_h0.01_e0.1_L2_alibi_learn_attn_s2,0.01,0.1,2,0,1.41,0.08572523611474743,0.20269120384611222,1.0795695781707764
E1_h0.01_e0.1_L2_alibi_learn_attn_s2,0.01,0.1,2,0,2.0,0.1124481672421824,0.15815456071715783,1.1204049587249756
E1_h0.01_e0.1_L2_alibi_learn_attn_s2,0.01,0.1,2,0,4.0,0.1916043617607552,0.08933535622494819,1.3910188674926758
E1_h0.01_e0.1_L2_alibi_learn_mlp_s0,0.01,0.1,2,1,0.25,0.00010000000000000009,0.28814284811894797,1.1405251026153564
E1_h0.01_e0.1_L2_alibi_learn_mlp_s0,0.01,0.1,2,1,0.5,0.0036786305719673142,0.29660747621069095,1.082297444343567
E1_h0.01_e0.1_L2_alibi_learn_mlp_s0,0.01,0.1,2,1,0.71,0.014422382042696353,0.2560682388762428,1.0643980503082275
E1_h0.01_e0.1_L2_alibi_learn_mlp_s0,0.01,0.1,2,1,1.0,0.048119189626861396,0.23966035652279552,1.0599095821380615
E1_h0.01_e0.1_L2_alibi_learn_mlp_s0,0.01,0.1,2,1,1.41,0.08348831964677608,0.2320108735110795,1.0688164234161377
E1_h0.01_e0.1_L2_alibi_learn_mlp_s0,0.01,0.1,2,1,2.0,0.12347897453340236,0.1956024784561658,1.1163898706436157
E1_h0.01_e0.1_L2_alibi_learn_mlp_s0,0.01,0.1,2,1,4.0,0.23856694766038078,0.11632670410327853,1.4821269512176514
E1_h0.01_e0.1_L2_alibi_learn_mlp_s1,0.01,0.1,2,1,0.25,0.00010000000000000009,0.28814284811894797,1.130193829536438
E1_h0.01_e0.1_L2_alibi_learn_mlp_s1,0.01,0.1,2,1,0.5,0.007068560437604672,0.287736311487367,1.0813393592834473
E1_h0.01_e0.1_L2_alibi_learn_mlp_s1,0.01,0.1,2,1,0.71,0.018306969326821763,0.243071128353695,1.066789150238037
E1_h0.01_e0.1_L2_alibi_learn_mlp_s1,0.01,0.1,2,1,1.0,0.05094024110998714,0.2266342893771043,1.0609660148620605
E1_h0.01_e0.1_L2_alibi_learn_mlp_s1,0.01,0.1,2,1,1.41,0.08231327354874832,0.20516486488569402,1.0704991817474365
E1_h0.01_e0.1_L2_alibi_learn_mlp_s1,0.01,0.1,2,1,2.0,0.12208821528305405,0.16699342450545993,1.1172852516174316
E1_h0.01_e0.1_L2_alibi_learn_mlp_s1,0.01,0.1,2,1,4.0,0.24128636824197874,0.09072325176004788,1.4726693630218506
E1_h0.01_e0.1_L2_alibi_learn_mlp_s2,0.01,0.1,2,1,0.25,0.00010000000000000009,0.28814284811894797,1.105391263961792
E1_h0.01_e0.1_L2_alibi_learn_mlp_s2,0.01,0.1,2,1,0.5,0.004425402236065588,0.28286308089751444,1.073860764503479
E1_h0.01_e0.1_L2_alibi_learn_mlp_s2,0.01,0.1,2,1,0.71,0.015118015041723231,0.2399892338836104,1.0651185512542725
E1_h0.01_e0.1_L2_alibi_learn_mlp_s2,0.01,0.1,2,1,1.0,0.050004431458372814,0.22527647152107147,1.0611704587936401
E1_h0.01_e0.1_L2_alibi_learn_mlp_s2,0.01,0.1,2,1,1.41,0.08256717718907837,0.21198748491433955,1.0680142641067505
E1_h0.01_e0.1_L2_alibi_learn_mlp_s2,0.01,0.1,2,1,2.0,0.12054327261153754,0.17822723155716336,1.1054624319076538
E1_h0.01_e0.1_L2_alibi_learn_mlp_s2,0.01,0.1,2,1,4.0,0.22569627014030944,0.10508066476129616,1.4517288208007812
E1_h0.01_e0.1_L3_alibi_learn_attn_s0,0.01,0.1,3,0,0.25,1.0000000000010763e-05,0.02406714781331393,1.1351597309112549
E1_h0.01_e0.1_L3_alibi_learn_attn_s0,0.01,0.1,3,0,0.5,0.00033788726893571125,0.0581855542455112,1.0826910734176636
E1_h0.01_e0.1_L3_alibi_learn_attn_s0,0.01,0.1,3,0,0.71,0.0045663866273704615,0.07856434054742764,1.066917896270752
E1_h0.01_e0.1_L3_alibi_learn_attn_s0,0.01,0.1,3,0,1.0,0.01925247131925974,0.06595955230677696,1.0605005025863647
E1_h0.01_e0.1_L3_alibi_learn_attn_s0,0.01,0.1,3,0,1.41,0.038325866332432054,0.056689025306989466,1.0704491138458252
E1_h0.01_e0.1_L3_alibi_learn_attn_s0,0.01,0.1,3,0,2.0,0.07545613258245806,0.05235407269957,1.1308314800262451
E1_h0.01_e0.1_L3_alibi_learn_attn_s0,0.01,0.1,3,0,4.0,0.2170040932133324,0.05850552570639239,2.4585468769073486
E1_h0.01_e0.1_L3_alibi_learn_attn_s1,0.01,0.1,3,0,0.25,0.00019255165013789847,0.07956591926626674,1.1351995468139648
E1_h0.01_e0.1_L3_alibi_learn_attn_s1,0.01,0.1,3,0,0.5,0.0037064120403249748,0.15309057531407544,1.0831234455108643
E1_h0.01_e0.1_L3_alibi_learn_attn_s1,0.01,0.1,3,0,0.71,0.012056202954088756,0.14449355353333415,1.0671277046203613
E1_h0.01_e0.1_L3_alibi_learn_attn_s1,0.01,0.1,3,0,1.0,0.0319392352301994,0.11684131653004017,1.060848593711853
E1_h0.01_e0.1_L3_alibi_learn_attn_s1,0.01,0.1,3,0,1.41,0.05699540006235361,0.10332524761724059,1.0712815523147583
E1_h0.01_e0.1_L3_alibi_learn_attn_s1,0.01,0.1,3,0,2.0,0.08917882594530611,0.08793965294302723,1.1105116605758667
E1_h0.01_e0.1_L3_alibi_learn_attn_s1,0.01,0.1,3,0,4.0,0.18085268619871808,0.054837133178675,1.3955904245376587
E1_h0.01_e0.1_L3_alibi_learn_attn_s2,0.01,0.1,3,0,0.25,0.0004503271487776867,0.09135755354617477,1.1303409337997437
E1_h0.01_e0.1_L3_alibi_learn_attn_s2,0.01,0.1,3,0,0.5,0.00660906494332763,0.15062468076171506,1.0810983180999756
E1_h0.01_e0.1_L3_alibi_learn_attn_s2,0.01,0.1,3,0,0.71,0.015372567617710777,0.1302084137569551,1.066084623336792
E1_h0.01_e0.1_L3_alibi_learn_attn_s2,0.01,0.1,3,0,1.0,0.032710538780693195,0.10586023048099076,1.0606886148452759
E1_h0.01_e0.1_L3_alibi_learn_attn_s2,0.01,0.1,3,0,1.41,0.05297864095113665,0.09172982704064644,1.0700207948684692
E1_h0.01_e0.1_L3_alibi_learn_attn_s2,0.01,0.1,3,0,2.0,0.08423940955639457,0.08057231034363908,1.1063921451568604
E1_h0.01_e0.1_L3_alibi_learn_attn_s2,0.01,0.1,3,0,4.0,0.17713615867180477,0.07282907320770458,1.4897265434265137
E1_h0.03_e0.2_L2_alibi_learn_attn_s0,0.03,0.2,2,0,0.25,0.024341613835172825,0.33221507182999904,2.0482394695281982
E1_h0.03_e0.2_L2_alibi_learn_attn_s0,0.03,0.2,2,0,0.5,0.0591598852346886,0.32500788049670976,1.9586365222930908
E1_h0.03_e0.2_L2_alibi_learn_attn_s0,0.03,0.2,2,0,0.71,0.07995120583146291,0.28653641336044355,1.9352736473083496
E1_h0.03_e0.2_L2_alibi_learn_attn_s0,0.03,0.2,2,0,1.0,0.10119739863647652,0.23259010611330438,1.9265979528427124
E1_h0.03_e0.2_L2_alibi_learn_attn_s0,0.03,0.2,2,0,1.41,0.13013760355933865,0.17967995664402608,1.9390802383422852
E1_h0.03_e0.2_L2_alibi_learn_attn_s0,0.03,0.2,2,0,2.0,0.15899417203229407,0.1283652185006526,1.9893862009048462
E1_h0.03_e0.2_L2_alibi_learn_attn_s0,0.03,0.2,2,0,4.0,0.24448390892571664,0.06873722981341819,2.2801079750061035
E1_h0.03_e0.2_L2_alibi_learn_attn_s1,0.03,0.2,2,0,0.25,0.03488585463281459,0.3525428024683041,2.0261948108673096
E1_h0.03_e0.2_L2_alibi_learn_attn_s1,0.03,0.2,2,0,0.5,0.06498251786899505,0.35344072916900926,1.957608938217163
E1_h0.03_e0.2_L2_alibi_learn_attn_s1,0.03,0.2,2,0,0.71,0.0858440264817952,0.31957370044226097,1.937229037284851
E1_h0.03_e0.2_L2_alibi_learn_attn_s1,0.03,0.2,2,0,1.0,0.10730205557849198,0.265344015921064,1.929654598236084
E1_h0.03_e0.2_L2_alibi_learn_attn_s1,0.03,0.2,2,0,1.41,0.1363128656583008,0.21089761823440376,1.9433817863464355
E1_h0.03_e0.2_L2_alibi_learn_attn_s1,0.03,0.2,2,0,2.0,0.16400393242591155,0.15282759600833556,1.9919313192367554
E1_h0.03_e0.2_L2_alibi_learn_attn_s1,0.03,0.2,2,0,4.0,0.26301855995231815,0.08600812613625998,2.231698989868164
E1_h0.03_e0.2_L2_alibi_learn_attn_s2,0.03,0.2,2,0,0.25,0.028124326356818052,0.3532628735425393,2.041722059249878
E1_h0.03_e0.2_L2_alibi_learn_attn_s2,0.03,0.2,2,0,0.5,0.059662402222331164,0.3499781292664818,1.9586124420166016
E1_h0.03_e0.2_L2_alibi_learn_attn_s2,0.03,0.2,2,0,0.71,0.0802385954134645,0.32178598557780086,1.9356433153152466
E1_h0.03_e0.2_L2_alibi_learn_attn_s2,0.03,0.2,2,0,1.0,0.10395601803103771,0.27365790154376207,1.92730712890625
E1_h0.03_e0.2_L2_alibi_learn_attn_s2,0.03,0.2,2,0,1.41,0.1336103180861728,0.2150255014717187,1.9409918785095215
E1_h0.03_e0.2_L2_alibi_learn_attn_s2,0.03,0.2,2,0,2.0,0.16158935843033237,0.1520178914917664,1.9929602146148682
E1_h0.03_e0.2_L2_alibi_learn_attn_s2,0.03,0.2,2,0,4.0,0.2538489664595475,0.08093788767629503,2.273134708404541
E1_h0.03_e0.2_L2_alibi_learn_mlp_s0,0.03,0.2,2,1,0.25,0.005828321496175315,0.3636679014837303,1.9842458963394165
E1_h0.03_e0.2_L2_alibi_learn_mlp_s0,0.03,0.2,2,1,0.5,0.03119324777070031,0.30586604620767127,1.9418920278549194
E1_h0.03_e0.2_L2_alibi_learn_mlp_s0,0.03,0.2,2,1,0.71,0.05521922558430512,0.29698339986104755,1.92180335521698
E1_h0.03_e0.2_L2_alibi_learn_mlp_s0,0.03,0.2,2,1,1.0,0.08015704963735769,0.25832450250041344,1.9120428562164307
E1_h0.03_e0.2_L2_alibi_learn_mlp_s0,0.03,0.2,2,1,1.41,0.1076472620742539,0.19798700909922395,1.9262553453445435
E1_h0.03_e0.2_L2_alibi_learn_mlp_s0,0.03,0.2,2,1,2.0,0.1479581070258461,0.14551951544373853,2.0001609325408936
E1_h0.03_e0.2_L2_alibi_learn_mlp_s0,0.03,0.2,2,1,4.0,0.26452138950863086,0.08338395286214817,2.412329912185669
E1_h0.03_e0.2_L2_alibi_learn_mlp_s1,0.03,0.2,2,1,0.25,0.006925866475224859,0.37280306057466955,1.9895070791244507
E1_h0.03_e0.2_L2_alibi_learn_mlp_s1,0.03,0.2,2,1,0.5,0.029394211852532652,0.32369519527392315,1.9377737045288086
E1_h0.03_e0.2_L2_alibi_learn_mlp_s1,0.03,0.2,2,1,0.71,0.05424917306548014,0.3163549578140852,1.91985285282135
E1_h0.03_e0.2_L2_alibi_learn_mlp_s1,0.03,0.2,2,1,1.0,0.08050220151450861,0.2834220286839528,1.9111026525497437
E1_h0.03_e0.2_L2_alibi_learn_mlp_s1,0.03,0.2,2,1,1.41,0.11126873952656365,0.22328972184344642,1.9275017976760864
E1_h0.03_e0.2_L2_alibi_learn_mlp_s1,0.03,0.2,2,1,2.0,0.1513683364477907,0.1620553756921629,2.0266623497009277
E1_h0.03_e0.2_L2_alibi_learn_mlp_s1,0.03,0.2,2,1,4.0,0.29081144042392454,0.1285614203494333,2.5608291625976562
E1_h0.03_e0.2_L2_alibi_learn_mlp_s2,0.03,0.2,2,1,0.25,0.006551161870997607,0.3679962663396798,2.0035901069641113
E1_h0.03_e0.2_L2_alibi_learn_mlp_s2,0.03,0.2,2,1,0.5,0.02901583906628431,0.31508732435598114,1.9417526721954346
E1_h0.03_e0.2_L2_alibi_learn_mlp_s2,0.03,0.2,2,1,0.71,0.05382591378921196,0.3092050462731685,1.9213224649429321
E1_h0.03_e0.2_L2_alibi_learn_mlp_s2,0.03,0.2,2,1,1.0,0.07958724084778857,0.2764798704535842,1.9110609292984009
E1_h0.03_e0.2_L2_alibi_learn_mlp_s2,0.03,0.2,2,1,1.41,0.11002880662523337,0.21969982578931613,1.9239277839660645
E1_h0.03_e0.2_L2_alibi_learn_mlp_s2,0.03,0.2,2,1,2.0,0.1486110343040507,0.16092312424708669,1.9908487796783447
E1_h0.03_e0.2_L2_alibi_learn_mlp_s2,0.03,0.2,2,1,4.0,0.26731421759781515,0.09434988587089262,2.396684169769287
E1_h0.03_e0.2_L3_alibi_learn_attn_s0,0.03,0.2,3,0,0.25,0.00010000000000000009,0.3439304197534411,2.0996193885803223
E1_h0.03_e0.2_L3_alibi_learn_attn_s0,0.03,0.2,3,0,0.5,0.017151417926856035,0.2633413866858476,1.9587081670761108
E1_h0.03_e0.2_L3_alibi_learn_attn_s0,0.03,0.2,3,0,0.71,0.037464089832325,0.2077202032482855,1.9236552715301514
E1_h0.03_e0.2_L3_alibi_learn_attn_s0,0.03,0.2,3,0,1.0,0.0649956672748211,0.17964471661496667,1.91011381149292
E1_h0.03_e0.2_L3_alibi_learn_attn_s0,0.03,0.2,3,0,1.41,0.1009124672725322,0.15379297880165124,1.9314531087875366
E1_h0.03_e0.2_L3_alibi_learn_attn_s0,0.03,0.2,3,0,2.0,0.15221985386620918,0.13563310263453704,2.0150396823883057
E1_h0.03_e0.2_L3_alibi_learn_attn_s0,0.03,0.2,3,0,4.0,0.3423189102675035,0.11736642792340943,2.9048516750335693
E1_h0.03_e0.2_L3_alibi_learn_attn_s1,0.03,0.2,3,0,0.25,0.00010000000000000009,0.28814284811894797,2.0963661670684814
E1_h0.03_e0.2_L3_alibi_learn_attn_s1,0.03,0.2,3,0,0.5,0.015011744859846443,0.309442612978277,1.9625731706619263
E1_h0.03_e0.2_L3_alibi_learn_attn_s1,0.03,0.2,3,0,0.71,0.0375486759060626,0.22955432702582856,1.925835132598877
E1_h0.03_e0.2_L3_alibi_learn_attn_s1,0.03,0.2,3,0,1.0,0.06320381367432985,0.1734591017440846,1.910789966583252
E1_h0.03_e0.2_L3_alibi_learn_attn_s1,0.03,0.2,3,0,1.41,0.09796696276450027,0.12942348388418007,1.9309717416763306
E1_h0.03_e0.2_L3_alibi_learn_attn_s1,0.03,0.2,3,0,2.0,0.15438057684669654,0.10393289259807617,2.0073025226593018
E1_h0.03_e0.2_L3_alibi_learn_attn_s1,0.03,0.2,3,0,4.0,0.34775241871706924,0.07458039742482876,2.7860264778137207
E1_h0.03_e0.2_L3_alibi_learn_attn_s2,0.03,0.2,3,0,0.25,0.00010000000000000009,0.3439304197534411,2.0861117839813232
E1_h0.03_e0.2_L3_alibi_learn_attn_s2,0.03,0.2,3,0,0.5,0.018572532898879265,0.27788264648970074,1.9584230184555054
E1_h0.03_e0.2_L3_alibi_learn_attn_s2,0.03,0.2,3,0,0.71,0.03960636278559371,0.21295011364865354,1.9235528707504272
E1_h0.03_e0.2_L3_alibi_learn_attn_s2,0.03,0.2,3,0,1.0,0.060524308181062914,0.16174854174092232,1.9100501537322998
E1_h0.03_e0.2_L3_alibi_learn_attn_s2,0.03,0.2,3,0,1.41,0.09508958310277688,0.11803555769570893,1.9283205270767212
E1_h0.03_e0.2_L3_alibi_learn_attn_s2,0.03,0.2,3,0,2.0,0.12389112770245375,0.07130280005850186,1.9963337182998657
E1_h0.03_e0.2_L3_alibi_learn_attn_s2,0.03,0.2,3,0,4.0,,,3.926513195037842
E2b_h0.003_e0.05_L2_alibi_learn_attn_s0,0.003,0.05,2,0,0.25,0.00010000000000000009,0.28814284811894797,0.5354626774787903
E2b_h0.003_e0.05_L2_alibi_learn_attn_s0,0.003,0.05,2,0,0.5,0.007182497951266595,0.2722781749171901,0.5090399384498596
E2b_h0.003_e0.05_L2_alibi_learn_attn_s0,0.003,0.05,2,0,0.71,0.01770825236445277,0.23657171002323923,0.5022021532058716
E2b_h0.003_e0.05_L2_alibi_learn_attn_s0,0.003,0.05,2,0,1.0,0.04043898954767882,0.2082003668358535,0.5004571676254272
E2b_h0.003_e0.05_L2_alibi_learn_attn_s0,0.003,0.05,2,0,1.41,0.06290267753627617,0.19250938512574486,0.5063313245773315
E2b_h0.003_e0.05_L2_alibi_learn_attn_s0,0.003,0.05,2,0,2.0,0.09246420319795436,0.16484394363010005,0.5417651534080505
E2b_h0.003_e0.05_L2_alibi_learn_attn_s0,0.003,0.05,2,0,4.0,0.17283727324954762,0.10261766945545109,0.7843920588493347
E2b_h0.003_e0.05_L2_alibi_learn_attn_s1,0.003,0.05,2,0,0.25,0.00010000000000000009,0.28814284811894797,0.5386743545532227
E2b_h0.003_e0.05_L2_alibi_learn_attn_s1,0.003,0.05,2,0,0.5,0.006303349495988319,0.31061778884721325,0.5093249082565308
E2b_h0.003_e0.05_L2_alibi_learn_attn_s1,0.003,0.05,2,0,0.71,0.016830570846195516,0.2774499322537869,0.5010958313941956
E2b_h0.003_e0.05_L2_alibi_learn_attn_s1,0.003,0.05,2,0,1.0,0.040812647506771486,0.2509281107965551,0.49924764037132263
E2b_h0.003_e0.05_L2_alibi_learn_attn_s1,0.003,0.05,2,0,1.41,0.062214986968715254,0.23415528489913648,0.5092135071754456
E2b_h0.003_e0.05_L2_alibi_learn_attn_s1,0.003,0.05,2,0,2.0,0.08840539710909544,0.19767436794308474,0.550432026386261
E2b_h0.003_e0.05_L2_alibi_learn_attn_s1,0.003,0.05,2,0,4.0,0.1626838441793458,0.12266825685988056,0.7615799307823181
E2b_h0.003_e0.05_L2_alibi_learn_attn_s2,0.003,0.05,2,0,0.25,0.00010000000000000009,0.28814284811894797,0.5401511192321777
E2b_h0.003_e0.05_L2_alibi_learn_attn_s2,0.003,0.05,2,0,0.5,0.007241675008314398,0.30195567569625853,0.5099597573280334
E2b_h0.003_e0.05_L2_alibi_learn_attn_s2,0.003,0.05,2,0,0.71,0.018641530607112943,0.2538629477924668,0.5017805695533752
E2b_h0.003_e0.05_L2_alibi_learn_attn_s2,0.003,0.05,2,0,1.0,0.045989885326285465,0.22650806915411176,0.49941250681877136
E2b_h0.003_e0.05_L2_alibi_learn_attn_s2,0.003,0.05,2,0,1.41,0.06906330707599986,0.20315893689744569,0.5028521418571472
E2b_h0.003_e0.05_L2_alibi_learn_attn_s2,0.003,0.05,2,0,2.0,0.09778220468798303,0.1676131859423848,0.5442594289779663
E2b_h0.003_e0.05_L2_alibi_learn_attn_s2,0.003,0.05,2,0,4.0,0.1758827097022106,0.09787301819460453,0.7819967269897461
E2b_h0.003_e0.1_L2_alibi_learn_attn_s0,0.003,0.1,2,0,0.25,7.726764124424719e-05,0.2571305360132514,0.6715548634529114
E2b_h0.003_e0.1_L2_alibi_learn_attn_s0,0.003,0.1,2,0,0.5,0.00010000000000000009,0.28814284811894797,0.647124171257019
E2b_h0.003_e0.1_L2_alibi_learn_attn_s0,0.003,0.1,2,0,0.71,0.010022717232734494,0.29022884839465185,0.6398605108261108
E2b_h0.003_e0.1_L2_alibi_learn_attn_s0,0.003,0.1,2,0,1.0,0.024039769061344543,0.24536177549374286,0.6378045082092285
E2b_h0.003_e0.1_L2_alibi_learn_attn_s0,0.003,0.1,2,0,1.41,0.05415834516844958,0.2354760274504209,0.6439445614814758
E2b_h0.003_e0.1_L2_alibi_learn_attn_s0,0.003,0.1,2,0,2.0,0.08130808204486485,0.21002344232378872,0.6838676929473877
E2b_h0.003_e0.1_L2_alibi_learn_attn_s0,0.003,0.1,2,0,4.0,0.14965036914954177,0.1308080966886176,0.9236911535263062
E2b_h0.003_e0.1_L2_alibi_learn_attn_s1,0.003,0.1,2,0,0.25,0.00010000000000000009,0.3439304197534411,0.6713165044784546
E2b_h0.003_e0.1_L2_alibi_learn_attn_s1,0.003,0.1,2,0,0.5,0.00010000000000000009,0.28814284811894797,0.6479923129081726
E2b_h0.003_e0.1_L2_alibi_learn_attn_s1,0.003,0.1,2,0,0.71,0.011439944977186896,0.3145549095078418,0.6391443610191345
E2b_h0.003_e0.1_L2_alibi_learn_attn_s1,0.003,0.1,2,0,1.0,0.024449128923651173,0.2697701612122188,0.6368955373764038
E2b_h0.003_e0.1_L2_alibi_learn_attn_s1,0.003,0.1,2,0,1.41,0.05198258636885266,0.26063796687026963,0.643950879573822
E2b_h0.003_e0.1_L2_alibi_learn_attn_s1,0.003,0.1,2,0,2.0,0.07885233351693663,0.23945566150088446,0.6916220188140869
E2b_h0.003_e0.1_L2_alibi_learn_attn_s1,0.003,0.1,2,0,4.0,0.14327143612736523,0.1528253346003795,0.9496806263923645
E2b_h0.003_e0.1_L2_alibi_learn_attn_s2,0.003,0.1,2,0,0.25,0.00010000000000000009,0.28814284811894797,0.6772903203964233
E2b_h0.003_e0.1_L2_alibi_learn_attn_s2,0.003,0.1,2,0,0.5,0.0004306348207759857,0.28814284811894797,0.648101270198822
E2b_h0.003_e0.1_L2_alibi_learn_attn_s2,0.003,0.1,2,0,0.71,0.012025554041793068,0.30306034518113795,0.6400976777076721
E2b_h0.003_e0.1_L2_alibi_learn_attn_s2,0.003,0.1,2,0,1.0,0.025880060839352632,0.2526710020346115,0.6379029750823975
E2b_h0.003_e0.1_L2_alibi_learn_attn_s2,0.003,0.1,2,0,1.41,0.05440415716684733,0.24307723337836,0.6438323259353638
E2b_h0.003_e0.1_L2_alibi_learn_attn_s2,0.003,0.1,2,0,2.0,0.08067352921658863,0.21634071323639667,0.6853867173194885
E2b_h0.003_e0.1_L2_alibi_learn_attn_s2,0.003,0.1,2,0,4.0,0.1491773102886417,0.1368046482978193,0.9663202166557312
E2b_h0.003_e0.2_L2_alibi_learn_attn_s0,0.003,0.2,2,0,0.25,,,0.8561941981315613
E2b_h0.003_e0.2_L2_alibi_learn_attn_s0,0.003,0.2,2,0,0.5,0.00010000000000000009,0.28814284811894797,0.8286336660385132
E2b_h0.003_e0.2_L2_alibi_learn_attn_s0,0.003,0.2,2,0,0.71,0.0045472303047931735,0.30638134231229347,0.8212183117866516
E2b_h0.003_e0.2_L2_alibi_learn_attn_s0,0.003,0.2,2,0,1.0,0.014314707805189942,0.33505211537675095,0.8195962905883789
E2b_h0.003_e0.2_L2_alibi_learn_attn_s0,0.003,0.2,2,0,1.41,0.032744719139155706,0.3218981085349053,0.8275057673454285
E2b_h0.003_e0.2_L2_alibi_learn_attn_s0,0.003,0.2,2,0,2.0,0.05813349449543417,0.33036062721017184,0.8783699870109558
E2b_h0.003_e0.2_L2_alibi_learn_attn_s0,0.003,0.2,2,0,4.0,0.12042362155968289,0.25822668932326454,1.2056289911270142
E2b_h0.003_e0.2_L2_alibi_learn_attn_s1,0.003,0.2,2,0,0.25,,,0.8678758144378662
E2b_h0.003_e0.2_L2_alibi_learn_attn_s1,0.003,0.2,2,0,0.5,0.0037898702977472525,0.3467617302623787,0.8289242386817932
E2b_h0.003_e0.2_L2_alibi_learn_attn_s1,0.003,0.2,2,0,0.71,0.0002476601432060918,0.26855703014876453,0.8208916783332825
E2b_h0.003_e0.2_L2_alibi_learn_attn_s1,0.003,0.2,2,0,1.0,0.012215258494403913,0.32532850874821545,0.8192648887634277
E2b_h0.003_e0.2_L2_alibi_learn_attn_s1,0.003,0.2,2,0,1.41,0.0312782182542565,0.29720329878917295,0.8310272693634033
E2b_h0.003_e0.2_L2_alibi_learn_attn_s1,0.003,0.2,2,0,2.0,0.058336801668442524,0.29384879426990046,0.8898792862892151
E2b_h0.003_e0.2_L2_alibi_learn_attn_s1,0.003,0.2,2,0,4.0,0.12722534478711145,0.21680761117138192,1.217856526374817
E2b_h0.003_e0.2_L2_alibi_learn_attn_s2,0.003,0.2,2,0,0.25,,,0.8549290299415588
E2b_h0.003_e0.2_L2_alibi_learn_attn_s2,0.003,0.2,2,0,0.5,0.00015820215897452904,0.31574417116669956,0.8281110525131226
E2b_h0.003_e0.2_L2_alibi_learn_attn_s2,0.003,0.2,2,0,0.71,0.00010000000000000009,0.24140435435056756,0.8223294615745544
E2b_h0.003_e0.2_L2_alibi_learn_attn_s2,0.003,0.2,2,0,1.0,0.013911521700265548,0.33841395911006267,0.8201723694801331
E2b_h0.003_e0.2_L2_alibi_learn_attn_s2,0.003,0.2,2,0,1.41,0.03199800875990351,0.3231344440189671,0.8262020349502563
E2b_h0.003_e0.2_L2_alibi_learn_attn_s2,0.003,0.2,2,0,2.0,0.05917692365548558,0.3348655473003079,0.8799147605895996
E2b_h0.003_e0.2_L2_alibi_learn_attn_s2,0.003,0.2,2,0,4.0,0.12208283010864916,0.25996921597627987,1.2011408805847168
E2b_h0.003_e0.3_L2_alibi_learn_attn_s0,0.003,0.3,2,0,0.25,,,0.96635901927948
E2b_h0.003_e0.3_L2_alibi_learn_attn_s0,0.003,0.3,2,0,0.5,,,0.9402915239334106
E2b_h0.003_e0.3_L2_alibi_learn_attn_s0,0.003,0.3,2,0,0.71,0.004244128354299282,0.324312457564604,0.9353510141372681
E2b_h0.003_e0.3_L2_alibi_learn_attn_s0,0.003,0.3,2,0,1.0,0.011952078822307692,0.3351255222769998,0.934814989566803
E2b_h0.003_e0.3_L2_alibi_learn_attn_s0,0.003,0.3,2,0,1.41,0.024444991595119186,0.33066153115295704,0.9414912462234497
E2b_h0.003_e0.3_L2_alibi_learn_attn_s0,0.003,0.3,2,0,2.0,0.050364404815636726,0.33453975018228194,0.9875717163085938
E2b_h0.003_e0.3_L2_alibi_learn_attn_s0,0.003,0.3,2,0,4.0,0.11221601229351244,0.2941302484685153,1.2955336570739746
E2b_h0.003_e0.3_L2_alibi_learn_attn_s1,0.003,0.3,2,0,0.25,,,0.9633190035820007
E2b_h0.003_e0.3_L2_alibi_learn_attn_s1,0.003,0.3,2,0,0.5,,,0.9398917555809021
E2b_h0.003_e0.3_L2_alibi_learn_attn_s1,0.003,0.3,2,0,0.71,0.0034501512118910523,0.3056490057445909,0.9360989928245544
E2b_h0.003_e0.3_L2_alibi_learn_attn_s1,0.003,0.3,2,0,1.0,0.010714310194301134,0.3289658396052161,0.9352415204048157
E2b_h0.003_e0.3_L2_alibi_learn_attn_s1,0.003,0.3,2,0,1.41,0.02569422365816586,0.3159632725464237,0.9410755634307861
E2b_h0.003_e0.3_L2_alibi_learn_attn_s1,0.003,0.3,2,0,2.0,0.05395976057469773,0.32022445268118177,0.9868263602256775
E2b_h0.003_e0.3_L2_alibi_learn_attn_s1,0.003,0.3,2,0,4.0,0.11504180532380556,0.266985959708974,1.2863363027572632
E2b_h0.003_e0.3_L2_alibi_learn_attn_s2,0.003,0.3,2,0,0.25,,,0.9656153321266174
E2b_h0.003_e0.3_L2_alibi_learn_attn_s2,0.003,0.3,2,0,0.5,,,0.9416732788085938
E2b_h0.003_e0.3_L2_alibi_learn_attn_s2,0.003,0.3,2,0,0.71,0.0039934258111333255,0.3139988171202514,0.9368755221366882
E2b_h0.003_e0.3_L2_alibi_learn_attn_s2,0.003,0.3,2,0,1.0,0.013927280192511382,0.32901295363010635,0.9358077049255371
E2b_h0.003_e0.3_L2_alibi_learn_attn_s2,0.003,0.3,2,0,1.41,0.025165041429468817,0.33097436699418215,0.9417765140533447
E2b_h0.003_e0.3_L2_alibi_learn_attn_s2,0.003,0.3,2,0,2.0,0.047427089269910426,0.34406944709053106,0.9843376278877258
E2b_h0.003_e0.3_L2_alibi_learn_attn_s2,0.003,0.3,2,0,4.0,0.10695907698951888,0.3207083921806764,1.291054129600525
E2b_h0.01_e0.05_L2_alibi_learn_attn_s0,0.01,0.05,2,0,0.25,0.011885149706607478,0.26674540086105447,1.0095727443695068
E2b_h0.01_e0.05_L2_alibi_learn_attn_s0,0.01,0.05,2,0,0.5,0.03232649056708941,0.20193145071638793,0.9616602063179016
E2b_h0.01_e0.05_L2_alibi_learn_attn_s0,0.01,0.05,2,0,0.71,0.049595812525239286,0.18095323487535717,0.9454261064529419
E2b_h0.01_e0.05_L2_alibi_learn_attn_s0,0.01,0.05,2,0,1.0,0.07227814644566961,0.1583458885328383,0.9411301612854004
E2b_h0.01_e0.05_L2_alibi_learn_attn_s0,0.01,0.05,2,0,1.41,0.10035258126018612,0.1305546111405231,0.9481527805328369
E2b_h0.01_e0.05_L2_alibi_learn_attn_s0,0.01,0.05,2,0,2.0,0.14133904133244726,0.10331935214766577,0.9877477288246155
E2b_h0.01_e0.05_L2_alibi_learn_attn_s0,0.01,0.05,2,0,4.0,0.24977775468471008,0.056781393239651756,1.2152725458145142
E2b_h0.01_e0.05_L2_alibi_learn_attn_s1,0.01,0.05,2,0,0.25,0.013931502359650884,0.09554502460260748,1.0073689222335815
E2b_h0.01_e0.05_L2_alibi_learn_attn_s1,0.01,0.05,2,0,0.5,0.03432174288564449,0.1883211729722835,0.9563418626785278
E2b_h0.01_e0.05_L2_alibi_learn_attn_s1,0.01,0.05,2,0,0.71,0.04906803427499405,0.18567053988093096,0.9472468495368958
E2b_h0.01_e0.05_L2_alibi_learn_attn_s1,0.01,0.05,2,0,1.0,0.07219210513871414,0.1700491367051787,0.9444239735603333
E2b_h0.01_e0.05_L2_alibi_learn_attn_s1,0.01,0.05,2,0,1.41,0.1006569112652164,0.14734530589553774,0.9473740458488464
E2b_h0.01_e0.05_L2_alibi_learn_attn_s1,0.01,0.05,2,0,2.0,0.143522609834883,0.12476709856592873,0.9584324955940247
E2b_h0.01_e0.05_L2_alibi_learn_attn_s1,0.01,0.05,2,0,4.0,0.2501861788509049,0.07516581542684178,1.0346977710723877
E2b_h0.01_e0.05_L2_alibi_learn_attn_s2,0.01,0.05,2,0,0.25,0.008940686797857528,0.2753031865033152,1.0354615449905396
E2b_h0.01_e0.05_L2_alibi_learn_attn_s2,0.01,0.05,2,0,0.5,0.029475034979308888,0.19665740201448415,0.9595273733139038
E2b_h0.01_e0.05_L2_alibi_learn_attn_s2,0.01,0.05,2,0,0.71,0.048656333040973304,0.17305461495505095,0.9436436295509338
E2b_h0.01_e0.05_L2_alibi_learn_attn_s2,0.01,0.05,2,0,1.0,0.06980234492776088,0.14603489364956557,0.9398672580718994
E2b_h0.01_e0.05_L2_alibi_learn_attn_s2,0.01,0.05,2,0,1.41,0.09948839541950884,0.11888928079201971,0.9453954100608826
E2b_h0.01_e0.05_L2_alibi_learn_attn_s2,0.01,0.05,2,0,2.0,0.1432567229371524,0.09345565866799102,0.9781708121299744
E2b_h0.01_e0.05_L2_alibi_learn_attn_s2,0.01,0.05,2,0,4.0,0.24881054024575175,0.0489959706381892,1.2513407468795776
E2b_h0.01_e0.2_L2_alibi_learn_attn_s0,0.01,0.2,2,0,0.25,0.0015400181601440339,0.34241749825381407,1.3558388948440552
E2b_h0.01_e0.2_L2_alibi_learn_attn_s0,0.01,0.2,2,0,0.5,0.01098307281295392,0.3348572098950065,1.2653847932815552
E2b_h0.01_e0.2_L2_alibi_learn_attn_s0,0.01,0.2,2,0,0.71,0.021280120866334216,0.297292906688683,1.250726580619812
E2b_h0.01_e0.2_L2_alibi_learn_attn_s0,0.01,0.2,2,0,1.0,0.0480928559813061,0.28209736220271797,1.2474619150161743
E2b_h0.01_e0.2_L2_alibi_learn_attn_s0,0.01,0.2,2,0,1.41,0.07204981850448784,0.26484198930891084,1.2572447061538696
E2b_h0.01_e0.2_L2_alibi_learn_attn_s0,0.01,0.2,2,0,2.0,0.10540612613792237,0.23004356654373917,1.3058750629425049
E2b_h0.01_e0.2_L2_alibi_learn_attn_s0,0.01,0.2,2,0,4.0,0.17498242392794677,0.1266583931831207,1.599699854850769
E2b_h0.01_e0.2_L2_alibi_learn_attn_s1,0.01,0.2,2,0,0.25,0.03807092574688154,0.16856097699633243,1.3020564317703247
E2b_h0.01_e0.2_L2_alibi_learn_attn_s1,0.01,0.2,2,0,0.5,0.016294597946003644,0.3367022498562956,1.2636574506759644
E2b_h0.01_e0.2_L2_alibi_learn_attn_s1,0.01,0.2,2,0,0.71,0.030905929043838806,0.34673375868971645,1.254988670349121
E2b_h0.01_e0.2_L2_alibi_learn_attn_s1,0.01,0.2,2,0,1.0,0.048674450540193655,0.3433055214676837,1.2520838975906372
E2b_h0.01_e0.2_L2_alibi_learn_attn_s1,0.01,0.2,2,0,1.41,0.06967141569761984,0.3246472492888321,1.257972002029419
E2b_h0.01_e0.2_L2_alibi_learn_attn_s1,0.01,0.2,2,0,2.0,0.09896414858891495,0.28461769798644837,1.2799856662750244
E2b_h0.01_e0.2_L2_alibi_learn_attn_s1,0.01,0.2,2,0,4.0,0.1667484282694456,0.17852782167056233,1.4192992448806763
E2b_h0.01_e0.2_L2_alibi_learn_attn_s2,0.01,0.2,2,0,0.25,0.0035529755825337004,0.353387331545966,1.3430733680725098
E2b_h0.01_e0.2_L2_alibi_learn_attn_s2,0.01,0.2,2,0,0.5,0.01039690390022127,0.3420230221520327,1.2642977237701416
E2b_h0.01_e0.2_L2_alibi_learn_attn_s2,0.01,0.2,2,0,0.71,0.02059823804014744,0.30262253920007715,1.2505578994750977
E2b_h0.01_e0.2_L2_alibi_learn_attn_s2,0.01,0.2,2,0,1.0,0.04606421340604657,0.2835877602369425,1.2478264570236206
E2b_h0.01_e0.2_L2_alibi_learn_attn_s2,0.01,0.2,2,0,1.41,0.0686202555268357,0.2671843962028882,1.2551171779632568
E2b_h0.01_e0.2_L2_alibi_learn_attn_s2,0.01,0.2,2,0,2.0,0.10169683475640187,0.23276057273981243,1.2959096431732178
E2b_h0.01_e0.2_L2_alibi_learn_attn_s2,0.01,0.2,2,0,4.0,0.16614831440799013,0.1269068651633026,1.6266437768936157
E2b_h0.01_e0.3_L2_alibi_learn_attn_s0,0.01,0.3,2,0,0.25,,,1.4518122673034668
E2b_h0.01_e0.3_L2_alibi_learn_attn_s0,0.01,0.3,2,0,0.5,0.008747937504009354,0.33686834228578966,1.3700584173202515
E2b_h0.01_e0.3_L2_alibi_learn_attn_s0,0.01,0.3,2,0,0.71,0.014961134160843213,0.3379450440181029,1.3569891452789307
E2b_h0.01_e0.3_L2_alibi_learn_attn_s0,0.01,0.3,2,0,1.0,0.029648429070842076,0.28755499290722414,1.3540544509887695
E2b_h0.01_e0.3_L2_alibi_learn_attn_s0,0.01,0.3,2,0,1.41,0.05727603777071851,0.28933207233572955,1.3600502014160156
E2b_h0.01_e0.3_L2_alibi_learn_attn_s0,0.01,0.3,2,0,2.0,0.09069758981204613,0.2674986088810138,1.3921605348587036
E2b_h0.01_e0.3_L2_alibi_learn_attn_s0,0.01,0.3,2,0,4.0,0.15867698063698604,0.16288979680758228,1.656419277191162
E2b_h0.01_e0.3_L2_alibi_learn_attn_s1,0.01,0.3,2,0,0.25,0.027808235227931702,0.14606019380301008,1.4227663278579712
E2b_h0.01_e0.3_L2_alibi_learn_attn_s1,0.01,0.3,2,0,0.5,0.02988032254984899,0.18236573903700784,1.3698128461837769
E2b_h0.01_e0.3_L2_alibi_learn_attn_s1,0.01,0.3,2,0,0.71,0.028019725090328483,0.20863990328474127,1.3602098226547241
E2b_h0.01_e0.3_L2_alibi_learn_attn_s1,0.01,0.3,2,0,1.0,0.02662228701338507,0.45119295559966416,1.357795000076294
E2b_h0.01_e0.3_L2_alibi_learn_attn_s1,0.01,0.3,2,0,1.41,0.03497915533941228,0.4299514972300405,1.3624647855758667
E2b_h0.01_e0.3_L2_alibi_learn_attn_s1,0.01,0.3,2,0,2.0,0.07006335916659681,0.4509981175156315,1.3822954893112183
E2b_h0.01_e0.3_L2_alibi_learn_attn_s1,0.01,0.3,2,0,4.0,0.14716660813119556,0.44073182658500154,1.5247972011566162
E2b_h0.01_e0.3_L2_alibi_learn_attn_s2,0.01,0.3,2,0,0.25,0.00996205425055876,0.3423081656374363,1.4479234218597412
E2b_h0.01_e0.3_L2_alibi_learn_attn_s2,0.01,0.3,2,0,0.5,0.007908478546469422,0.3345416509715168,1.365684986114502
E2b_h0.01_e0.3_L2_alibi_learn_attn_s2,0.01,0.3,2,0,0.71,0.015104224434319621,0.3332045226995218,1.355581283569336
E2b_h0.01_e0.3_L2_alibi_learn_attn_s2,0.01,0.3,2,0,1.0,0.02680578120717553,0.2869794175836923,1.3525127172470093
E2b_h0.01_e0.3_L2_alibi_learn_attn_s2,0.01,0.3,2,0,1.41,0.05605644939144015,0.2970998804453096,1.35721755027771
E2b_h0.01_e0.3_L2_alibi_learn_attn_s2,0.01,0.3,2,0,2.0,0.09195392602463318,0.2862277873672054,1.3837324380874634
E2b_h0.01_e0.3_L2_alibi_learn_attn_s2,0.01,0.3,2,0,4.0,0.16271827814901757,0.18046392953832016,1.647513508796692
E2b_h0.03_e0.05_L2_alibi_learn_attn_s0,0.03,0.05,2,0,0.25,0.05191988037860748,0.24019402368810647,1.7871681451797485
E2b_h0.03_e0.05_L2_alibi_learn_attn_s0,0.03,0.05,2,0,0.5,0.07887098248655099,0.17336766407217233,1.6894617080688477
E2b_h0.03_e0.05_L2_alibi_learn_attn_s0,0.03,0.05,2,0,0.71,0.09426409786519352,0.13098354138148519,1.663991928100586
E2b_h0.03_e0.05_L2_alibi_learn_attn_s0,0.03,0.05,2,0,1.0,0.12416044812240973,0.09872883533326841,1.6538499593734741
E2b_h0.03_e0.05_L2_alibi_learn_attn_s0,0.03,0.05,2,0,1.41,0.1613047640697131,0.0688379337130878,1.6680434942245483
E2b_h0.03_e0.05_L2_alibi_learn_attn_s0,0.03,0.05,2,0,2.0,0.222047056063043,0.04841659326815793,1.7153583765029907
E2b_h0.03_e0.05_L2_alibi_learn_attn_s0,0.03,0.05,2,0,4.0,0.4122580545464406,0.045684213991668825,1.913394808769226
E2b_h0.03_e0.05_L2_alibi_learn_attn_s1,0.03,0.05,2,0,0.25,0.06753423557843453,0.2754790800990134,1.7686526775360107
E2b_h0.03_e0.05_L2_alibi_learn_attn_s1,0.03,0.05,2,0,0.5,0.0976301164515144,0.21648731855731543,1.6889256238937378
E2b_h0.03_e0.05_L2_alibi_learn_attn_s1,0.03,0.05,2,0,0.71,0.11825851839982206,0.17756014229276285,1.665484070777893
E2b_h0.03_e0.05_L2_alibi_learn_attn_s1,0.03,0.05,2,0,1.0,0.14723156221369937,0.13979016683524453,1.6569877862930298
E2b_h0.03_e0.05_L2_alibi_learn_attn_s1,0.03,0.05,2,0,1.41,0.18145182342231814,0.09878747463529296,1.670641303062439
E2b_h0.03_e0.05_L2_alibi_learn_attn_s1,0.03,0.05,2,0,2.0,0.23464904107854992,0.06825377174102876,1.719104528427124
E2b_h0.03_e0.05_L2_alibi_learn_attn_s1,0.03,0.05,2,0,4.0,0.3887970347608836,0.045064534243607055,1.9454588890075684
E2b_h0.03_e0.05_L2_alibi_learn_attn_s2,0.03,0.05,2,0,0.25,0.05182560783439207,0.22521980497554409,1.789310097694397
E2b_h0.03_e0.05_L2_alibi_learn_attn_s2,0.03,0.05,2,0,0.5,0.07756294042765348,0.17150098057917296,1.6922603845596313
E2b_h0.03_e0.05_L2_alibi_learn_attn_s2,0.03,0.05,2,0,0.71,0.0950258138418292,0.1360210834556748,1.6644480228424072
E2b_h0.03_e0.05_L2_alibi_learn_attn_s2,0.03,0.05,2,0,1.0,0.12546079233064666,0.10550952420859966,1.6545822620391846
E2b_h0.03_e0.05_L2_alibi_learn_attn_s2,0.03,0.05,2,0,1.41,0.16248251947837994,0.07551729222229418,1.6694475412368774
E2b_h0.03_e0.05_L2_alibi_learn_attn_s2,0.03,0.05,2,0,2.0,0.2272091622974658,0.05760805443592209,1.7212191820144653
E2b_h0.03_e0.05_L2_alibi_learn_attn_s2,0.03,0.05,2,0,4.0,0.40933066369410204,0.04642703053494188,1.9418765306472778
E2b_h0.03_e0.1_L2_alibi_learn_attn_s0,0.03,0.1,2,0,0.25,0.055165530346607615,0.3513149405407589,1.9097787141799927
E2b_h0.03_e0.1_L2_alibi_learn_attn_s0,0.03,0.1,2,0,0.5,0.07449294569092484,0.2636514379384407,1.8083975315093994
E2b_h0.03_e0.1_L2_alibi_learn_attn_s0,0.03,0.1,2,0,0.71,0.08858709338434405,0.2016663256307279,1.781324028968811
E2b_h0.03_e0.1_L2_alibi_learn_attn_s0,0.03,0.1,2,0,1.0,0.11135251161082582,0.15324511472334842,1.77035391330719
E2b_h0.03_e0.1_L2_alibi_learn_attn_s0,0.03,0.1,2,0,1.41,0.14555110811323854,0.1152343444139579,1.7858402729034424
E2b_h0.03_e0.1_L2_alibi_learn_attn_s0,0.03,0.1,2,0,2.0,0.185008357360044,0.08157961919361224,1.848559021949768
E2b_h0.03_e0.1_L2_alibi_learn_attn_s0,0.03,0.1,2,0,4.0,0.3209849717237331,0.048001619152145805,2.129263162612915
E2b_h0.03_e0.1_L2_alibi_learn_attn_s1,0.03,0.1,2,0,0.25,0.057288667807683796,0.3068216955054045,1.8764212131500244
E2b_h0.03_e0.1_L2_alibi_learn_attn_s1,0.03,0.1,2,0,0.5,0.08872055354612066,0.2645775350471638,1.8056018352508545
E2b_h0.03_e0.1_L2_alibi_learn_attn_s1,0.03,0.1,2,0,0.71,0.10885918062529161,0.22707051235754588,1.7837201356887817
E2b_h0.03_e0.1_L2_alibi_learn_attn_s1,0.03,0.1,2,0,1.0,0.13666057250996552,0.18922056881923333,1.77577543258667
E2b_h0.03_e0.1_L2_alibi_learn_attn_s1,0.03,0.1,2,0,1.41,0.1676733455185292,0.1477261664455605,1.7882434129714966
E2b_h0.03_e0.1_L2_alibi_learn_attn_s1,0.03,0.1,2,0,2.0,0.21427400081553657,0.11308061477148931,1.8347076177597046
E2b_h0.03_e0.1_L2_alibi_learn_attn_s1,0.03,0.1,2,0,4.0,0.3319363092379141,0.0671283194014263,2.0514416694641113
E2b_h0.03_e0.1_L2_alibi_learn_attn_s2,0.03,0.1,2,0,0.25,0.05861682659946409,0.35222310948346963,1.8677278757095337
E2b_h0.03_e0.1_L2_alibi_learn_attn_s2,0.03,0.1,2,0,0.5,0.08567381996125022,0.3072190808574076,1.8029106855392456
E2b_h0.03_e0.1_L2_alibi_learn_attn_s2,0.03,0.1,2,0,0.71,0.09626426696958654,0.237248158911958,1.7817240953445435
E2b_h0.03_e0.1_L2_alibi_learn_attn_s2,0.03,0.1,2,0,1.0,0.11533283634184016,0.1785365282332871,1.7736051082611084
E2b_h0.03_e0.1_L2_alibi_learn_attn_s2,0.03,0.1,2,0,1.41,0.14230752533371338,0.12523156126481882,1.7847273349761963
E2b_h0.03_e0.1_L2_alibi_learn_attn_s2,0.03,0.1,2,0,2.0,0.18850573072025245,0.08239007473307446,1.8320989608764648
E2b_h0.03_e0.1_L2_alibi_learn_attn_s2,0.03,0.1,2,0,4.0,0.3600330203936133,0.04800277672931303,2.0497324466705322
E2b_h0.03_e0.3_L2_alibi_learn_attn_s0,0.03,0.3,2,0,0.25,0.015745797371643083,0.3309486536549971,2.166958808898926
E2b_h0.03_e0.3_L2_alibi_learn_attn_s0,0.03,0.3,2,0,0.5,0.04796507914306356,0.31606708726833826,2.0550382137298584
E2b_h0.03_e0.3_L2_alibi_learn_attn_s0,0.03,0.3,2,0,0.71,0.06725977079950676,0.2978766763300123,2.028064012527466
E2b_h0.03_e0.3_L2_alibi_learn_attn_s0,0.03,0.3,2,0,1.0,0.09689167097808284,0.2752362237098249,2.0184342861175537
E2b_h0.03_e0.3_L2_alibi_learn_attn_s0,0.03,0.3,2,0,1.41,0.13469659192329056,0.23894404509121547,2.028433084487915
E2b_h0.03_e0.3_L2_alibi_learn_attn_s0,0.03,0.3,2,0,2.0,0.17660582194483584,0.18823346859827697,2.0794832706451416
E2b_h0.03_e0.3_L2_alibi_learn_attn_s0,0.03,0.3,2,0,4.0,0.27705334762896316,0.1041092313848832,2.4052162170410156
E2b_h0.03_e0.3_L2_alibi_learn_attn_s1,0.03,0.3,2,0,0.25,0.026617616387438738,0.3715269924712933,2.1022069454193115
E2b_h0.03_e0.3_L2_alibi_learn_attn_s1,0.03,0.3,2,0,0.5,0.0566642812390147,0.3974928218562152,2.042919397354126
E2b_h0.03_e0.3_L2_alibi_learn_attn_s1,0.03,0.3,2,0,0.71,0.07903150550126554,0.4051868726351067,2.025974988937378
E2b_h0.03_e0.3_L2_alibi_learn_attn_s1,0.03,0.3,2,0,1.0,0.1108598372745481,0.37839284770804266,2.0198206901550293
E2b_h0.03_e0.3_L2_alibi_learn_attn_s1,0.03,0.3,2,0,1.41,0.14604338873728892,0.31402625000233825,2.0313963890075684
E2b_h0.03_e0.3_L2_alibi_learn_attn_s1,0.03,0.3,2,0,2.0,0.1764016639441731,0.2304544963374041,2.070399045944214
E2b_h0.03_e0.3_L2_alibi_learn_attn_s1,0.03,0.3,2,0,4.0,0.26947519167747147,0.12290656820473479,2.2667312622070312
E2b_h0.03_e0.3_L2_alibi_learn_attn_s2,0.03,0.3,2,0,0.25,0.017296600871455427,0.3504926286381302,2.135706901550293
E2b_h0.03_e0.3_L2_alibi_learn_attn_s2,0.03,0.3,2,0,0.5,0.05265465514830238,0.3524702795145841,2.049896240234375
E2b_h0.03_e0.3_L2_alibi_learn_attn_s2,0.03,0.3,2,0,0.71,0.0747869370011891,0.34238924733100484,2.0270256996154785
E2b_h0.03_e0.3_L2_alibi_learn_attn_s2,0.03,0.3,2,0,1.0,0.10654700879261492,0.31800520948160677,2.018577814102173
E2b_h0.03_e0.3_L2_alibi_learn_attn_s2,0.03,0.3,2,0,1.41,0.1451564576707237,0.2720825792897879,2.027324914932251
E2b_h0.03_e0.3_L2_alibi_learn_attn_s2,0.03,0.3,2,0,2.0,0.18110416607780574,0.20770628153073342,2.062140464782715
E2b_h0.03_e0.3_L2_alibi_learn_attn_s2,0.03,0.3,2,0,4.0,0.28784897172926727,0.11728390249442164,2.3146345615386963
E2c_h0.01_e0.1_L2_alibi_learn_attn_cf0.2_s0,0.01,0.1,2,0,0.25,0.03604600526421697,0.1436285124274107,1.1762206554412842
E2c_h0.01_e0.1_L2_alibi_learn_attn_cf0.2_s0,0.01,0.1,2,0,0.5,0.033296251677699236,0.14033796852148417,1.1195828914642334
E2c_h0.01_e0.1_L2_alibi_learn_attn_cf0.2_s0,0.01,0.1,2,0,0.71,0.034682410681903475,0.14750528222006226,1.1041374206542969
E2c_h0.01_e0.1_L2_alibi_learn_attn_cf0.2_s0,0.01,0.1,2,0,1.0,0.03891661479586697,0.1558865679314652,1.098114013671875
E2c_h0.01_e0.1_L2_alibi_learn_attn_cf0.2_s0,0.01,0.1,2,0,1.41,0.046416333925169855,0.1598544447478085,1.103606939315796
E2c_h0.01_e0.1_L2_alibi_learn_attn_cf0.2_s0,0.01,0.1,2,0,2.0,0.061899703444645515,0.16238357385299074,1.1242228746414185
E2c_h0.01_e0.1_L2_alibi_learn_attn_cf0.2_s0,0.01,0.1,2,0,4.0,0.11723845571348908,0.15832402420175115,1.2246488332748413
E2c_h0.01_e0.1_L2_alibi_learn_attn_cf0.2_s1,0.01,0.1,2,0,0.25,0.03400481525423996,0.13303435311287898,1.1753653287887573
E2c_h0.01_e0.1_L2_alibi_learn_attn_cf0.2_s1,0.01,0.1,2,0,0.5,0.03340008786888072,0.13121449863309648,1.1184983253479004
E2c_h0.01_e0.1_L2_alibi_learn_attn_cf0.2_s1,0.01,0.1,2,0,0.71,0.03533384474618851,0.13676430272430345,1.1033024787902832
E2c_h0.01_e0.1_L2_alibi_learn_attn_cf0.2_s1,0.01,0.1,2,0,1.0,0.03996081594052312,0.14362628475854072,1.0972305536270142
E2c_h0.01_e0.1_L2_alibi_learn_attn_cf0.2_s1,0.01,0.1,2,0,1.41,0.04757038904094544,0.14698448930796965,1.1026742458343506
E2c_h0.01_e0.1_L2_alibi_learn_attn_cf0.2_s1,0.01,0.1,2,0,2.0,0.06296446824765074,0.14839747559096747,1.1227079629898071
E2c_h0.01_e0.1_L2_alibi_learn_attn_cf0.2_s1,0.01,0.1,2,0,4.0,0.11792014628507241,0.14214016305457208,1.221075177192688
E2c_h0.01_e0.1_L2_alibi_learn_attn_cf0.2_s2,0.01,0.1,2,0,0.25,0.03369871777320909,0.1384964686891029,1.1801902055740356
E2c_h0.01_e0.1_L2_alibi_learn_attn_cf0.2_s2,0.01,0.1,2,0,0.5,0.03356941864479488,0.13447658151996467,1.1222963333129883
E2c_h0.01_e0.1_L2_alibi_learn_attn_cf0.2_s2,0.01,0.1,2,0,0.71,0.035516031850148476,0.13940204503377773,1.1062573194503784
E2c_h0.01_e0.1_L2_alibi_learn_attn_cf0.2_s2,0.01,0.1,2,0,1.0,0.03999207613516496,0.14579384887727062,1.0991995334625244
E2c_h0.01_e0.1_L2_alibi_learn_attn_cf0.2_s2,0.01,0.1,2,0,1.41,0.04778424000581214,0.1494241826514931,1.104028582572937
E2c_h0.01_e0.1_L2_alibi_learn_attn_cf0.2_s2,0.01,0.1,2,0,2.0,0.0635152610906864,0.15234469685470514,1.12286376953125
E2c_h0.01_e0.1_L2_alibi_learn_attn_cf0.2_s2,0.01,0.1,2,0,4.0,0.11908972059829039,0.14694946049627086,1.2191566228866577
E2c_h0.01_e0.1_L3_alibi_learn_attn_cf0.2_s0,0.01,0.1,3,0,0.25,0.0020861629990550352,0.36469709052166244,1.1657384634017944
E2c_h0.01_e0.1_L3_alibi_learn_attn_cf0.2_s0,0.01,0.1,3,0,0.5,0.019371469113485133,0.16875266935397457,1.101151704788208
E2c_h0.01_e0.1_L3_alibi_learn_attn_cf0.2_s0,0.01,0.1,3,0,0.71,0.022292615746007372,0.1314908803727776,1.0828561782836914
E2c_h0.01_e0.1_L3_alibi_learn_attn_cf0.2_s0,0.01,0.1,3,0,1.0,0.027221360809129094,0.106374116318468,1.0762646198272705
E2c_h0.01_e0.1_L3_alibi_learn_attn_cf0.2_s0,0.01,0.1,3,0,1.41,0.03926866651152423,0.08720739920558387,1.0858922004699707
E2c_h0.01_e0.1_L3_alibi_learn_attn_cf0.2_s0,0.01,0.1,3,0,2.0,0.05843757539265144,0.06887163518329922,1.1203861236572266
E2c_h0.01_e0.1_L3_alibi_learn_attn_cf0.2_s0,0.01,0.1,3,0,4.0,0.149611413122031,0.041805729287548,1.3647406101226807
E2c_h0.01_e0.1_L3_alibi_learn_attn_cf0.2_s1,0.01,0.1,3,0,0.25,0.01417264867674247,0.23106987688753963,1.1697331666946411
E2c_h0.01_e0.1_L3_alibi_learn_attn_cf0.2_s1,0.01,0.1,3,0,0.5,0.01916402419620612,0.14653691162911872,1.103105068206787
E2c_h0.01_e0.1_L3_alibi_learn_attn_cf0.2_s1,0.01,0.1,3,0,0.71,0.02204410095381543,0.11787727721423875,1.0844905376434326
E2c_h0.01_e0.1_L3_alibi_learn_attn_cf0.2_s1,0.01,0.1,3,0,1.0,0.028008298653256037,0.09676721193316257,1.0784777402877808
E2c_h0.01_e0.1_L3_alibi_learn_attn_cf0.2_s1,0.01,0.1,3,0,1.41,0.040241572329848256,0.08143204426696961,1.0885413885116577
E2c_h0.01_e0.1_L3_alibi_learn_attn_cf0.2_s1,0.01,0.1,3,0,2.0,0.058194449228956106,0.06621224111399453,1.123897671699524
E2c_h0.01_e0.1_L3_alibi_learn_attn_cf0.2_s1,0.01,0.1,3,0,4.0,0.13993938634669342,0.04418162536542195,1.3647444248199463
E2c_h0.01_e0.1_L3_alibi_learn_attn_cf0.2_s2,0.01,0.1,3,0,0.25,0.013391092680106449,0.22338083130833894,1.1600244045257568
E2c_h0.01_e0.1_L3_alibi_learn_attn_cf0.2_s2,0.01,0.1,3,0,0.5,0.015322069234974412,0.1448421827175081,1.0996074676513672
E2c_h0.01_e0.1_L3_alibi_learn_attn_cf0.2_s2,0.01,0.1,3,0,0.71,0.01865383472024248,0.11578956753260201,1.0823819637298584
E2c_h0.01_e0.1_L3_alibi_learn_attn_cf0.2_s2,0.01,0.1,3,0,1.0,0.024877879189147117,0.09429529926241162,1.0761586427688599
E2c_h0.01_e0.1_L3_alibi_learn_attn_cf0.2_s2,0.01,0.1,3,0,1.41,0.039268846415177465,0.0776820850490958,1.0863004922866821
E2c_h0.01_e0.1_L3_alibi_learn_attn_cf0.2_s2,0.01,0.1,3,0,2.0,0.06231694995282291,0.060300104883041286,1.1216036081314087
E2c_h0.01_e0.1_L3_alibi_learn_attn_cf0.2_s2,0.01,0.1,3,0,4.0,0.167480118233829,0.03699459791911937,1.337449550628662
E2c_h0.03_e0.2_L2_alibi_learn_attn_cf0.2_s0,0.03,0.2,2,0,0.25,0.03355972567996763,0.3136690910265917,2.120476722717285
E2c_h0.03_e0.2_L2_alibi_learn_attn_cf0.2_s0,0.03,0.2,2,0,0.5,0.05181160216947558,0.3611551833384748,2.002119302749634
E2c_h0.03_e0.2_L2_alibi_learn_attn_cf0.2_s0,0.03,0.2,2,0,0.71,0.06927086633158393,0.3533807226729884,1.9655847549438477
E2c_h0.03_e0.2_L2_alibi_learn_attn_cf0.2_s0,0.03,0.2,2,0,1.0,0.09081686756081467,0.31690946874906745,1.9505248069763184
E2c_h0.03_e0.2_L2_alibi_learn_attn_cf0.2_s0,0.03,0.2,2,0,1.41,0.11346684858815057,0.2619574659672788,1.9627032279968262
E2c_h0.03_e0.2_L2_alibi_learn_attn_cf0.2_s0,0.03,0.2,2,0,2.0,0.1473972607316656,0.21740882036122325,2.0123791694641113
E2c_h0.03_e0.2_L2_alibi_learn_attn_cf0.2_s0,0.03,0.2,2,0,4.0,0.24791760876426022,0.1371394125219164,2.2328169345855713
E2c_h0.03_e0.2_L2_alibi_learn_attn_cf0.2_s1,0.03,0.2,2,0,0.25,0.03638568883617497,0.3132125441900112,2.122818946838379
E2c_h0.03_e0.2_L2_alibi_learn_attn_cf0.2_s1,0.03,0.2,2,0,0.5,0.05547733993623694,0.36556408127370704,2.001519203186035
E2c_h0.03_e0.2_L2_alibi_learn_attn_cf0.2_s1,0.03,0.2,2,0,0.71,0.07587372335521998,0.37195235412965216,1.9652047157287598
E2c_h0.03_e0.2_L2_alibi_learn_attn_cf0.2_s1,0.03,0.2,2,0,1.0,0.0959164881468953,0.3293041430263033,1.9514720439910889
E2c_h0.03_e0.2_L2_alibi_learn_attn_cf0.2_s1,0.03,0.2,2,0,1.41,0.11701334641543716,0.264172520428609,1.966847538948059
E2c_h0.03_e0.2_L2_alibi_learn_attn_cf0.2_s1,0.03,0.2,2,0,2.0,0.1516031853028727,0.21951522316352126,2.0200819969177246
E2c_h0.03_e0.2_L2_alibi_learn_attn_cf0.2_s1,0.03,0.2,2,0,4.0,0.2502674624131912,0.13844635137660247,2.252753496170044
E2c_h0.03_e0.2_L2_alibi_learn_attn_cf0.2_s2,0.03,0.2,2,0,0.25,0.0366952380179485,0.31548896614407446,2.112487554550171
E2c_h0.03_e0.2_L2_alibi_learn_attn_cf0.2_s2,0.03,0.2,2,0,0.5,0.055406445591395535,0.35597045416286366,1.9980133771896362
E2c_h0.03_e0.2_L2_alibi_learn_attn_cf0.2_s2,0.03,0.2,2,0,0.71,0.0759721965182135,0.3554100173898725,1.9625362157821655
E2c_h0.03_e0.2_L2_alibi_learn_attn_cf0.2_s2,0.03,0.2,2,0,1.0,0.09584340305924426,0.3101851563619687,1.9491525888442993
E2c_h0.03_e0.2_L2_alibi_learn_attn_cf0.2_s2,0.03,0.2,2,0,1.41,0.11996883021710172,0.25830065979193134,1.9638774394989014
E2c_h0.03_e0.2_L2_alibi_learn_attn_cf0.2_s2,0.03,0.2,2,0,2.0,0.1549564258712076,0.21374519534155537,2.0169761180877686
E2c_h0.03_e0.2_L2_alibi_learn_attn_cf0.2_s2,0.03,0.2,2,0,4.0,0.2571730394115157,0.1334116503759046,2.2457938194274902
E2c_h0.03_e0.2_L3_alibi_learn_attn_cf0.2_s0,0.03,0.2,3,0,0.25,0.00010000000000000009,0.41051906859387904,2.0877606868743896
E2c_h0.03_e0.2_L3_alibi_learn_attn_cf0.2_s0,0.03,0.2,3,0,0.5,0.037060055340516374,0.2726878439598842,1.976271390914917
E2c_h0.03_e0.2_L3_alibi_learn_attn_cf0.2_s0,0.03,0.2,3,0,0.71,0.043577450622134244,0.2559408048653818,1.941596508026123
E2c_h0.03_e0.2_L3_alibi_learn_attn_cf0.2_s0,0.03,0.2,3,0,1.0,0.0545554617020783,0.2296505304034489,1.9275203943252563
E2c_h0.03_e0.2_L3_alibi_learn_attn_cf0.2_s0,0.03,0.2,3,0,1.41,0.07485962207813812,0.20415696700841268,1.9417222738265991
E2c_h0.03_e0.2_L3_alibi_learn_attn_cf0.2_s0,0.03,0.2,3,0,2.0,0.1049962857117295,0.17936320812662646,1.9977586269378662
E2c_h0.03_e0.2_L3_alibi_learn_attn_cf0.2_s0,0.03,0.2,3,0,4.0,0.19233125549687002,0.10060217136191806,3.28851056098938
E2c_h0.03_e0.2_L3_alibi_learn_attn_cf0.2_s1,0.03,0.2,3,0,0.25,0.00010000000000000009,0.41051906859387904,2.087124824523926
E2c_h0.03_e0.2_L3_alibi_learn_attn_cf0.2_s1,0.03,0.2,3,0,0.5,0.035094811530431896,0.2642881892398102,1.9755566120147705
E2c_h0.03_e0.2_L3_alibi_learn_attn_cf0.2_s1,0.03,0.2,3,0,0.71,0.041946574677404695,0.2458845922722123,1.9407896995544434
E2c_h0.03_e0.2_L3_alibi_learn_attn_cf0.2_s1,0.03,0.2,3,0,1.0,0.052326768544890954,0.2165797231006929,1.9265053272247314
E2c_h0.03_e0.2_L3_alibi_learn_attn_cf0.2_s1,0.03,0.2,3,0,1.41,0.07060541339978552,0.185082442915322,1.9469516277313232
E2c_h0.03_e0.2_L3_alibi_learn_attn_cf0.2_s1,0.03,0.2,3,0,2.0,0.0973031000450908,0.15285733191728737,2.0612335205078125
E2c_h0.03_e0.2_L3_alibi_learn_attn_cf0.2_s1,0.03,0.2,3,0,4.0,0.18805296030228696,0.08918290713110467,3.0851011276245117
E2c_h0.03_e0.2_L3_alibi_learn_attn_cf0.2_s2,0.03,0.2,3,0,0.25,0.00010000000000000009,0.41051906859387904,2.084418773651123
E2c_h0.03_e0.2_L3_alibi_learn_attn_cf0.2_s2,0.03,0.2,3,0,0.5,0.03619877160863234,0.27020694228386427,1.9736651182174683
E2c_h0.03_e0.2_L3_alibi_learn_attn_cf0.2_s2,0.03,0.2,3,0,0.71,0.04238319466212633,0.24861842631863784,1.940561056137085
E2c_h0.03_e0.2_L3_alibi_learn_attn_cf0.2_s2,0.03,0.2,3,0,1.0,0.054894650818524314,0.21875407299467076,1.9286727905273438
E2c_h0.03_e0.2_L3_alibi_learn_attn_cf0.2_s2,0.03,0.2,3,0,1.41,0.0777827248551747,0.19246331970914496,1.9472105503082275
E2c_h0.03_e0.2_L3_alibi_learn_attn_cf0.2_s2,0.03,0.2,3,0,2.0,0.10846125504621211,0.1633874271662914,2.0162384510040283
E2c_h0.03_e0.2_L3_alibi_learn_attn_cf0.2_s2,0.03,0.2,3,0,4.0,0.1617902310084594,0.07383623776540957,3.3655612468719482
E3_h0.01_e0.1_L2_alibi_learn_attn_d256_s0,0.01,0.1,2,0,0.25,0.00010000000000000009,0.28814284811894797,1.1367502212524414
E3_h0.01_e0.1_L2_alibi_learn_attn_d256_s0,0.01,0.1,2,0,0.5,0.012245381194662685,0.27754780576573446,1.085873007774353
E3_h0.01_e0.1_L2_alibi_learn_attn_d256_s0,0.01,0.1,2,0,0.71,0.024512101551661104,0.22662134768766293,1.069986343383789
E3_h0.01_e0.1_L2_alibi_learn_attn_d256_s0,0.01,0.1,2,0,1.0,0.052648449286752816,0.20145400571912825,1.0641148090362549
E3_h0.01_e0.1_L2_alibi_learn_attn_d256_s0,0.01,0.1,2,0,1.41,0.07028212243830621,0.16384364255589126,1.0726553201675415
E3_h0.01_e0.1_L2_alibi_learn_attn_d256_s0,0.01,0.1,2,0,2.0,0.10128018273294193,0.131051231380173,1.1274060010910034
E3_h0.01_e0.1_L2_alibi_learn_attn_d256_s0,0.01,0.1,2,0,4.0,0.1773142682723071,0.07560852080235354,1.4654698371887207
E3_h0.01_e0.1_L2_alibi_learn_attn_d256_s1,0.01,0.1,2,0,0.25,0.00010000000000000009,0.28814284811894797,1.1351540088653564
E3_h0.01_e0.1_L2_alibi_learn_attn_d256_s1,0.01,0.1,2,0,0.5,0.012241152061786456,0.27955795624710444,1.0868310928344727
E3_h0.01_e0.1_L2_alibi_learn_attn_d256_s1,0.01,0.1,2,0,0.71,0.02509553362314156,0.23082913246675085,1.0698782205581665
E3_h0.01_e0.1_L2_alibi_learn_attn_d256_s1,0.01,0.1,2,0,1.0,0.052923069217947705,0.2061751572261036,1.0637561082839966
E3_h0.01_e0.1_L2_alibi_learn_attn_d256_s1,0.01,0.1,2,0,1.41,0.07266786646964374,0.17166534217544666,1.0727577209472656
E3_h0.01_e0.1_L2_alibi_learn_attn_d256_s1,0.01,0.1,2,0,2.0,0.10186004799966887,0.13649696533660807,1.1277744770050049
E3_h0.01_e0.1_L2_alibi_learn_attn_d256_s1,0.01,0.1,2,0,4.0,0.17554781187980165,0.07778613273313173,1.4507770538330078
E3_h0.01_e0.1_L2_alibi_learn_attn_st60000_s0,0.01,0.1,2,0,0.25,0.00010000000000000009,0.24140435435056756,1.257828712463379
E3_h0.01_e0.1_L2_alibi_learn_attn_st60000_s0,0.01,0.1,2,0,0.5,0.011975465484649003,0.2875314112705382,1.092311978340149
E3_h0.01_e0.1_L2_alibi_learn_attn_st60000_s0,0.01,0.1,2,0,0.71,0.02283481262536423,0.2515193709676104,1.0746246576309204
E3_h0.01_e0.1_L2_alibi_learn_attn_st60000_s0,0.01,0.1,2,0,1.0,0.05055682250176933,0.2365258841676156,1.0706535577774048
E3_h0.01_e0.1_L2_alibi_learn_attn_st60000_s0,0.01,0.1,2,0,1.41,0.0740386590290102,0.21331690770258607,1.0827542543411255
E3_h0.01_e0.1_L2_alibi_learn_attn_st60000_s0,0.01,0.1,2,0,2.0,0.10485648292648068,0.17471361789959872,1.1439716815948486
E3_h0.01_e0.1_L2_alibi_learn_attn_st60000_s0,0.01,0.1,2,0,4.0,0.18297982959810213,0.10097670589291921,1.4596796035766602
E3_h0.01_e0.1_L2_alibi_learn_attn_st60000_s1,0.01,0.1,2,0,0.25,0.00010000000000000009,0.41051906859387904,1.2586455345153809
E3_h0.01_e0.1_L2_alibi_learn_attn_st60000_s1,0.01,0.1,2,0,0.5,0.01965105079829397,0.3266635615461732,1.0994657278060913
E3_h0.01_e0.1_L2_alibi_learn_attn_st60000_s1,0.01,0.1,2,0,0.71,0.04176869675152111,0.3077618107280944,1.0802183151245117
E3_h0.01_e0.1_L2_alibi_learn_attn_st60000_s1,0.01,0.1,2,0,1.0,0.06165711456596073,0.27329607513342413,1.0758111476898193
E3_h0.01_e0.1_L2_alibi_learn_attn_st60000_s1,0.01,0.1,2,0,1.41,0.0888616429767105,0.22743922038874445,1.0800156593322754
E3_h0.01_e0.1_L2_alibi_learn_attn_st60000_s1,0.01,0.1,2,0,2.0,0.12110227040176161,0.17942813557528112,1.0978986024856567
E3_h0.01_e0.1_L2_alibi_learn_attn_st60000_s1,0.01,0.1,2,0,4.0,0.2055499007843574,0.10145282463487917,1.2195460796356201
E3_h0.03_e0.2_L2_alibi_learn_attn_d256_s0,0.03,0.2,2,0,0.25,0.006502068813563751,0.3359898345859896,2.0709760189056396
E3_h0.03_e0.2_L2_alibi_learn_attn_d256_s0,0.03,0.2,2,0,0.5,0.040075130864692124,0.28224416880721565,1.963906168937683
E3_h0.03_e0.2_L2_alibi_learn_attn_d256_s0,0.03,0.2,2,0,0.71,0.060563305439260674,0.2629880343027897,1.9293217658996582
E3_h0.03_e0.2_L2_alibi_learn_attn_d256_s0,0.03,0.2,2,0,1.0,0.09118622878798535,0.23378615641796133,1.9163984060287476
E3_h0.03_e0.2_L2_alibi_learn_attn_d256_s0,0.03,0.2,2,0,1.41,0.11288990196680021,0.17418383406955076,1.9334943294525146
E3_h0.03_e0.2_L2_alibi_learn_attn_d256_s0,0.03,0.2,2,0,2.0,0.1451231650194941,0.12568758096698276,1.9892818927764893
E3_h0.03_e0.2_L2_alibi_learn_attn_d256_s0,0.03,0.2,2,0,4.0,0.2576692413871963,0.08302630118888031,2.311145782470703
E3_h0.03_e0.2_L2_alibi_learn_attn_d256_s1,0.03,0.2,2,0,0.25,0.005125119056798896,0.3332230281362374,2.051063060760498
E3_h0.03_e0.2_L2_alibi_learn_attn_d256_s1,0.03,0.2,2,0,0.5,0.03345586635381447,0.27156435584307365,1.953117847442627
E3_h0.03_e0.2_L2_alibi_learn_attn_d256_s1,0.03,0.2,2,0,0.71,0.0577093226433543,0.25846013155865233,1.9264445304870605
E3_h0.03_e0.2_L2_alibi_learn_attn_d256_s1,0.03,0.2,2,0,1.0,0.08561965596761427,0.2321524912747275,1.9149444103240967
E3_h0.03_e0.2_L2_alibi_learn_attn_d256_s1,0.03,0.2,2,0,1.41,0.11142848024948619,0.18401634895438576,1.9303052425384521
E3_h0.03_e0.2_L2_alibi_learn_attn_d256_s1,0.03,0.2,2,0,2.0,0.14187523021941936,0.13495493853918433,2.008948802947998
E3_h0.03_e0.2_L2_alibi_learn_attn_d256_s1,0.03,0.2,2,0,4.0,0.2478299472397235,0.08969121924567727,2.399632215499878
E3_h0.03_e0.2_L2_alibi_learn_attn_st60000_s0,0.03,0.2,2,0,0.25,0.024989454430789492,0.33403989061507455,2.0476694107055664
E3_h0.03_e0.2_L2_alibi_learn_attn_st60000_s0,0.03,0.2,2,0,0.5,0.060728991064747696,0.32787090098562727,1.9529078006744385
E3_h0.03_e0.2_L2_alibi_learn_attn_st60000_s0,0.03,0.2,2,0,0.71,0.08163985936405566,0.28340321051195394,1.9301549196243286
E3_h0.03_e0.2_L2_alibi_learn_attn_st60000_s0,0.03,0.2,2,0,1.0,0.10494653429098852,0.22755776381995596,1.9232728481292725
E3_h0.03_e0.2_L2_alibi_learn_attn_st60000_s0,0.03,0.2,2,0,1.41,0.1372330270382323,0.17589583104618,1.9339438676834106
E3_h0.03_e0.2_L2_alibi_learn_attn_st60000_s0,0.03,0.2,2,0,2.0,0.1681215008361933,0.12694887733516583,1.9700956344604492
E3_h0.03_e0.2_L2_alibi_learn_attn_st60000_s0,0.03,0.2,2,0,4.0,0.2464761581674467,0.07147858155624207,2.305176258087158
E3_h0.03_e0.2_L2_alibi_learn_attn_st60000_s1,0.03,0.2,2,0,0.25,0.024216988518501088,0.34851601063941307,2.049177646636963
E3_h0.03_e0.2_L2_alibi_learn_attn_st60000_s1,0.03,0.2,2,0,0.5,0.05673123924768411,0.3300046771752069,1.956549882888794
E3_h0.03_e0.2_L2_alibi_learn_attn_st60000_s1,0.03,0.2,2,0,0.71,0.07661859434220372,0.2930783227828632,1.9322478771209717
E3_h0.03_e0.2_L2_alibi_learn_attn_st60000_s1,0.03,0.2,2,0,1.0,0.09927607394668043,0.24195992417730638,1.923672080039978
E3_h0.03_e0.2_L2_alibi_learn_attn_st60000_s1,0.03,0.2,2,0,1.41,0.12958044901974775,0.18865507439218232,1.935402274131775
E3_h0.03_e0.2_L2_alibi_learn_attn_st60000_s1,0.03,0.2,2,0,2.0,0.1627227348856676,0.13508065536153846,1.9749705791473389
E3_h0.03_e0.2_L2_alibi_learn_attn_st60000_s1,0.03,0.2,2,0,4.0,0.27026192700160523,0.07733185311634229,2.272590160369873
E4h_h0.01_e0.1_L2_alibi_learn_attn_b256_s0,0.01,0.1,2,0,0.25,0.004662819227824023,0.29260278673728407,1.3715732097625732
E4h_h0.01_e0.1_L2_alibi_learn_attn_b256_s0,0.01,0.1,2,0,0.5,0.015305750559454396,0.25876677036306384,1.10577392578125
E4h_h0.01_e0.1_L2_alibi_learn_attn_b256_s0,0.01,0.1,2,0,0.71,0.02784520096563397,0.22677043984349868,1.0771280527114868
E4h_h0.01_e0.1_L2_alibi_learn_attn_b256_s0,0.01,0.1,2,0,1.0,0.0561328024110754,0.22582001165596358,1.0709800720214844
E4h_h0.01_e0.1_L2_alibi_learn_attn_b256_s0,0.01,0.1,2,0,1.41,0.08693186741442253,0.21754395130820542,1.0822982788085938
E4h_h0.01_e0.1_L2_alibi_learn_attn_b256_s0,0.01,0.1,2,0,2.0,0.12136749378469938,0.1857521043508271,1.1289739608764648
E4h_h0.01_e0.1_L2_alibi_learn_attn_b256_s0,0.01,0.1,2,0,4.0,0.21433943743179967,0.11334959620245164,1.3992432355880737
E4h_h0.01_e0.1_L2_alibi_learn_attn_b256_s1,0.01,0.1,2,0,0.25,0.005174980039705083,0.3436968366673925,1.1427233219146729
E4h_h0.01_e0.1_L2_alibi_learn_attn_b256_s1,0.01,0.1,2,0,0.5,0.023246943711571683,0.3037791443330364,1.0892622470855713
E4h_h0.01_e0.1_L2_alibi_learn_attn_b256_s1,0.01,0.1,2,0,0.71,0.04367296186720667,0.28358260994781426,1.0771673917770386
E4h_h0.01_e0.1_L2_alibi_learn_attn_b256_s1,0.01,0.1,2,0,1.0,0.0609178438802563,0.2558347156181043,1.0734384059906006
E4h_h0.01_e0.1_L2_alibi_learn_attn_b256_s1,0.01,0.1,2,0,1.41,0.08869630461468411,0.22334829022496083,1.0791674852371216
E4h_h0.01_e0.1_L2_alibi_learn_attn_b256_s1,0.01,0.1,2,0,2.0,0.11618663121934483,0.17380307154742045,1.1067476272583008
E4h_h0.01_e0.1_L2_alibi_learn_attn_b256_s1,0.01,0.1,2,0,4.0,0.19296634294863985,0.09258533189009091,1.3174594640731812
E4h_h0.01_e0.1_L2_alibi_learn_attn_lr0.0003_s0,0.01,0.1,2,0,0.25,0.008056853896450387,0.28577256288311775,1.1626418828964233
E4h_h0.01_e0.1_L2_alibi_learn_attn_lr0.0003_s0,0.01,0.1,2,0,0.5,0.02559358060320389,0.2309537270754296,1.0994288921356201
E4h_h0.01_e0.1_L2_alibi_learn_attn_lr0.0003_s0,0.01,0.1,2,0,0.71,0.04544987148830741,0.21126938242487484,1.080203652381897
E4h_h0.01_e0.1_L2_alibi_learn_attn_lr0.0003_s0,0.01,0.1,2,0,1.0,0.06481249962829588,0.19192547184680947,1.0754774808883667
E4h_h0.01_e0.1_L2_alibi_learn_attn_lr0.0003_s0,0.01,0.1,2,0,1.41,0.096611104850661,0.1712878938067341,1.0822957754135132
E4h_h0.01_e0.1_L2_alibi_learn_attn_lr0.0003_s0,0.01,0.1,2,0,2.0,0.13494125675872068,0.14249099973976015,1.1049363613128662
E4h_h0.01_e0.1_L2_alibi_learn_attn_lr0.0003_s0,0.01,0.1,2,0,4.0,0.2400031114957574,0.08854028155969054,1.3275998830795288
E4h_h0.01_e0.1_L2_alibi_learn_attn_lr0.0003_s1,0.01,0.1,2,0,0.25,0.0007006140754795261,0.3439304197534411,1.1594953536987305
E4h_h0.01_e0.1_L2_alibi_learn_attn_lr0.0003_s1,0.01,0.1,2,0,0.5,0.021744841016241738,0.261600927297419,1.0975044965744019
E4h_h0.01_e0.1_L2_alibi_learn_attn_lr0.0003_s1,0.01,0.1,2,0,0.71,0.041629504196057404,0.23162270688046044,1.0807805061340332
E4h_h0.01_e0.1_L2_alibi_learn_attn_lr0.0003_s1,0.01,0.1,2,0,1.0,0.059394118287626606,0.20922238316537234,1.0758689641952515
E4h_h0.01_e0.1_L2_alibi_learn_attn_lr0.0003_s1,0.01,0.1,2,0,1.41,0.0869803462803382,0.18079834827043864,1.0826188325881958
E4h_h0.01_e0.1_L2_alibi_learn_attn_lr0.0003_s1,0.01,0.1,2,0,2.0,0.11942516727835041,0.14559139970642018,1.1127864122390747
E4h_h0.01_e0.1_L2_alibi_learn_attn_lr0.0003_s1,0.01,0.1,2,0,4.0,0.21259001697030389,0.08540323492108762,1.359734058380127
E4h_h0.01_e0.1_L2_alibi_learn_attn_lr0.003_s0,0.01,0.1,2,0,0.25,0.006226969985851535,0.34310572516398463,1.1737914085388184
E4h_h0.01_e0.1_L2_alibi_learn_attn_lr0.003_s0,0.01,0.1,2,0,0.5,0.01953683887534306,0.27744770982159367,1.0968923568725586
E4h_h0.01_e0.1_L2_alibi_learn_attn_lr0.003_s0,0.01,0.1,2,0,0.71,0.04163821046681114,0.24654551204268543,1.0782064199447632
E4h_h0.01_e0.1_L2_alibi_learn_attn_lr0.003_s0,0.01,0.1,2,0,1.0,0.061002920800942384,0.22305263822582508,1.0734575986862183
E4h_h0.01_e0.1_L2_alibi_learn_attn_lr0.003_s0,0.01,0.1,2,0,1.41,0.09056030262777816,0.19735848838775302,1.079847812652588
E4h_h0.01_e0.1_L2_alibi_learn_attn_lr0.003_s0,0.01,0.1,2,0,2.0,0.12133064285312571,0.15694521395974376,1.1286336183547974
E4h_h0.01_e0.1_L2_alibi_learn_attn_lr0.003_s0,0.01,0.1,2,0,4.0,0.20526857663275466,0.08900947468495053,1.4684616327285767
E4h_h0.01_e0.1_L2_alibi_learn_attn_lr0.003_s1,0.01,0.1,2,0,0.25,0.003105729228336908,0.3301062678863634,1.1746854782104492
E4h_h0.01_e0.1_L2_alibi_learn_attn_lr0.003_s1,0.01,0.1,2,0,0.5,0.021660174779805683,0.27538774265190225,1.0924636125564575
E4h_h0.01_e0.1_L2_alibi_learn_attn_lr0.003_s1,0.01,0.1,2,0,0.71,0.045853963962381276,0.24824741285746135,1.0766997337341309
E4h_h0.01_e0.1_L2_alibi_learn_attn_lr0.003_s1,0.01,0.1,2,0,1.0,0.06321553974839644,0.21654304078214928,1.0731109380722046
E4h_h0.01_e0.1_L2_alibi_learn_attn_lr0.003_s1,0.01,0.1,2,0,1.41,0.0917805818808353,0.1810817868816674,1.0797829627990723
E4h_h0.01_e0.1_L2_alibi_learn_attn_lr0.003_s1,0.01,0.1,2,0,2.0,0.12002795942236742,0.13682615748690335,1.127982258796692
E4h_h0.01_e0.1_L2_alibi_learn_attn_lr0.003_s1,0.01,0.1,2,0,4.0,0.2084540590755479,0.07547146323717913,1.4661945104599
E4h_h0.03_e0.2_L2_alibi_learn_attn_b256_s0,0.03,0.2,2,0,0.25,0.0283045483651579,0.32858151161070065,2.0554890632629395
E4h_h0.03_e0.2_L2_alibi_learn_attn_b256_s0,0.03,0.2,2,0,0.5,0.05860651206259189,0.32770436564284755,1.9579157829284668
E4h_h0.03_e0.2_L2_alibi_learn_attn_b256_s0,0.03,0.2,2,0,0.71,0.07661295156889711,0.2924464065344529,1.9335193634033203
E4h_h0.03_e0.2_L2_alibi_learn_attn_b256_s0,0.03,0.2,2,0,1.0,0.09914488736754236,0.2457651690167856,1.925531029701233
E4h_h0.03_e0.2_L2_alibi_learn_attn_b256_s0,0.03,0.2,2,0,1.41,0.12780271718576322,0.19600242838599716,1.9339661598205566
E4h_h0.03_e0.2_L2_alibi_learn_attn_b256_s0,0.03,0.2,2,0,2.0,0.16104323261555437,0.1461116657506363,1.9659273624420166
E4h_h0.03_e0.2_L2_alibi_learn_attn_b256_s0,0.03,0.2,2,0,4.0,0.24724381729544756,0.08174690303141234,2.198047399520874
E4h_h0.03_e0.2_L2_alibi_learn_attn_b256_s1,0.03,0.2,2,0,0.25,0.03926954021619422,0.3476920216705455,2.00850772857666
E4h_h0.03_e0.2_L2_alibi_learn_attn_b256_s1,0.03,0.2,2,0,0.5,0.06609946325810044,0.3518706972742838,1.9525314569473267
E4h_h0.03_e0.2_L2_alibi_learn_attn_b256_s1,0.03,0.2,2,0,0.71,0.08676145273139121,0.32779797597701277,1.935646414756775
E4h_h0.03_e0.2_L2_alibi_learn_attn_b256_s1,0.03,0.2,2,0,1.0,0.10957120552694175,0.2850981448907712,1.9289860725402832
E4h_h0.03_e0.2_L2_alibi_learn_attn_b256_s1,0.03,0.2,2,0,1.41,0.13950542202518432,0.2366157952227535,1.9395796060562134
E4h_h0.03_e0.2_L2_alibi_learn_attn_b256_s1,0.03,0.2,2,0,2.0,0.1695890553474989,0.18056589860896424,1.9773814678192139
E4h_h0.03_e0.2_L2_alibi_learn_attn_b256_s1,0.03,0.2,2,0,4.0,0.252530937725032,0.09932391977469825,2.1689295768737793
E4h_h0.03_e0.2_L2_alibi_learn_attn_lr0.0003_s0,0.03,0.2,2,0,0.25,0.02160851249457642,0.26806232066823177,2.064504861831665
E4h_h0.03_e0.2_L2_alibi_learn_attn_lr0.0003_s0,0.03,0.2,2,0,0.5,0.05235850561144533,0.24896610228172467,1.9753401279449463
E4h_h0.03_e0.2_L2_alibi_learn_attn_lr0.0003_s0,0.03,0.2,2,0,0.71,0.07208050275699542,0.22872623909313133,1.9396015405654907
E4h_h0.03_e0.2_L2_alibi_learn_attn_lr0.0003_s0,0.03,0.2,2,0,1.0,0.09814258943008819,0.2048762343723566,1.9290671348571777
E4h_h0.03_e0.2_L2_alibi_learn_attn_lr0.0003_s0,0.03,0.2,2,0,1.41,0.12907539032657714,0.1718619532858429,1.945951223373413
E4h_h0.03_e0.2_L2_alibi_learn_attn_lr0.0003_s0,0.03,0.2,2,0,2.0,0.1705648240626641,0.13800594371461367,2.0596559047698975
E4h_h0.03_e0.2_L2_alibi_learn_attn_lr0.0003_s0,0.03,0.2,2,0,4.0,0.27637033652724274,0.08514194465662293,2.4964029788970947
E4h_h0.03_e0.2_L2_alibi_learn_attn_lr0.0003_s1,0.03,0.2,2,0,0.25,0.018153967221218977,0.2899813486334639,2.0613911151885986
E4h_h0.03_e0.2_L2_alibi_learn_attn_lr0.0003_s1,0.03,0.2,2,0,0.5,0.05086333630933303,0.26587448687832316,1.9651565551757812
E4h_h0.03_e0.2_L2_alibi_learn_attn_lr0.0003_s1,0.03,0.2,2,0,0.71,0.07069499290471044,0.24232663237189203,1.9377046823501587
E4h_h0.03_e0.2_L2_alibi_learn_attn_lr0.0003_s1,0.03,0.2,2,0,1.0,0.09794601861255497,0.21407785930930445,1.9284428358078003
E4h_h0.03_e0.2_L2_alibi_learn_attn_lr0.0003_s1,0.03,0.2,2,0,1.41,0.12827244397715665,0.17363013888529805,1.9449162483215332
E4h_h0.03_e0.2_L2_alibi_learn_attn_lr0.0003_s1,0.03,0.2,2,0,2.0,0.16389460991448726,0.13184912838646856,2.025538206100464
E4h_h0.03_e0.2_L2_alibi_learn_attn_lr0.0003_s1,0.03,0.2,2,0,4.0,0.26634049265522836,0.07481183488988838,2.391008138656616
E4h_h0.03_e0.2_L2_alibi_learn_attn_lr0.003_s0,0.03,0.2,2,0,0.25,0.02261346345571955,0.3122750603342252,2.150020122528076
E4h_h0.03_e0.2_L2_alibi_learn_attn_lr0.003_s0,0.03,0.2,2,0,0.5,0.05875139681178419,0.29274223505845537,1.9708285331726074
E4h_h0.03_e0.2_L2_alibi_learn_attn_lr0.003_s0,0.03,0.2,2,0,0.71,0.08311860016292434,0.26499726568258314,1.9370083808898926
E4h_h0.03_e0.2_L2_alibi_learn_attn_lr0.003_s0,0.03,0.2,2,0,1.0,0.10615129933553066,0.2197408713309233,1.9272644519805908
E4h_h0.03_e0.2_L2_alibi_learn_attn_lr0.003_s0,0.03,0.2,2,0,1.41,0.1374551134805681,0.17220462594738245,1.937711238861084
E4h_h0.03_e0.2_L2_alibi_learn_attn_lr0.003_s0,0.03,0.2,2,0,2.0,0.17121641168309554,0.12786884090282202,1.9817874431610107
E4h_h0.03_e0.2_L2_alibi_learn_attn_lr0.003_s0,0.03,0.2,2,0,4.0,0.26599198999597995,0.0723991821992478,2.2570722103118896
E4h_h0.03_e0.2_L2_alibi_learn_attn_lr0.003_s1,0.03,0.2,2,0,0.25,0.023546117553799338,0.3182706398031708,2.121779441833496
E4h_h0.03_e0.2_L2_alibi_learn_attn_lr0.003_s1,0.03,0.2,2,0,0.5,0.05948878575680132,0.2994690768403128,1.9685744047164917
E4h_h0.03_e0.2_L2_alibi_learn_attn_lr0.003_s1,0.03,0.2,2,0,0.71,0.08450389050052509,0.2731731535348383,1.9371232986450195
E4h_h0.03_e0.2_L2_alibi_learn_attn_lr0.003_s1,0.03,0.2,2,0,1.0,0.11006403262484923,0.23000760786718388,1.9277286529541016
E4h_h0.03_e0.2_L2_alibi_learn_attn_lr0.003_s1,0.03,0.2,2,0,1.41,0.14572064934838727,0.1859615018570288,1.9378347396850586
E4h_h0.03_e0.2_L2_alibi_learn_attn_lr0.003_s1,0.03,0.2,2,0,2.0,0.1808288395664131,0.13918144735226948,1.9699290990829468
E4h_h0.03_e0.2_L2_alibi_learn_attn_lr0.003_s1,0.03,0.2,2,0,4.0,0.29116822939256276,0.0863571896608854,2.1578428745269775
E4r_h0.01_e0.1_L2_alibi_learn_attn_s0,0.01,0.1,2,0,0.25,0.008307620916469194,0.31357970423942955,1.2428102493286133
E4r_h0.01_e0.1_L2_alibi_learn_attn_s0,0.01,0.1,2,0,0.5,0.018487449367557602,0.26108773427708376,1.0922833681106567
E4r_h0.01_e0.1_L2_alibi_learn_attn_s0,0.01,0.1,2,0,0.71,0.036423793892286074,0.23077573318214836,1.0766607522964478
E4r_h0.01_e0.1_L2_alibi_learn_attn_s0,0.01,0.1,2,0,1.0,0.05771491220657184,0.21649504237187567,1.0726349353790283
E4r_h0.01_e0.1_L2_alibi_learn_attn_s0,0.01,0.1,2,0,1.41,0.08367154489468277,0.19193347936972607,1.0832154750823975
E4r_h0.01_e0.1_L2_alibi_learn_attn_s0,0.01,0.1,2,0,2.0,0.11153193690392497,0.1522501666776117,1.1304528713226318
E4r_h0.01_e0.1_L2_alibi_learn_attn_s0,0.01,0.1,2,0,4.0,0.19569650916676698,0.08593799328535699,1.3868231773376465
E4r_h0.01_e0.1_L2_alibi_learn_attn_s3,0.01,0.1,2,0,0.25,0.005855393410216216,0.34827931004045415,1.1680517196655273
E4r_h0.01_e0.1_L2_alibi_learn_attn_s3,0.01,0.1,2,0,0.5,0.02256422886019279,0.28804155090513434,1.092776894569397
E4r_h0.01_e0.1_L2_alibi_learn_attn_s3,0.01,0.1,2,0,0.71,0.045871967375603666,0.2649819934924939,1.076206088066101
E4r_h0.01_e0.1_L2_alibi_learn_attn_s3,0.01,0.1,2,0,1.0,0.06264256163376153,0.23349545654114334,1.0723214149475098
E4r_h0.01_e0.1_L2_alibi_learn_attn_s3,0.01,0.1,2,0,1.41,0.09430690716189573,0.2033948067872178,1.0786117315292358
E4r_h0.01_e0.1_L2_alibi_learn_attn_s3,0.01,0.1,2,0,2.0,0.12324431574017788,0.15602434724491723,1.1251884698867798
E4r_h0.01_e0.1_L2_alibi_learn_attn_s3,0.01,0.1,2,0,4.0,0.21416253043100647,0.08884821867022605,1.4949390888214111
E4r_h0.01_e0.1_L2_alibi_learn_attn_s4,0.01,0.1,2,0,0.25,0.003005605485293311,0.34176445663903054,1.1757210493087769
E4r_h0.01_e0.1_L2_alibi_learn_attn_s4,0.01,0.1,2,0,0.5,0.019580186942380527,0.2784920863164192,1.0922077894210815
E4r_h0.01_e0.1_L2_alibi_learn_attn_s4,0.01,0.1,2,0,0.71,0.03928331119206671,0.24127013201732286,1.0768091678619385
E4r_h0.01_e0.1_L2_alibi_learn_attn_s4,0.01,0.1,2,0,1.0,0.058268167961809544,0.21653143017873464,1.073477864265442
E4r_h0.01_e0.1_L2_alibi_learn_attn_s4,0.01,0.1,2,0,1.41,0.08565090023237844,0.1834538144901197,1.079933524131775
E4r_h0.01_e0.1_L2_alibi_learn_attn_s4,0.01,0.1,2,0,2.0,0.1159040567246182,0.14195403878924107,1.121801495552063
E4r_h0.01_e0.1_L2_alibi_learn_attn_s4,0.01,0.1,2,0,4.0,0.2091516127590412,0.08156787416983294,1.4247006177902222
E4r_h0.01_e0.1_L3_alibi_learn_attn_s0,0.01,0.1,3,0,0.25,1.0000000000019235e-05,0.026579705723708835,1.1346254348754883
E4r_h0.01_e0.1_L3_alibi_learn_attn_s0,0.01,0.1,3,0,0.5,0.000520786790483656,0.06696336473904474,1.082513689994812
E4r_h0.01_e0.1_L3_alibi_learn_attn_s0,0.01,0.1,3,0,0.71,0.005233651118550998,0.08262739441727025,1.0668659210205078
E4r_h0.01_e0.1_L3_alibi_learn_attn_s0,0.01,0.1,3,0,1.0,0.020232432098514816,0.06818536032233724,1.0604277849197388
E4r_h0.01_e0.1_L3_alibi_learn_attn_s0,0.01,0.1,3,0,1.41,0.04028474843928712,0.05931735395409929,1.070623517036438
E4r_h0.01_e0.1_L3_alibi_learn_attn_s0,0.01,0.1,3,0,2.0,0.07928377094587179,0.05600013362873154,1.1394344568252563
E4r_h0.01_e0.1_L3_alibi_learn_attn_s0,0.01,0.1,3,0,4.0,0.2371073892437671,0.08393732244810982,2.814204216003418
E4r_h0.03_e0.2_L2_alibi_learn_attn_s0,0.03,0.2,2,0,0.25,0.02434758779033361,0.3321704874472539,2.048705577850342
E4r_h0.03_e0.2_L2_alibi_learn_attn_s0,0.03,0.2,2,0,0.5,0.05921512483021852,0.3251161058448469,1.9586938619613647
E4r_h0.03_e0.2_L2_alibi_learn_attn_s0,0.03,0.2,2,0,0.71,0.07997925028763857,0.28645126952683475,1.9352668523788452
E4r_h0.03_e0.2_L2_alibi_learn_attn_s0,0.03,0.2,2,0,1.0,0.1011967501321598,0.232484445714136,1.9265309572219849
E4r_h0.03_e0.2_L2_alibi_learn_attn_s0,0.03,0.2,2,0,1.41,0.13012228216572935,0.1795798359321598,1.9390157461166382
E4r_h0.03_e0.2_L2_alibi_learn_attn_s0,0.03,0.2,2,0,2.0,0.1589819995476129,0.12826989980700615,1.9893155097961426
E4r_h0.03_e0.2_L2_alibi_learn_attn_s0,0.03,0.2,2,0,4.0,0.2443537132441116,0.06864075978696513,2.2793526649475098
