h,eps,n_w,G_exact,G_formula,hG,ratio
0.001,0.02,1,834.6726755653497,835.1496671759489,0.835149667175949,0.9994288549354127
0.001,0.02,2,25.683635117060426,26.293334817105173,0.026293334817105173,0.9768116252926539
0.001,0.02,3,0.44887782696541484,0.5435711477692252,0.0005435711477692252,0.8257940635877666
0.001,0.02,4,0.0,0.011096244186879262,1.1096244186879262e-05,
0.001,0.05,1,1469.2824707807958,1473.6643048875678,1.473664304887568,0.9970265724071357
0.001,0.05,2,154.97529855850553,163.1295913785012,0.1631295913785012,0.9500134049801199
0.001,0.05,3,8.553910123177184,9.282898632765543,0.009282898632765543,0.9214697328466701
0.001,0.05,4,0.24169704662579777,0.4907289893518568,0.0004907289893518568,0.4925265306723075
0.001,0.1,1,2069.3803845295424,2092.1880718567536,2.0921880718567536,0.9890986438389499
0.001,0.1,2,530.9591685960781,581.9933969062687,0.5819933969062687,0.9123113276173308
0.001,0.1,3,73.85377432394131,84.10740786541089,0.08410740786541089,0.8780888176000204
0.001,0.1,4,8.035207833811503,9.702487029440801,0.009702487029440801,0.8281596058237255
0.001,0.2,1,2700.027773667035,2831.7965011649508,2.8317965011649506,0.9534681508915953
0.001,0.2,2,1375.896102084861,1608.6330592909549,1.6086330592909548,0.855320045884996
0.001,0.2,3,538.0037719706256,692.8005491785009,0.6928005491785009,0.7765637204078029
0.001,0.2,4,161.82004130883996,223.03196093395312,0.2230319609339531,0.7255464222760434
0.001,0.3,1,2918.230744243594,3345.720699242225,3.345720699242225,0.8722278416439683
0.001,0.3,2,1992.1396069756238,2544.658173682868,2.544658173682868,0.7828712035190222
0.001,0.3,3,1264.7300693213747,1797.1572361095284,1.7971572361095285,0.703739241013353
0.001,0.3,4,722.5321000307092,1149.712056008365,1.149712056008365,0.6284461367998844
0.001,0.4,1,2613.101274742353,3774.6964271428988,3.774696427142899,0.6922679280781878
0.001,0.4,2,2162.601576502185,3380.8137140092135,3.3808137140092134,0.6396689552994079
0.001,0.4,3,1765.880691422186,2992.3815159375,2.9923815159375,0.5901255177580333
0.001,0.4,4,1414.80069586441,2611.8446656782035,2.6118446656782037,0.5416863852801278
0.003,0.02,1,277.9451908623171,278.1045139011225,0.8343135417033676,0.9994271109211047
0.003,0.02,2,8.499133513547587,8.755670253545038,0.026267010760635114,0.9707005023523376
0.003,0.02,3,0.09352641362661389,0.18100898050072176,0.0005430269415021652,0.5166948809274188
0.003,0.02,4,0.0,0.0036950449925403305,1.1085134977620992e-05,
0.003,0.05,1,489.2687971877225,490.7296395747103,1.4721889187241308,0.9970231217575245
0.003,0.05,2,51.48518797156842,54.32209039442616,0.1629662711832785,0.9477762655623277
0.003,0.05,3,2.701093324108726,3.0912016292700772,0.009273604887810231,0.873800433634778
0.003,0.05,4,0.0,0.1634125623283461,0.0004902376869850383,
0.003,0.1,1,689.0988825013242,696.6978130769776,2.090093439230933,0.9890929317804334
0.003,0.1,2,176.63164395981278,193.80357449891838,0.5814107234967552,0.9113951815207545
0.003,0.1,3,24.287868797518833,28.007734061594988,0.08402320218478497,0.8671843550108204
0.003,0.1,4,2.3465994308742317,3.2309244019444754,0.009692773205833427,0.7262935119936486
0.003,0.2,1,899.0995523730967,942.9871319788966,2.82896139593669,0.9534589835667215
0.003,0.2,2,457.9962799868181,535.6741822243166,1.60702254667295,0.8549903937595961
0.003,0.2,3,178.6823950100719,230.70231304914822,0.6921069391474447,0.7745149697394056
0.003,0.2,4,53.1751097508709,74.26955612602015,0.22280866837806046,0.7159745193662351
0.003,0.3,1,971.7579554638721,1114.123689778893,3.3423710693366795,0.8722172990116792
0.003,0.3,2,663.215299846999,847.3701807600653,2.542110542280196,0.7826748154532828
0.003,0.3,3,420.72634258976314,598.4526596797747,1.7953579790393241,0.7030235989173965
0.003,0.3,4,239.812435028271,382.8536668686761,1.1485610006060283,0.6263814500973027
0.003,0.4,1,870.151725030672,1256.9724400952396,3.7709173202857187,0.6922599869928265
0.003,0.4,2,719.9491303174136,1125.8096500285092,3.3774289500855277,0.6394945453693546
0.003,0.4,3,587.6076640794133,996.4618793545854,2.9893856380637565,0.5896940728530533
0.003,0.4,4,470.40645161900557,869.7432564271696,2.6092297692815087,0.5408566817193786
0.01,0.02,1,83.0901206869552,83.13826848986446,0.8313826848986446,0.9994208707520157
0.01,0.02,2,2.4835281250849217,2.6174737480411987,0.026174737480411988,0.9488263738818714
0.01,0.02,3,0.0,0.05411193442655194,0.0005411193442655194,
0.01,0.02,4,0.0,0.0011046194049952355,1.1046194049952355e-05,
0.01,0.05,1,146.26320280373216,146.7017271981503,1.4670172719815031,0.997010775518506
0.01,0.05,2,15.261200875890493,16.239378760131157,0.16239378760131157,0.9397650674518313
0.01,0.05,3,0.6497098009762785,0.9241027677167982,0.009241027677167982,0.7030709393734761
0.01,0.05,4,0.0,0.04885155329158399,0.00048851553291584,
0.01,0.1,1,205.9991885177912,208.27511580947902,2.08275115809479,0.9890724953730443
0.01,0.1,2,52.613206070523276,57.93682880212139,0.5793682880212139,0.9081133220152501
0.01,0.1,3,6.933430499633257,8.372803740371822,0.08372803740371822,0.8280894566060084
0.01,0.1,4,0.34870457124193227,0.9658723500432559,0.00965872350043256,0.3610255239487038
0.01,0.2,1,268.77308777142593,281.9023548421172,2.8190235484211716,0.9534261887310432
0.01,0.2,2,136.7271302270383,160.13772434016593,1.6013772434016593,0.8538096241245525
0.01,0.2,3,52.90931160892198,68.96756393652849,0.689675639365285,0.7671622511941255
0.01,0.2,4,15.13255462467981,22.202596467108968,0.22202596467108968,0.6815668900300579
0.01,0.3,1,290.49072137952294,333.0629666970759,3.330629666970759,0.8721795889235777
0.01,0.3,2,198.08749040490176,253.31803720159226,2.5331803720159227,0.7819715192537291
0.01,0.3,3,125.31523418761012,178.90510729581425,1.7890510729581426,0.7004564379506792
0.01,0.3,4,70.84125197639193,114.45262251217505,1.1445262251217505,0.6189570009097528
0.01,0.4,1,260.11781957432606,375.7670479456978,3.757670479456978,0.6922315860221883
0.01,0.4,2,215.01578714135366,336.5564393026299,3.365564393026299,0.6388699250172792
0.01,0.4,3,175.20211155616659,297.88842368502833,2.9788842368502833,0.5881467610886959
0.01,0.4,4,139.8510729066429,260.00638161450274,2.6000638161450276,0.5378755399703706
0.03,0.02,1,27.415936223431252,27.432346065510547,0.8229703819653164,0.9994018068290584
0.03,0.02,2,0.761681987232905,0.8636629915188674,0.02590988974556602,0.8819203725441389
0.03,0.02,3,0.0,0.017854801867137216,0.0005356440560141165,
0.03,0.02,4,0.0,0.00036448079012136106,1.0934423703640831e-05,
0.03,0.05,1,48.259256425690566,48.40577777246346,1.4521733331739037,0.9969730607891142
0.03,0.05,2,4.904106970465829,5.358353813817152,0.16075061441451455,0.91522641857281
0.03,0.05,3,0.05484502401939713,0.30491742713157205,0.009147522813947161,0.17986844679668462
0.03,0.05,4,0.0,0.016119083787459906,0.0004835725136237972,
0.03,0.1,1,67.96730923430755,68.72256492106828,2.0616769476320482,0.9890100771467394
0.03,0.1,2,17.167896052391903,19.116865993327643,0.5735059797998293,0.8980497147588946
0.03,0.1,3,1.9556814647018976,2.762694652132217,0.0828808395639665,0.707889112245005
0.03,0.1,4,0.0,0.31869974011696833,0.009560992203509049,
0.03,0.2,1,88.67519343629127,93.01664678828482,2.7904994036485444,0.9533260604214735
0.03,0.2,2,44.923301511232324,52.839126337810576,1.5851737901343173,0.850190088761671
0.03,0.2,3,16.94184879895809,22.756573062773427,0.6826971918832028,0.7444815505491285
0.03,0.2,4,4.21154722477621,7.325980212263717,0.21977940636791152,0.5748783238215774
0.03,0.3,1,95.83782055605263,109.89762873343548,3.2969288620030643,0.8720644991213967
0.03,0.3,2,65.18096468637148,83.58495055736135,2.5075485167208407,0.7798169915963535
0.03,0.3,3,40.88231327545937,59.031621723326964,1.7709486516998088,0.6925493842447545
0.03,0.3,4,22.504420610382816,37.764846512794485,1.1329453953838344,0.5959092301026158
0.03,0.4,1,85.81786744128038,123.98828946646111,3.7196486839938334,0.6921449421599946
0.03,0.4,2,70.734190609569,111.05033676099826,3.331510102829948,0.6369561108292955
0.03,0.4,3,57.34169882116238,98.29141833081793,2.948742549924538,0.5833845903837536
0.03,0.4,4,45.35345112759845,85.7918401386936,2.573755204160808,0.5286452773862728
0.1,0.02,1,7.925143987049109,7.930556483942635,0.7930556483942635,0.9993175136064557
0.1,0.02,2,0.1459725296314215,0.24968072803450808,0.02496807280345081,0.584636751024079
0.1,0.02,3,0.0,0.005161735506645621,0.0005161735506645621,
0.1,0.02,4,0.0,0.00010536960588302123,1.0536960588302124e-05,
0.1,0.05,1,13.949181208583356,13.993872556760186,1.3993872556760187,0.9968063630710113
0.1,0.05,2,1.2478550434955622,1.5490737642324022,0.15490737642324023,0.8055491431771166
0.1,0.05,3,0.0,0.08815013025246296,0.008815013025246296,
0.1,0.05,4,0.0,0.0046599479366649516,0.00046599479366649517,
0.1,0.1,1,19.643537650450263,19.867355913578272,1.9867355913578273,0.9887343708895333
0.1,0.1,2,4.713416850597968,5.526592045536205,0.5526592045536205,0.8528613676858899
0.1,0.1,3,0.12944313843146588,0.7986814519727454,0.07986814519727455,0.1620710461119899
0.1,0.1,4,0.0,0.09213452922982497,0.009213452922982498,
0.1,0.2,1,25.62368708848794,26.890655634768258,2.689065563476826,0.9528844308042014
0.1,0.2,2,12.739182146973627,15.275531847822247,1.5275531847822248,0.8339599742833037
0.1,0.2,3,4.210572558548815,6.578813478960583,0.6578813478960583,0.6400200540742588
0.1,0.2,4,0.1525065544119072,2.1179048899010806,0.21179048899010808,0.07200821677078718
0.1,0.3,1,27.690141616558556,31.7708645859359,3.1770864585935903,0.8715576984586133
0.1,0.3,2,18.61065823901206,24.163998588371182,2.4163998588371185,0.7701812334970238
0.1,0.3,3,11.201358181903005,17.065751842645643,1.7065751842645644,0.6563647640716249
0.1,0.3,4,5.313495037065712,10.917631604016684,1.0917631604016684,0.48668935074809033
0.1,0.4,1,24.79587023122628,35.844405382354566,3.584440538235457,0.6917640275163487
0.1,0.4,2,20.17393073106213,32.104106813933825,3.2104106813933826,0.6283909671739019
0.1,0.4,3,15.959958527109839,28.415566174977045,2.8415566174977047,0.5616625207758238
0.1,0.4,4,12.039197183388135,24.80199952481257,2.4801999524812572,0.48541236247278396
